-- Generated by scripts/generate-thai-seed.mjs from src/lib/data/thai.ts.
begin;

insert into curriculum.languages (code, name, native_name, direction, created_at)
values ('th', 'Thai', 'ภาษาไทย', 'ltr'::curriculum.app_direction, '2026-04-30T00:00:00+00:00'::timestamptz);

insert into curriculum.script_systems (id, slug, name, native_name, direction, metadata, created_at)
values ('38844b82-a8c0-58b4-ad97-483b161bc4db'::uuid, 'thai', 'Thai script', 'อักษรไทย', 'ltr'::curriculum.app_direction, '{}'::jsonb, '2026-04-30T00:00:00+00:00'::timestamptz);

insert into curriculum.courses (id, slug, language_code, script_system_id, name, native_name, hero_title, hero_subtitle, seo_title, seo_description, ui_config, is_active, created_at, updated_at)
values ('7bd9a3e7-a301-5ba5-a796-b90d39498730'::uuid, 'thai', 'th', '38844b82-a8c0-58b4-ad97-483b161bc4db'::uuid, 'Thai', 'ภาษาไทย', 'Learn to read Thai', 'Don''t memorize an alphabet chart. Learn real words you''ll see on streets, menus, and signs - and pick up the letters naturally.', 'Glyphin — Learn Thai Through Real Words', 'Learn to read Thai through real words, guided lesson steps, and short drills built around signs, menus, roads, and everyday language.', '{}'::jsonb, true, '2026-04-30T00:00:00+00:00'::timestamptz, '2026-04-30T00:00:00+00:00'::timestamptz);

insert into curriculum.course_versions (id, course_id, version_ordinal, display_version, source_locale, status, release_title, release_summary, release_notes, content_hash, released_at, created_at)
values ('92c6b63e-6aab-5f26-af3d-30738bdaaf37'::uuid, '7bd9a3e7-a301-5ba5-a796-b90d39498730'::uuid, 1, '1.0.0', 'en', 'published'::curriculum.course_version_status, 'Thai frequency-first foundation', 'First 13-lesson Thai curriculum rewrite aligned to the frequency-first sequence in approach-thai.md.', '{"source":"src/lib/data/thai.ts","conceptSource":"docs/concept/approach-thai.md","vocabularyModel":"anchor-plus-practice"}'::jsonb, 'f89a9bd662d6a2e631fa789e0b9519453052a18d771ca99758acb6c0e1d6a736', '2026-04-30T00:00:00+00:00'::timestamptz, '2026-04-30T00:00:00+00:00'::timestamptz);

update curriculum.courses
set current_published_version_id = '92c6b63e-6aab-5f26-af3d-30738bdaaf37'::uuid,
    updated_at = '2026-04-30T00:00:00+00:00'::timestamptz
where id = '7bd9a3e7-a301-5ba5-a796-b90d39498730'::uuid;

insert into curriculum.graphemes (
  id,
  script_system_id,
  key,
  text,
  kind,
  sort_order,
  unicode_codepoints,
  metadata,
  created_at
)
values
  ('155d0198-aac0-5a9d-a8ab-fb839ccab4f9'::uuid, '38844b82-a8c0-58b4-ad97-483b161bc4db'::uuid, 'u0e21', 'ม', 'consonant', 1, array['U+0E21']::text[], '{}'::jsonb, '2026-04-30T00:00:00+00:00'::timestamptz),
  ('f9127074-00ba-5295-aac0-01022b890b89'::uuid, '38844b82-a8c0-58b4-ad97-483b161bc4db'::uuid, 'u0e32', 'า', 'vowel', 2, array['U+0E32']::text[], '{}'::jsonb, '2026-04-30T00:00:00+00:00'::timestamptz),
  ('0323b564-2380-5449-aa92-cc5f6772a1a0'::uuid, '38844b82-a8c0-58b4-ad97-483b161bc4db'::uuid, 'u0e01', 'ก', 'consonant', 3, array['U+0E01']::text[], '{}'::jsonb, '2026-04-30T00:00:00+00:00'::timestamptz),
  ('4cd66937-cf81-571b-ae18-6ae1055dd3ae'::uuid, '38844b82-a8c0-58b4-ad97-483b161bc4db'::uuid, 'u0e14', 'ด', 'consonant', 4, array['U+0E14']::text[], '{}'::jsonb, '2026-04-30T00:00:00+00:00'::timestamptz),
  ('ee1f3cf4-8315-510e-a613-dfc5ec42d2f5'::uuid, '38844b82-a8c0-58b4-ad97-483b161bc4db'::uuid, 'u0e35', 'ี', 'vowel', 5, array['U+0E35']::text[], '{}'::jsonb, '2026-04-30T00:00:00+00:00'::timestamptz),
  ('02613447-13c2-5348-aad7-857e5e6ae103'::uuid, '38844b82-a8c0-58b4-ad97-483b161bc4db'::uuid, 'u0e19', 'น', 'consonant', 6, array['U+0E19']::text[], '{}'::jsonb, '2026-04-30T00:00:00+00:00'::timestamptz),
  ('7dba55ea-1ad4-5d3c-a85d-9c7b7a6f3553'::uuid, '38844b82-a8c0-58b4-ad97-483b161bc4db'::uuid, 'u0e34', 'ิ', 'vowel', 7, array['U+0E34']::text[], '{}'::jsonb, '2026-04-30T00:00:00+00:00'::timestamptz),
  ('5b347f02-b891-5f29-ad35-11da91e7b87c'::uuid, '38844b82-a8c0-58b4-ad97-483b161bc4db'::uuid, 'u0e15', 'ต', 'consonant', 8, array['U+0E15']::text[], '{}'::jsonb, '2026-04-30T00:00:00+00:00'::timestamptz),
  ('50ada581-79e7-5549-a9a8-77693569d9b8'::uuid, '38844b82-a8c0-58b4-ad97-483b161bc4db'::uuid, 'u0e25', 'ล', 'consonant', 9, array['U+0E25']::text[], '{}'::jsonb, '2026-04-30T00:00:00+00:00'::timestamptz),
  ('dddb2e02-9aa3-5dde-a2ab-25524fc96559'::uuid, '38844b82-a8c0-58b4-ad97-483b161bc4db'::uuid, 'u0e1a', 'บ', 'consonant', 10, array['U+0E1A']::text[], '{}'::jsonb, '2026-04-30T00:00:00+00:00'::timestamptz),
  ('1684cb46-8524-51a4-ad84-8dd2fe3b46be'::uuid, '38844b82-a8c0-58b4-ad97-483b161bc4db'::uuid, 'u0e41', 'แ', 'vowel', 11, array['U+0E41']::text[], '{}'::jsonb, '2026-04-30T00:00:00+00:00'::timestamptz),
  ('13e7c7cd-283c-5d0b-a9cc-ce5b3831e495'::uuid, '38844b82-a8c0-58b4-ad97-483b161bc4db'::uuid, 'u0e48', '่', 'tone_mark', 12, array['U+0E48']::text[], '{}'::jsonb, '2026-04-30T00:00:00+00:00'::timestamptz),
  ('76e47267-9161-5fee-a1e7-f698d88554f8'::uuid, '38844b82-a8c0-58b4-ad97-483b161bc4db'::uuid, 'u0e23', 'ร', 'consonant', 13, array['U+0E23']::text[], '{}'::jsonb, '2026-04-30T00:00:00+00:00'::timestamptz),
  ('56d6049c-5c20-5436-a5d0-37ea5d73fe05'::uuid, '38844b82-a8c0-58b4-ad97-483b161bc4db'::uuid, 'u0e49', '้', 'tone_mark', 14, array['U+0E49']::text[], '{}'::jsonb, '2026-04-30T00:00:00+00:00'::timestamptz),
  ('9593d6a6-13bb-563d-a33d-b01dd74e3528'::uuid, '38844b82-a8c0-58b4-ad97-483b161bc4db'::uuid, 'u0e0a', 'ช', 'consonant', 15, array['U+0E0A']::text[], '{}'::jsonb, '2026-04-30T00:00:00+00:00'::timestamptz),
  ('a57ca296-4754-50f0-aad0-9856fff5c81d'::uuid, '38844b82-a8c0-58b4-ad97-483b161bc4db'::uuid, 'u0e38', 'ุ', 'vowel', 16, array['U+0E38']::text[], '{}'::jsonb, '2026-04-30T00:00:00+00:00'::timestamptz),
  ('ae26196d-7a39-57e3-a8c4-061567bf9167'::uuid, '38844b82-a8c0-58b4-ad97-483b161bc4db'::uuid, 'u0e2a', 'ส', 'consonant', 17, array['U+0E2A']::text[], '{}'::jsonb, '2026-04-30T00:00:00+00:00'::timestamptz),
  ('d9bb0ca4-5089-5ba0-aa79-1bdd09ba86ad'::uuid, '38844b82-a8c0-58b4-ad97-483b161bc4db'::uuid, 'u0e02', 'ข', 'consonant', 18, array['U+0E02']::text[], '{}'::jsonb, '2026-04-30T00:00:00+00:00'::timestamptz),
  ('5e1b543b-6be0-5279-a812-4ec61ce2b1dc'::uuid, '38844b82-a8c0-58b4-ad97-483b161bc4db'::uuid, 'u0e27', 'ว', 'consonant', 19, array['U+0E27']::text[], '{}'::jsonb, '2026-04-30T00:00:00+00:00'::timestamptz),
  ('98079396-6adf-5409-a63c-121764a3840e'::uuid, '38844b82-a8c0-58b4-ad97-483b161bc4db'::uuid, 'u0e2b', 'ห', 'consonant', 20, array['U+0E2B']::text[], '{}'::jsonb, '2026-04-30T00:00:00+00:00'::timestamptz),
  ('6cbd6547-63c8-52cd-a2e5-378aa42e3e46'::uuid, '38844b82-a8c0-58b4-ad97-483b161bc4db'::uuid, 'u0e39', 'ู', 'vowel', 21, array['U+0E39']::text[], '{}'::jsonb, '2026-04-30T00:00:00+00:00'::timestamptz),
  ('d6388a97-b0cb-5594-af90-48fd4c770e0f'::uuid, '38844b82-a8c0-58b4-ad97-483b161bc4db'::uuid, 'u0e2d', 'อ', 'consonant', 22, array['U+0E2D']::text[], '{}'::jsonb, '2026-04-30T00:00:00+00:00'::timestamptz),
  ('da8975d2-f60a-59f9-a1d2-f55df44b6bfa'::uuid, '38844b82-a8c0-58b4-ad97-483b161bc4db'::uuid, 'u0e1c', 'ผ', 'consonant', 23, array['U+0E1C']::text[], '{}'::jsonb, '2026-04-30T00:00:00+00:00'::timestamptz),
  ('6655bad5-f432-5868-aa67-e7247253802f'::uuid, '38844b82-a8c0-58b4-ad97-483b161bc4db'::uuid, 'u0e31', 'ั', 'vowel', 24, array['U+0E31']::text[], '{}'::jsonb, '2026-04-30T00:00:00+00:00'::timestamptz);

insert into curriculum.course_version_graphemes (
  course_version_id,
  grapheme_id,
  romanization,
  pronunciation_hint,
  mnemonic,
  position,
  pedagogical_group_key,
  pedagogical_group_label,
  details,
  tags
)
values
  ('92c6b63e-6aab-5f26-af3d-30738bdaaf37'::uuid, '155d0198-aac0-5a9d-a8ab-fb839ccab4f9'::uuid, 'm', 'm as in "mother"', 'ม is ม ม้า (mor ma, horse). Picture the tall middle stroke as a horse''s neck and the small loop as its head, then tie that horse word to the m sound.', 'standalone', null, null, '{"class":"low"}'::jsonb, array[]::text[]),
  ('92c6b63e-6aab-5f26-af3d-30738bdaaf37'::uuid, 'f9127074-00ba-5295-aac0-01022b890b89'::uuid, 'aa', 'long "aa" as in "father"', 'า is the right-side long aa stroke. It stands after the consonant and stretches the syllable into the long vowel you hear in มา and กา.', 'right', null, null, '{}'::jsonb, array[]::text[]),
  ('92c6b63e-6aab-5f26-af3d-30738bdaaf37'::uuid, '0323b564-2380-5449-aa92-cc5f6772a1a0'::uuid, 'g/k', 'hard g/k sound; final ก closes like "k"', 'ก is ก ไก่ (gor gai, chicken), the classic Thai alphabet anchor. Picture the hook as the chicken''s head and beak for the hard g/k sound.', 'standalone', null, null, '{"class":"mid"}'::jsonb, array[]::text[]),
  ('92c6b63e-6aab-5f26-af3d-30738bdaaf37'::uuid, '4cd66937-cf81-571b-ae18-6ae1055dd3ae'::uuid, 'd/t', 'd as in "dog" at the start; clipped t at the end', 'ด is ด เด็ก (dor dek, child). Picture the loop as a child''s round head beside a small body; ด starts words with d and closes as t.', 'standalone', null, null, '{"class":"mid"}'::jsonb, array[]::text[]),
  ('92c6b63e-6aab-5f26-af3d-30738bdaaf37'::uuid, 'ee1f3cf4-8315-510e-a613-dfc5ec42d2f5'::uuid, 'ii', 'long "ee" as in "see"', 'ี is ิ with an extra length stroke on top. That extra stroke is your clue to hold the sound longer: short i becomes long ii.', 'above', null, null, '{}'::jsonb, array[]::text[]),
  ('92c6b63e-6aab-5f26-af3d-30738bdaaf37'::uuid, '02613447-13c2-5348-aad7-857e5e6ae103'::uuid, 'n', 'n as in "no"', 'น is น หนู (nor nuu, mouse). Picture the curl as a little mouse body and tail, and use หนู to lock in the n sound.', 'standalone', null, null, '{"class":"low"}'::jsonb, array[]::text[]),
  ('92c6b63e-6aab-5f26-af3d-30738bdaaf37'::uuid, '7dba55ea-1ad4-5d3c-a85d-9c7b7a6f3553'::uuid, 'i', 'short "i" as in "sit"', 'ิ is the short i mark above the consonant. It has no extra length stroke, so keep the vowel quick in words like กิน.', 'above', null, null, '{}'::jsonb, array[]::text[]),
  ('92c6b63e-6aab-5f26-af3d-30738bdaaf37'::uuid, '5b347f02-b891-5f29-ad35-11da91e7b87c'::uuid, 't', 't as in "stop" (unaspirated)', 'ต is ต เต่า (tor tao, turtle). Picture the rounded part as a turtle shell with a small head, then read it as the plain t/dt sound.', 'standalone', null, null, '{"class":"mid"}'::jsonb, array[]::text[]),
  ('92c6b63e-6aab-5f26-af3d-30738bdaaf37'::uuid, '50ada581-79e7-5549-a9a8-77693569d9b8'::uuid, 'l', 'l as in "love"', 'ล is ล ลิง (lor ling, monkey). Let the long lower curve be the monkey''s tail, and connect ลิง to the l sound.', 'standalone', null, null, '{"class":"low"}'::jsonb, array[]::text[]),
  ('92c6b63e-6aab-5f26-af3d-30738bdaaf37'::uuid, 'dddb2e02-9aa3-5dde-a2ab-25524fc96559'::uuid, 'b/p', 'b as in "bat" at the start; clipped p at the end', 'บ is บ ใบไม้ (bor bai mai, leaf). The open bowl shape can hold a leaf, and ใบไม้ gives you the b sound at the start.', 'standalone', null, null, '{"class":"mid"}'::jsonb, array[]::text[]),
  ('92c6b63e-6aab-5f26-af3d-30738bdaaf37'::uuid, '1684cb46-8524-51a4-ad84-8dd2fe3b46be'::uuid, 'ae', 'long "ae" as in the vowel of "care"', 'แ is a double left-side vowel. The two front posts tell your eye to look left first, then come back to the consonant for ae.', 'left', null, null, '{}'::jsonb, array[]::text[]),
  ('92c6b63e-6aab-5f26-af3d-30738bdaaf37'::uuid, '13e7c7cd-283c-5d0b-a9cc-ce5b3831e495'::uuid, 'mai ek', 'first tone mark written above the consonant', '่ is mai ek, the first tone mark. It is one small stroke above the consonant, so read it as a compact tone cue.', 'above', null, null, '{}'::jsonb, array[]::text[]),
  ('92c6b63e-6aab-5f26-af3d-30738bdaaf37'::uuid, '76e47267-9161-5fee-a1e7-f698d88554f8'::uuid, 'r', 'r as in "run" at the start; n at the end in some words', 'ร is ร เรือ (ror ruea, boat). Picture the main curve as a boat hull rocking forward, and use เรือ to remember the r sound.', 'standalone', null, null, '{"class":"low"}'::jsonb, array[]::text[]),
  ('92c6b63e-6aab-5f26-af3d-30738bdaaf37'::uuid, '56d6049c-5c20-5436-a5d0-37ea5d73fe05'::uuid, 'mai tho', 'second tone mark written above the consonant', '้ is mai tho, the second tone mark. It looks heavier than mai ek, a good cue that this is the second above-letter tone mark.', 'above', null, null, '{}'::jsonb, array[]::text[]),
  ('92c6b63e-6aab-5f26-af3d-30738bdaaf37'::uuid, '9593d6a6-13bb-563d-a33d-b01dd74e3528'::uuid, 'ch', 'ch as in "check"', 'ช is ช ช้าง (chor chaang, elephant). Picture the long dropping stroke as an elephant trunk, and use ช้าง for the ch sound.', 'standalone', null, null, '{"class":"low"}'::jsonb, array[]::text[]),
  ('92c6b63e-6aab-5f26-af3d-30738bdaaf37'::uuid, 'a57ca296-4754-50f0-aad0-9856fff5c81d'::uuid, 'u', 'short "u" as in "put"', 'ุ is the short u mark tucked under the consonant. Low on the page and short in sound: use it for the quick u in ชุด.', 'below', null, null, '{}'::jsonb, array[]::text[]),
  ('92c6b63e-6aab-5f26-af3d-30738bdaaf37'::uuid, 'ae26196d-7a39-57e3-a8c4-061567bf9167'::uuid, 's', 's as in "sun"', 'ส is ส เสือ (sor suea, tiger). The pointed, striped-looking shape can cue a tiger, and เสือ starts with the crisp s sound.', 'standalone', null, null, '{"class":"high"}'::jsonb, array[]::text[]),
  ('92c6b63e-6aab-5f26-af3d-30738bdaaf37'::uuid, 'd9bb0ca4-5089-5ba0-aa79-1bdd09ba86ad'::uuid, 'kh', 'kh with a puff of air, like the start of "khaki"', 'ข is ข ไข่ (khor khai, egg). Picture the open curve as an eggshell; ไข่ starts with the puffed kh sound that separates ข from ก.', 'standalone', null, null, '{"class":"high"}'::jsonb, array[]::text[]),
  ('92c6b63e-6aab-5f26-af3d-30738bdaaf37'::uuid, '5e1b543b-6be0-5279-a812-4ec61ce2b1dc'::uuid, 'w', 'w as in "water"; can help form vowel glides', 'ว is ว แหวน (wor waen, ring). The rounded curl looks like a ring, and แหวน gives you the w sound.', 'standalone', null, null, '{"class":"low"}'::jsonb, array[]::text[]),
  ('92c6b63e-6aab-5f26-af3d-30738bdaaf37'::uuid, '98079396-6adf-5409-a63c-121764a3840e'::uuid, 'h', 'h as in "hello"; often used as a leading tone helper', 'ห is ห หีบ (hor hiip, chest). Picture the tall shape as a chest with a lid; in words like หมู, this h-letter can also guide the tone.', 'standalone', null, null, '{"class":"high"}'::jsonb, array[]::text[]),
  ('92c6b63e-6aab-5f26-af3d-30738bdaaf37'::uuid, '6cbd6547-63c8-52cd-a2e5-378aa42e3e46'::uuid, 'uu', 'long "oo" as in "food"', 'ู is the long uu mark below the consonant. It is like ุ with a longer lower tail, so let the oo sound run longer.', 'below', null, null, '{}'::jsonb, array[]::text[]),
  ('92c6b63e-6aab-5f26-af3d-30738bdaaf37'::uuid, 'd6388a97-b0cb-5594-af90-48fd4c770e0f'::uuid, 'silent carrier', 'placeholder consonant used when a syllable begins with a vowel sound', 'อ is อ อ่าง (or aang, basin). The round basin shape can hold a vowel, which fits its job as a silent carrier in อา and อาหาร.', 'standalone', null, null, '{"class":"mid"}'::jsonb, array[]::text[]),
  ('92c6b63e-6aab-5f26-af3d-30738bdaaf37'::uuid, 'da8975d2-f60a-59f9-a1d2-f55df44b6bfa'::uuid, 'ph', 'ph with a puff of air, like the start of "photo" without the f sound', 'ผ is ผ ผึ้ง (phor phueng, bee). Picture the open shape as wings and body; ผึ้ง starts with the puffed ph sound.', 'standalone', null, null, '{"class":"high"}'::jsonb, array[]::text[]),
  ('92c6b63e-6aab-5f26-af3d-30738bdaaf37'::uuid, '6655bad5-f432-5868-aa67-e7247253802f'::uuid, 'a', 'short "a" as in "cut"', 'ั is the short a cap above the consonant. It sits close and quick, just like the clipped a in ผัด and ผัก.', 'above', null, null, '{}'::jsonb, array[]::text[]);

insert into curriculum.lessons (
  id,
  course_version_id,
  slug,
  lesson_ordinal,
  stage,
  title,
  metadata,
  created_at
)
values
  ('b248fb0f-5294-57b4-af76-9938cb3f905c'::uuid, '92c6b63e-6aab-5f26-af3d-30738bdaaf37'::uuid, 'maak', 1, 1, 'มาก — Your First High-Payoff Word', '{}'::jsonb, '2026-04-30T00:00:00+00:00'::timestamptz),
  ('4497309f-83d5-5cfd-ae20-98d182c44e7a'::uuid, '92c6b63e-6aab-5f26-af3d-30738bdaaf37'::uuid, 'dii', 2, 1, 'ดี — A Core Word for Good Things', '{}'::jsonb, '2026-04-30T00:00:00+00:00'::timestamptz),
  ('3be425cd-ea3e-5f8a-ab88-b1efae8eb80f'::uuid, '92c6b63e-6aab-5f26-af3d-30738bdaaf37'::uuid, 'gin', 3, 1, 'กิน — The Everyday Food Verb', '{}'::jsonb, '2026-04-30T00:00:00+00:00'::timestamptz),
  ('4de66997-87a5-56cb-a66f-7b2cce6228ed'::uuid, '92c6b63e-6aab-5f26-af3d-30738bdaaf37'::uuid, 'talat', 4, 2, 'ตลาด — Read the Market Sign', '{}'::jsonb, '2026-04-30T00:00:00+00:00'::timestamptz),
  ('0afff15b-0b20-53d3-ae86-21d3fe37de52'::uuid, '92c6b63e-6aab-5f26-af3d-30738bdaaf37'::uuid, 'bin', 5, 2, 'บิน — Reuse the -ิน Pattern', '{}'::jsonb, '2026-04-30T00:00:00+00:00'::timestamptz),
  ('dc5e9698-631e-5ce9-a0da-6c7fb1abd338'::uuid, '92c6b63e-6aab-5f26-af3d-30738bdaaf37'::uuid, 'maae', 6, 3, 'แม่ — Before Vowels and First Tone Marks', '{}'::jsonb, '2026-04-30T00:00:00+00:00'::timestamptz),
  ('5f706588-560c-598f-ab7a-52a47ecb2015'::uuid, '92c6b63e-6aab-5f26-af3d-30738bdaaf37'::uuid, 'raan', 7, 3, 'ร้าน — The Word on Every Storefront', '{}'::jsonb, '2026-04-30T00:00:00+00:00'::timestamptz),
  ('a85af404-45e0-50ae-a491-e082f54018a8'::uuid, '92c6b63e-6aab-5f26-af3d-30738bdaaf37'::uuid, 'chut', 8, 4, 'ชุด — Short U in Menu Combos', '{}'::jsonb, '2026-04-30T00:00:00+00:00'::timestamptz),
  ('fb4954f1-e326-56e2-a3d1-b4132b60e254'::uuid, '92c6b63e-6aab-5f26-af3d-30738bdaaf37'::uuid, 'sip', 9, 4, 'สิบ — Read Prices Faster', '{}'::jsonb, '2026-04-30T00:00:00+00:00'::timestamptz),
  ('489857d0-a162-5afa-a7bb-c797b5761864'::uuid, '92c6b63e-6aab-5f26-af3d-30738bdaaf37'::uuid, 'khao', 10, 5, 'ข้าว — A Survival Food Word', '{}'::jsonb, '2026-04-30T00:00:00+00:00'::timestamptz),
  ('6a8b53e3-50a0-5db3-a089-a15c56bc01c6'::uuid, '92c6b63e-6aab-5f26-af3d-30738bdaaf37'::uuid, 'moo', 11, 5, 'หมู — Leading ห in a Real Menu Word', '{}'::jsonb, '2026-04-30T00:00:00+00:00'::timestamptz),
  ('e387c914-ad75-5a7c-a972-cf079418042d'::uuid, '92c6b63e-6aab-5f26-af3d-30738bdaaf37'::uuid, 'ahan', 12, 5, 'อาหาร — Silent Carrier, Useful Sign', '{}'::jsonb, '2026-04-30T00:00:00+00:00'::timestamptz),
  ('227b7204-c818-5c7c-ad68-654e72285cd6'::uuid, '92c6b63e-6aab-5f26-af3d-30738bdaaf37'::uuid, 'phat', 13, 5, 'ผัด — Unlock Stir-Fry Words', '{}'::jsonb, '2026-04-30T00:00:00+00:00'::timestamptz);

insert into curriculum.vocabulary_items (
  id,
  course_version_id,
  key,
  display_text,
  normalized_text,
  meaning,
  pronunciation,
  category_key,
  context_note,
  metadata,
  created_at
)
values
  ('c3faa381-054e-5dd0-a64b-fe084d0afe2e'::uuid, '92c6b63e-6aab-5f26-af3d-30738bdaaf37'::uuid, 'word-0e21-0e32', 'มา', 'มา', 'to come', 'maa', 'daily', null, '{"sourceType":"real"}'::jsonb, '2026-04-30T00:00:00+00:00'::timestamptz),
  ('c8d1b913-736c-5dcd-a387-f779532f980e'::uuid, '92c6b63e-6aab-5f26-af3d-30738bdaaf37'::uuid, 'word-0e01-0e32', 'กา', 'กา', 'crow / kettle / mark', 'gaa', 'daily', null, '{"sourceType":"real"}'::jsonb, '2026-04-30T00:00:00+00:00'::timestamptz),
  ('d548bc58-bb46-5e64-a208-ccd84400c5b7'::uuid, '92c6b63e-6aab-5f26-af3d-30738bdaaf37'::uuid, 'word-0e01-0e32-0e01', 'กาก', 'กาก', 'dregs / residue', 'gaak', 'daily', 'A real dictionary word that gives early final-k practice without adding extra glyphs.', '{"sourceType":"real"}'::jsonb, '2026-04-30T00:00:00+00:00'::timestamptz),
  ('cae6f954-ee78-5cc6-a2f8-377592ff4bfa'::uuid, '92c6b63e-6aab-5f26-af3d-30738bdaaf37'::uuid, 'word-0e21-0e32-0e21', 'มาม', 'มาม', 'sound-only practice', 'maam', 'daily', 'A clearly flagged pronunciation drill for an otherwise tiny early lesson pool.', '{"sourceType":"nonsense"}'::jsonb, '2026-04-30T00:00:00+00:00'::timestamptz),
  ('da9766d5-9cc7-5389-a981-8f9306e6b805'::uuid, '92c6b63e-6aab-5f26-af3d-30738bdaaf37'::uuid, 'word-0e14-0e35-0e14', 'ดีด', 'ดีด', 'to flick / pluck', 'diit', 'daily', null, '{"sourceType":"real"}'::jsonb, '2026-04-30T00:00:00+00:00'::timestamptz),
  ('d0ef507d-f79d-5a6e-af15-15389b449c25'::uuid, '92c6b63e-6aab-5f26-af3d-30738bdaaf37'::uuid, 'word-0e21-0e35', 'มี', 'มี', 'to have', 'mii', 'daily', null, '{"sourceType":"real"}'::jsonb, '2026-04-30T00:00:00+00:00'::timestamptz),
  ('2fb0d7d0-e813-5ed3-a01c-11e7b9cb22cd'::uuid, '92c6b63e-6aab-5f26-af3d-30738bdaaf37'::uuid, 'word-0e21-0e35-0e14', 'มีด', 'มีด', 'knife', 'miit', 'food', null, '{"sourceType":"real"}'::jsonb, '2026-04-30T00:00:00+00:00'::timestamptz),
  ('f932c1d2-de4f-5a71-a5c9-aa0acbd6f665'::uuid, '92c6b63e-6aab-5f26-af3d-30738bdaaf37'::uuid, 'word-0e14-0e35-0e21-0e32-0e01', 'ดีมาก', 'ดีมาก', 'very good', 'dii maak', 'daily', null, '{"sourceType":"phrase"}'::jsonb, '2026-04-30T00:00:00+00:00'::timestamptz),
  ('ed1aa82b-1c19-59de-ad16-fcc1669fd68b'::uuid, '92c6b63e-6aab-5f26-af3d-30738bdaaf37'::uuid, 'word-0e21-0e32-0e01', 'มาก', 'มาก', 'very / a lot', 'maak', 'daily', null, '{"sourceType":"real"}'::jsonb, '2026-04-30T00:00:00+00:00'::timestamptz),
  ('d7782977-ee79-5e00-ae86-265f4b4e9034'::uuid, '92c6b63e-6aab-5f26-af3d-30738bdaaf37'::uuid, 'word-0e19-0e34-0e14', 'นิด', 'นิด', 'a little bit', 'nit', 'daily', null, '{"sourceType":"real"}'::jsonb, '2026-04-30T00:00:00+00:00'::timestamptz),
  ('142df77a-2c8f-5948-af3f-26e5778ff982'::uuid, '92c6b63e-6aab-5f26-af3d-30738bdaaf37'::uuid, 'word-0e14-0e34-0e19', 'ดิน', 'ดิน', 'soil / earth', 'din', 'daily', null, '{"sourceType":"real"}'::jsonb, '2026-04-30T00:00:00+00:00'::timestamptz),
  ('86538398-e5ca-5917-a618-e7586d124894'::uuid, '92c6b63e-6aab-5f26-af3d-30738bdaaf37'::uuid, 'word-0e19-0e32', 'นา', 'นา', 'rice field', 'naa', 'place', null, '{"sourceType":"real"}'::jsonb, '2026-04-30T00:00:00+00:00'::timestamptz),
  ('d23e29b9-adb5-5ff0-a665-1a2096af5bc1'::uuid, '92c6b63e-6aab-5f26-af3d-30738bdaaf37'::uuid, 'word-0e19-0e32-0e21', 'นาม', 'นาม', 'name / noun', 'naam', 'sign', null, '{"sourceType":"real"}'::jsonb, '2026-04-30T00:00:00+00:00'::timestamptz),
  ('c321b707-4346-5fb4-a2ec-ef4ae570730a'::uuid, '92c6b63e-6aab-5f26-af3d-30738bdaaf37'::uuid, 'word-0e14-0e35', 'ดี', 'ดี', 'good', 'dii', 'daily', null, '{"sourceType":"real"}'::jsonb, '2026-04-30T00:00:00+00:00'::timestamptz),
  ('85fd9b41-dc44-5bee-a89e-eba19102c6fe'::uuid, '92c6b63e-6aab-5f26-af3d-30738bdaaf37'::uuid, 'word-0e15-0e25-0e01', 'ตลก', 'ตลก', 'funny', 'dta-lok', 'daily', null, '{"sourceType":"real"}'::jsonb, '2026-04-30T00:00:00+00:00'::timestamptz),
  ('d512d636-b40f-5d24-acc3-1e7a586086fc'::uuid, '92c6b63e-6aab-5f26-af3d-30738bdaaf37'::uuid, 'word-0e15-0e32-0e25', 'ตาล', 'ตาล', 'sugar palm', 'dtaan', 'daily', null, '{"sourceType":"real"}'::jsonb, '2026-04-30T00:00:00+00:00'::timestamptz),
  ('ce9a0864-6fa5-5db8-aa3f-620547a527ab'::uuid, '92c6b63e-6aab-5f26-af3d-30738bdaaf37'::uuid, 'word-0e15-0e32', 'ตา', 'ตา', 'eye', 'dtaa', 'daily', null, '{"sourceType":"real"}'::jsonb, '2026-04-30T00:00:00+00:00'::timestamptz),
  ('f52a4423-3825-5d2f-a688-dd7536f28b92'::uuid, '92c6b63e-6aab-5f26-af3d-30738bdaaf37'::uuid, 'word-0e25-0e32', 'ลา', 'ลา', 'to leave', 'laa', 'daily', null, '{"sourceType":"real"}'::jsonb, '2026-04-30T00:00:00+00:00'::timestamptz),
  ('b95dc95e-c0a9-5d38-a6a4-2b85377bed24'::uuid, '92c6b63e-6aab-5f26-af3d-30738bdaaf37'::uuid, 'word-0e15-0e35', 'ตี', 'ตี', 'to hit', 'dtii', 'daily', null, '{"sourceType":"real"}'::jsonb, '2026-04-30T00:00:00+00:00'::timestamptz),
  ('8bb882a2-df23-530c-ac76-254c1ece38f1'::uuid, '92c6b63e-6aab-5f26-af3d-30738bdaaf37'::uuid, 'word-0e15-0e32-0e21', 'ตาม', 'ตาม', 'to follow', 'dtaam', 'daily', null, '{"sourceType":"real"}'::jsonb, '2026-04-30T00:00:00+00:00'::timestamptz),
  ('5bd76382-990f-518b-a22d-2c2d1a9b68f5'::uuid, '92c6b63e-6aab-5f26-af3d-30738bdaaf37'::uuid, 'word-0e25-0e21', 'ลม', 'ลม', 'wind / air', 'lom', 'daily', null, '{"sourceType":"real"}'::jsonb, '2026-04-30T00:00:00+00:00'::timestamptz),
  ('6f963964-1641-57fc-a3f1-b1e43e5bc3fa'::uuid, '92c6b63e-6aab-5f26-af3d-30738bdaaf37'::uuid, 'word-0e25-0e14', 'ลด', 'ลด', 'to reduce', 'lot', 'sign', null, '{"sourceType":"real"}'::jsonb, '2026-04-30T00:00:00+00:00'::timestamptz),
  ('b1e8228c-b6a4-54d2-a459-0b207dc222b1'::uuid, '92c6b63e-6aab-5f26-af3d-30738bdaaf37'::uuid, 'word-0e15-0e01', 'ตก', 'ตก', 'to fall', 'dtok', 'daily', null, '{"sourceType":"real"}'::jsonb, '2026-04-30T00:00:00+00:00'::timestamptz),
  ('3237ade6-2a5b-50e9-a5c7-37cbdf3d442d'::uuid, '92c6b63e-6aab-5f26-af3d-30738bdaaf37'::uuid, 'word-0e21-0e14', 'มด', 'มด', 'ant', 'mot', 'daily', null, '{"sourceType":"real"}'::jsonb, '2026-04-30T00:00:00+00:00'::timestamptz),
  ('0cdff46d-d2ce-57e2-ae77-8a5e3d6dbf7a'::uuid, '92c6b63e-6aab-5f26-af3d-30738bdaaf37'::uuid, 'word-0e01-0e1a', 'กบ', 'กบ', 'frog', 'gop', 'daily', null, '{"sourceType":"real"}'::jsonb, '2026-04-30T00:00:00+00:00'::timestamptz),
  ('9097f5cb-6e39-542d-ab00-4606cacae615'::uuid, '92c6b63e-6aab-5f26-af3d-30738bdaaf37'::uuid, 'word-0e25-0e32-0e1a', 'ลาบ', 'ลาบ', 'laab salad', 'laap', 'food', null, '{"sourceType":"real"}'::jsonb, '2026-04-30T00:00:00+00:00'::timestamptz),
  ('26d4022b-01d5-5d00-ae7b-c10243eebf3b'::uuid, '92c6b63e-6aab-5f26-af3d-30738bdaaf37'::uuid, 'word-0e14-0e34-0e1a', 'ดิบ', 'ดิบ', 'raw / unripe', 'dip', 'food', null, '{"sourceType":"real"}'::jsonb, '2026-04-30T00:00:00+00:00'::timestamptz),
  ('82cad9f2-05d2-56aa-a194-fa4c6dfe85ff'::uuid, '92c6b63e-6aab-5f26-af3d-30738bdaaf37'::uuid, 'word-0e1a-0e35-0e1a', 'บีบ', 'บีบ', 'to squeeze', 'biip', 'daily', null, '{"sourceType":"real"}'::jsonb, '2026-04-30T00:00:00+00:00'::timestamptz),
  ('43928d42-5009-56d4-aeaf-c3d01a2bffd0'::uuid, '92c6b63e-6aab-5f26-af3d-30738bdaaf37'::uuid, 'word-0e1a-0e32-0e19', 'บาน', 'บาน', 'to bloom / open out', 'baan', 'daily', null, '{"sourceType":"real"}'::jsonb, '2026-04-30T00:00:00+00:00'::timestamptz),
  ('b64d7172-1785-5bf4-aba4-37cc44d18d39'::uuid, '92c6b63e-6aab-5f26-af3d-30738bdaaf37'::uuid, 'word-0e1a-0e14', 'บด', 'บด', 'to grind', 'bot', 'food', null, '{"sourceType":"real"}'::jsonb, '2026-04-30T00:00:00+00:00'::timestamptz),
  ('80361b23-0c1c-5fea-a406-7c820e2c35c5'::uuid, '92c6b63e-6aab-5f26-af3d-30738bdaaf37'::uuid, 'word-0e1a-0e34-0e14-0e32', 'บิดา', 'บิดา', 'father (formal)', 'bi-daa', 'sign', null, '{"sourceType":"real"}'::jsonb, '2026-04-30T00:00:00+00:00'::timestamptz),
  ('f1c203bb-50b5-5872-a1b8-40cdaae0eb02'::uuid, '92c6b63e-6aab-5f26-af3d-30738bdaaf37'::uuid, 'word-0e15-0e25-0e32-0e14', 'ตลาด', 'ตลาด', 'market', 'dta-laat', 'place', null, '{"sourceType":"real"}'::jsonb, '2026-04-30T00:00:00+00:00'::timestamptz),
  ('c1a868cf-2bdf-5f27-acd2-86fa5162beb3'::uuid, '92c6b63e-6aab-5f26-af3d-30738bdaaf37'::uuid, 'word-0e01-0e34-0e19', 'กิน', 'กิน', 'to eat', 'gin', 'food', null, '{"sourceType":"real"}'::jsonb, '2026-04-30T00:00:00+00:00'::timestamptz),
  ('0e2abce6-bed9-5ca0-a6b2-e09afc124410'::uuid, '92c6b63e-6aab-5f26-af3d-30738bdaaf37'::uuid, 'word-0e41-0e15-0e48', 'แต่', 'แต่', 'but / however', 'dtae', 'daily', null, '{"sourceType":"real"}'::jsonb, '2026-04-30T00:00:00+00:00'::timestamptz),
  ('a23f7435-c081-54d4-abaa-0287352f280f'::uuid, '92c6b63e-6aab-5f26-af3d-30738bdaaf37'::uuid, 'word-0e41-0e01-0e48', 'แก่', 'แก่', 'old', 'gae', 'daily', null, '{"sourceType":"real"}'::jsonb, '2026-04-30T00:00:00+00:00'::timestamptz),
  ('999b600f-d3d2-5d5a-aff6-b0db7661510b'::uuid, '92c6b63e-6aab-5f26-af3d-30738bdaaf37'::uuid, 'word-0e41-0e14-0e14', 'แดด', 'แดด', 'sunlight', 'daet', 'daily', null, '{"sourceType":"real"}'::jsonb, '2026-04-30T00:00:00+00:00'::timestamptz),
  ('c336b414-7092-5360-afeb-e00fc28829bf'::uuid, '92c6b63e-6aab-5f26-af3d-30738bdaaf37'::uuid, 'word-0e41-0e15-0e01', 'แตก', 'แตก', 'to break', 'dtaek', 'daily', null, '{"sourceType":"real"}'::jsonb, '2026-04-30T00:00:00+00:00'::timestamptz),
  ('01ce66af-4e79-5b14-a794-033f56ee7e39'::uuid, '92c6b63e-6aab-5f26-af3d-30738bdaaf37'::uuid, 'word-0e41-0e1a-0e19', 'แบน', 'แบน', 'flat', 'baen', 'daily', null, '{"sourceType":"real"}'::jsonb, '2026-04-30T00:00:00+00:00'::timestamptz),
  ('0b650405-5f9d-5cc0-ad3f-83a853e24962'::uuid, '92c6b63e-6aab-5f26-af3d-30738bdaaf37'::uuid, 'word-0e1a-0e48-0e19', 'บ่น', 'บ่น', 'to complain', 'bon', 'daily', null, '{"sourceType":"real"}'::jsonb, '2026-04-30T00:00:00+00:00'::timestamptz),
  ('28b1a975-232b-5c2f-ae30-832858b634ee'::uuid, '92c6b63e-6aab-5f26-af3d-30738bdaaf37'::uuid, 'word-0e41-0e01', 'แก', 'แก', 'you (casual)', 'gae', 'daily', null, '{"sourceType":"real"}'::jsonb, '2026-04-30T00:00:00+00:00'::timestamptz),
  ('6a66a60f-c509-56f7-a54b-bd44a4028c40'::uuid, '92c6b63e-6aab-5f26-af3d-30738bdaaf37'::uuid, 'word-0e21-0e49-0e32', 'ม้า', 'ม้า', 'horse', 'maa', 'daily', null, '{"sourceType":"real"}'::jsonb, '2026-04-30T00:00:00+00:00'::timestamptz),
  ('78377bc9-780c-569b-af55-a4e43492b8ac'::uuid, '92c6b63e-6aab-5f26-af3d-30738bdaaf37'::uuid, 'word-0e1a-0e49-0e32-0e19', 'บ้าน', 'บ้าน', 'house / home', 'baan', 'place', null, '{"sourceType":"real"}'::jsonb, '2026-04-30T00:00:00+00:00'::timestamptz),
  ('c328a5e5-6749-5e36-acd0-170fffcf5e4d'::uuid, '92c6b63e-6aab-5f26-af3d-30738bdaaf37'::uuid, 'word-0e19-0e49-0e32', 'น้า', 'น้า', 'aunt / uncle', 'naa', 'daily', null, '{"sourceType":"real"}'::jsonb, '2026-04-30T00:00:00+00:00'::timestamptz),
  ('8af6bfe1-3b05-5ada-a070-0cafba9b65be'::uuid, '92c6b63e-6aab-5f26-af3d-30738bdaaf37'::uuid, 'word-0e14-0e49-0e32-0e19', 'ด้าน', 'ด้าน', 'side / aspect', 'daan', 'sign', null, '{"sourceType":"real"}'::jsonb, '2026-04-30T00:00:00+00:00'::timestamptz),
  ('cccd4ff6-3438-5676-ac28-90cf88fa8941'::uuid, '92c6b63e-6aab-5f26-af3d-30738bdaaf37'::uuid, 'word-0e23-0e32-0e14', 'ราด', 'ราด', 'to pour over', 'raat', 'food', null, '{"sourceType":"real"}'::jsonb, '2026-04-30T00:00:00+00:00'::timestamptz),
  ('c56de297-1a8f-5f2e-a9ba-5345ef5540bc'::uuid, '92c6b63e-6aab-5f26-af3d-30738bdaaf37'::uuid, 'word-0e23-0e35-0e14', 'รีด', 'รีด', 'to iron', 'riit', 'daily', null, '{"sourceType":"real"}'::jsonb, '2026-04-30T00:00:00+00:00'::timestamptz),
  ('2498f294-f413-5697-a418-9ede9e739f4b'::uuid, '92c6b63e-6aab-5f26-af3d-30738bdaaf37'::uuid, 'word-0e23-0e14', 'รด', 'รด', 'to water', 'rot', 'daily', null, '{"sourceType":"real"}'::jsonb, '2026-04-30T00:00:00+00:00'::timestamptz),
  ('d5e43ad2-f9f4-5a78-ac14-995f15b83169'::uuid, '92c6b63e-6aab-5f26-af3d-30738bdaaf37'::uuid, 'word-0e23-0e49-0e32-0e19-0e14-0e35', 'ร้านดี', 'ร้านดี', 'good shop', 'raan dii', 'place', null, '{"sourceType":"phrase"}'::jsonb, '2026-04-30T00:00:00+00:00'::timestamptz),
  ('04981577-f898-5f42-ab6b-336cc3b526a5'::uuid, '92c6b63e-6aab-5f26-af3d-30738bdaaf37'::uuid, 'word-0e0a-0e32', 'ชา', 'ชา', 'tea', 'chaa', 'food', null, '{"sourceType":"real"}'::jsonb, '2026-04-30T00:00:00+00:00'::timestamptz),
  ('6fef4f01-e1de-53f6-aa34-34c060d1b847'::uuid, '92c6b63e-6aab-5f26-af3d-30738bdaaf37'::uuid, 'word-0e0a-0e21', 'ชม', 'ชม', 'to admire', 'chom', 'daily', null, '{"sourceType":"real"}'::jsonb, '2026-04-30T00:00:00+00:00'::timestamptz),
  ('5cded218-1a29-5f43-aa86-0333a6b83802'::uuid, '92c6b63e-6aab-5f26-af3d-30738bdaaf37'::uuid, 'word-0e0a-0e32-0e21', 'ชาม', 'ชาม', 'bowl', 'chaam', 'food', null, '{"sourceType":"real"}'::jsonb, '2026-04-30T00:00:00+00:00'::timestamptz),
  ('f6f40f9d-5920-56c7-ad3c-f8c251f15074'::uuid, '92c6b63e-6aab-5f26-af3d-30738bdaaf37'::uuid, 'word-0e0a-0e34-0e14', 'ชิด', 'ชิด', 'close together', 'chit', 'daily', null, '{"sourceType":"real"}'::jsonb, '2026-04-30T00:00:00+00:00'::timestamptz),
  ('123734b3-b6f6-5e91-ad26-b556d9a700d8'::uuid, '92c6b63e-6aab-5f26-af3d-30738bdaaf37'::uuid, 'word-0e14-0e38', 'ดุ', 'ดุ', 'fierce / strict', 'du', 'daily', null, '{"sourceType":"real"}'::jsonb, '2026-04-30T00:00:00+00:00'::timestamptz),
  ('55b20bc1-ad75-526e-a9b8-5e84c53169f6'::uuid, '92c6b63e-6aab-5f26-af3d-30738bdaaf37'::uuid, 'word-0e25-0e38-0e01', 'ลุก', 'ลุก', 'to get up', 'luk', 'daily', null, '{"sourceType":"real"}'::jsonb, '2026-04-30T00:00:00+00:00'::timestamptz),
  ('0faee178-a297-58d6-a92a-2a8f533b4991'::uuid, '92c6b63e-6aab-5f26-af3d-30738bdaaf37'::uuid, 'word-0e1a-0e38-0e01', 'บุก', 'บุก', 'to charge in', 'buk', 'daily', null, '{"sourceType":"real"}'::jsonb, '2026-04-30T00:00:00+00:00'::timestamptz),
  ('a4a954e0-6ba3-5292-a173-5ad05f9964ce'::uuid, '92c6b63e-6aab-5f26-af3d-30738bdaaf37'::uuid, 'word-0e19-0e38-0e48-0e21', 'นุ่ม', 'นุ่ม', 'soft', 'num', 'daily', null, '{"sourceType":"real"}'::jsonb, '2026-04-30T00:00:00+00:00'::timestamptz),
  ('63417404-20b6-5c86-a755-817318929a4c'::uuid, '92c6b63e-6aab-5f26-af3d-30738bdaaf37'::uuid, 'word-0e23-0e49-0e32-0e19', 'ร้าน', 'ร้าน', 'shop', 'raan', 'place', null, '{"sourceType":"real"}'::jsonb, '2026-04-30T00:00:00+00:00'::timestamptz),
  ('19e88090-7511-52e2-a642-6b7417be5672'::uuid, '92c6b63e-6aab-5f26-af3d-30738bdaaf37'::uuid, 'word-0e2a-0e35', 'สี', 'สี', 'color', 'sii', 'daily', null, '{"sourceType":"real"}'::jsonb, '2026-04-30T00:00:00+00:00'::timestamptz),
  ('cc6952b1-247e-5295-a69b-5c101bbac32e'::uuid, '92c6b63e-6aab-5f26-af3d-30738bdaaf37'::uuid, 'word-0e2a-0e32-0e21', 'สาม', 'สาม', 'three', 'saam', 'sign', null, '{"sourceType":"real"}'::jsonb, '2026-04-30T00:00:00+00:00'::timestamptz),
  ('78a836eb-7d55-50ee-a937-1d175bbb96a6'::uuid, '92c6b63e-6aab-5f26-af3d-30738bdaaf37'::uuid, 'word-0e2a-0e49-0e21', 'ส้ม', 'ส้ม', 'orange', 'som', 'food', null, '{"sourceType":"real"}'::jsonb, '2026-04-30T00:00:00+00:00'::timestamptz),
  ('3cbedc7a-a552-5f04-a1d8-dcf9b13223e4'::uuid, '92c6b63e-6aab-5f26-af3d-30738bdaaf37'::uuid, 'word-0e2a-0e19-0e38-0e01', 'สนุก', 'สนุก', 'fun', 'sa-nuk', 'daily', null, '{"sourceType":"real"}'::jsonb, '2026-04-30T00:00:00+00:00'::timestamptz),
  ('8f5f0a36-8b88-5899-a374-902c8ccc7d85'::uuid, '92c6b63e-6aab-5f26-af3d-30738bdaaf37'::uuid, 'word-0e2a-0e38-0e14', 'สุด', 'สุด', 'most / end', 'sut', 'daily', null, '{"sourceType":"real"}'::jsonb, '2026-04-30T00:00:00+00:00'::timestamptz),
  ('80d07517-ec44-52c4-a8c0-32a13e8b620f'::uuid, '92c6b63e-6aab-5f26-af3d-30738bdaaf37'::uuid, 'word-0e2a-0e14', 'สด', 'สด', 'fresh', 'sot', 'food', null, '{"sourceType":"real"}'::jsonb, '2026-04-30T00:00:00+00:00'::timestamptz),
  ('9bf27553-37c4-5eb4-a25f-3cd94a769825'::uuid, '92c6b63e-6aab-5f26-af3d-30738bdaaf37'::uuid, 'word-0e2a-0e21-0e38-0e14', 'สมุด', 'สมุด', 'notebook', 'sa-mut', 'sign', null, '{"sourceType":"real"}'::jsonb, '2026-04-30T00:00:00+00:00'::timestamptz),
  ('d9a39e42-58de-53a3-a768-752c144b9c6b'::uuid, '92c6b63e-6aab-5f26-af3d-30738bdaaf37'::uuid, 'word-0e2a-0e32-0e21-0e2a-0e34-0e1a', 'สามสิบ', 'สามสิบ', 'thirty', 'saam sip', 'sign', null, '{"sourceType":"phrase"}'::jsonb, '2026-04-30T00:00:00+00:00'::timestamptz),
  ('79b85f07-1c04-5cf4-aedc-10e88083faf6'::uuid, '92c6b63e-6aab-5f26-af3d-30738bdaaf37'::uuid, 'word-0e2a-0e49-0e21-0e2a-0e14', 'ส้มสด', 'ส้มสด', 'fresh oranges', 'som sot', 'food', null, '{"sourceType":"phrase"}'::jsonb, '2026-04-30T00:00:00+00:00'::timestamptz),
  ('49d998d8-81d7-509b-ab5c-b6fab9b2e9c3'::uuid, '92c6b63e-6aab-5f26-af3d-30738bdaaf37'::uuid, 'word-0e02-0e27-0e32', 'ขวา', 'ขวา', 'right side', 'khwaa', 'sign', null, '{"sourceType":"real"}'::jsonb, '2026-04-30T00:00:00+00:00'::timestamptz),
  ('ad5f5493-0875-5b14-a014-ed4c5d2d7a8a'::uuid, '92c6b63e-6aab-5f26-af3d-30738bdaaf37'::uuid, 'word-0e02-0e48-0e32-0e27', 'ข่าว', 'ข่าว', 'news', 'khaao', 'sign', null, '{"sourceType":"real"}'::jsonb, '2026-04-30T00:00:00+00:00'::timestamptz),
  ('4b277ab9-99f9-523d-a6b3-895443e63944'::uuid, '92c6b63e-6aab-5f26-af3d-30738bdaaf37'::uuid, 'word-0e02-0e32-0e27', 'ขาว', 'ขาว', 'white', 'khaao', 'daily', null, '{"sourceType":"real"}'::jsonb, '2026-04-30T00:00:00+00:00'::timestamptz),
  ('8a92dbf1-5054-53f5-a5a4-6a75e342a6ee'::uuid, '92c6b63e-6aab-5f26-af3d-30738bdaaf37'::uuid, 'word-0e02-0e27-0e14', 'ขวด', 'ขวด', 'bottle', 'khuat', 'daily', null, '{"sourceType":"real"}'::jsonb, '2026-04-30T00:00:00+00:00'::timestamptz),
  ('ecee6e47-ebbb-5dae-aad2-38cfec474745'::uuid, '92c6b63e-6aab-5f26-af3d-30738bdaaf37'::uuid, 'word-0e02-0e32', 'ขา', 'ขา', 'leg', 'khaa', 'daily', null, '{"sourceType":"real"}'::jsonb, '2026-04-30T00:00:00+00:00'::timestamptz),
  ('5d489b6f-4e4d-5924-a401-f2c555ed94f8'::uuid, '92c6b63e-6aab-5f26-af3d-30738bdaaf37'::uuid, 'word-0e02-0e21', 'ขม', 'ขม', 'bitter', 'khom', 'food', null, '{"sourceType":"real"}'::jsonb, '2026-04-30T00:00:00+00:00'::timestamptz),
  ('1621be98-12f7-5c95-a927-eb04c7ccbdbd'::uuid, '92c6b63e-6aab-5f26-af3d-30738bdaaf37'::uuid, 'word-0e02-0e32-0e14', 'ขาด', 'ขาด', 'to lack / be torn', 'khaat', 'daily', null, '{"sourceType":"real"}'::jsonb, '2026-04-30T00:00:00+00:00'::timestamptz),
  ('27f8a8b4-3ade-5533-a6bc-5a7bb7fdd7f4'::uuid, '92c6b63e-6aab-5f26-af3d-30738bdaaf37'::uuid, 'word-0e27-0e32-0e14', 'วาด', 'วาด', 'to draw', 'waat', 'daily', null, '{"sourceType":"real"}'::jsonb, '2026-04-30T00:00:00+00:00'::timestamptz),
  ('04f9ae15-2e7a-57b1-a70e-d8c7c10f10f7'::uuid, '92c6b63e-6aab-5f26-af3d-30738bdaaf37'::uuid, 'word-0e27-0e48-0e32', 'ว่า', 'ว่า', 'to say / that', 'waa', 'daily', null, '{"sourceType":"real"}'::jsonb, '2026-04-30T00:00:00+00:00'::timestamptz),
  ('0f38335e-0377-50b9-a08c-34d41e5821ac'::uuid, '92c6b63e-6aab-5f26-af3d-30738bdaaf37'::uuid, 'word-0e14-0e32-0e27', 'ดาว', 'ดาว', 'star', 'daao', 'daily', null, '{"sourceType":"real"}'::jsonb, '2026-04-30T00:00:00+00:00'::timestamptz),
  ('4380bfe9-6e97-500e-afa1-c84528ddd28c'::uuid, '92c6b63e-6aab-5f26-af3d-30738bdaaf37'::uuid, 'word-0e2a-0e27-0e19', 'สวน', 'สวน', 'garden / park', 'suan', 'place', null, '{"sourceType":"real"}'::jsonb, '2026-04-30T00:00:00+00:00'::timestamptz),
  ('bb650142-5eea-5cbe-a533-eaf8abae663d'::uuid, '92c6b63e-6aab-5f26-af3d-30738bdaaf37'::uuid, 'word-0e02-0e49-0e32-0e27-0e02-0e32-0e27', 'ข้าวขาว', 'ข้าวขาว', 'white rice', 'khaao khaao', 'food', null, '{"sourceType":"phrase"}'::jsonb, '2026-04-30T00:00:00+00:00'::timestamptz),
  ('8add2650-ea68-509f-ae3d-8c35db8b7b59'::uuid, '92c6b63e-6aab-5f26-af3d-30738bdaaf37'::uuid, 'word-0e2b-0e39', 'หู', 'หู', 'ear', 'huu', 'daily', null, '{"sourceType":"real"}'::jsonb, '2026-04-30T00:00:00+00:00'::timestamptz),
  ('8c79ebe5-9b38-5d70-a534-b40b909e194e'::uuid, '92c6b63e-6aab-5f26-af3d-30738bdaaf37'::uuid, 'word-0e2b-0e21-0e32', 'หมา', 'หมา', 'dog', 'maa', 'daily', null, '{"sourceType":"real"}'::jsonb, '2026-04-30T00:00:00+00:00'::timestamptz),
  ('f4755169-67ed-53b6-ac5f-8f9c0b01cc4f'::uuid, '92c6b63e-6aab-5f26-af3d-30738bdaaf37'::uuid, 'word-0e2b-0e32', 'หา', 'หา', 'to look for', 'haa', 'daily', null, '{"sourceType":"real"}'::jsonb, '2026-04-30T00:00:00+00:00'::timestamptz),
  ('f12c3344-3a1f-53c0-a42e-0f068f47080c'::uuid, '92c6b63e-6aab-5f26-af3d-30738bdaaf37'::uuid, 'word-0e23-0e39-0e49', 'รู้', 'รู้', 'to know', 'ruu', 'daily', null, '{"sourceType":"real"}'::jsonb, '2026-04-30T00:00:00+00:00'::timestamptz),
  ('598027dc-4153-5c7b-adcd-e5c1fecc9140'::uuid, '92c6b63e-6aab-5f26-af3d-30738bdaaf37'::uuid, 'word-0e14-0e39', 'ดู', 'ดู', 'to watch', 'duu', 'daily', null, '{"sourceType":"real"}'::jsonb, '2026-04-30T00:00:00+00:00'::timestamptz),
  ('cda49f45-c2e6-58b2-ad64-ce6066aeb0fa'::uuid, '92c6b63e-6aab-5f26-af3d-30738bdaaf37'::uuid, 'word-0e2b-0e34-0e27', 'หิว', 'หิว', 'hungry', 'hiw', 'daily', null, '{"sourceType":"real"}'::jsonb, '2026-04-30T00:00:00+00:00'::timestamptz),
  ('52c43174-6f7b-563d-a0cc-490c2598a58a'::uuid, '92c6b63e-6aab-5f26-af3d-30738bdaaf37'::uuid, 'word-0e2b-0e21-0e14', 'หมด', 'หมด', 'all gone', 'mot', 'daily', null, '{"sourceType":"real"}'::jsonb, '2026-04-30T00:00:00+00:00'::timestamptz),
  ('0edbc717-9d7f-5069-ad5a-fd22c5ec3c54'::uuid, '92c6b63e-6aab-5f26-af3d-30738bdaaf37'::uuid, 'word-0e25-0e39-0e01', 'ลูก', 'ลูก', 'child', 'luuk', 'daily', null, '{"sourceType":"real"}'::jsonb, '2026-04-30T00:00:00+00:00'::timestamptz),
  ('7c54b99c-c014-5d9d-abe1-b92bbc15d050'::uuid, '92c6b63e-6aab-5f26-af3d-30738bdaaf37'::uuid, 'word-0e15-0e39-0e49', 'ตู้', 'ตู้', 'cabinet', 'tuu', 'place', null, '{"sourceType":"real"}'::jsonb, '2026-04-30T00:00:00+00:00'::timestamptz),
  ('cbbf92fe-74b0-5d46-a1d9-9b5e2e19cff2'::uuid, '92c6b63e-6aab-5f26-af3d-30738bdaaf37'::uuid, 'word-0e2a-0e39-0e49', 'สู้', 'สู้', 'to fight', 'suu', 'daily', null, '{"sourceType":"real"}'::jsonb, '2026-04-30T00:00:00+00:00'::timestamptz),
  ('c7fa958a-64c3-52ea-a4ba-845f0a7feb4e'::uuid, '92c6b63e-6aab-5f26-af3d-30738bdaaf37'::uuid, 'word-0e2b-0e27-0e32-0e19', 'หวาน', 'หวาน', 'sweet', 'waan', 'food', null, '{"sourceType":"real"}'::jsonb, '2026-04-30T00:00:00+00:00'::timestamptz),
  ('8968cae3-fe97-5863-af6c-6932e5f2d4fb'::uuid, '92c6b63e-6aab-5f26-af3d-30738bdaaf37'::uuid, 'word-0e2b-0e49-0e32-0e21', 'ห้าม', 'ห้าม', 'forbidden / do not', 'haam', 'sign', null, '{"sourceType":"real"}'::jsonb, '2026-04-30T00:00:00+00:00'::timestamptz),
  ('7ba77c91-000c-5258-aff4-7680dd07e122'::uuid, '92c6b63e-6aab-5f26-af3d-30738bdaaf37'::uuid, 'word-0e2b-0e34-0e27-0e21-0e32-0e01', 'หิวมาก', 'หิวมาก', 'very hungry', 'hiw maak', 'daily', null, '{"sourceType":"phrase"}'::jsonb, '2026-04-30T00:00:00+00:00'::timestamptz),
  ('1aa8932e-9563-5621-aaec-4477efb463ff'::uuid, '92c6b63e-6aab-5f26-af3d-30738bdaaf37'::uuid, 'word-0e2b-0e21-0e39-0e2a-0e14', 'หมูสด', 'หมูสด', 'fresh pork', 'muu sot', 'food', null, '{"sourceType":"phrase"}'::jsonb, '2026-04-30T00:00:00+00:00'::timestamptz),
  ('c0ae7fff-a846-5198-af67-4174b5a833ab'::uuid, '92c6b63e-6aab-5f26-af3d-30738bdaaf37'::uuid, 'word-0e2d-0e2d-0e01', 'ออก', 'ออก', 'to exit / go out', 'awk', 'sign', null, '{"sourceType":"real"}'::jsonb, '2026-04-30T00:00:00+00:00'::timestamptz),
  ('46902c0d-543a-55e1-ab8a-e5d2c299ab39'::uuid, '92c6b63e-6aab-5f26-af3d-30738bdaaf37'::uuid, 'word-0e02-0e2d', 'ขอ', 'ขอ', 'to ask for', 'khaaw', 'daily', null, '{"sourceType":"real"}'::jsonb, '2026-04-30T00:00:00+00:00'::timestamptz),
  ('7debb9fb-b969-59fa-a6de-bda8eb99829c'::uuid, '92c6b63e-6aab-5f26-af3d-30738bdaaf37'::uuid, 'word-0e0a-0e2d-0e1a', 'ชอบ', 'ชอบ', 'to like', 'chaawp', 'daily', null, '{"sourceType":"real"}'::jsonb, '2026-04-30T00:00:00+00:00'::timestamptz),
  ('e1949758-58f1-594e-a1c4-fff2d139bc20'::uuid, '92c6b63e-6aab-5f26-af3d-30738bdaaf37'::uuid, 'word-0e23-0e49-0e2d-0e19', 'ร้อน', 'ร้อน', 'hot', 'raawn', 'daily', null, '{"sourceType":"real"}'::jsonb, '2026-04-30T00:00:00+00:00'::timestamptz),
  ('be7afec8-972c-5cc1-a833-fa707d436cd8'::uuid, '92c6b63e-6aab-5f26-af3d-30738bdaaf37'::uuid, 'word-0e23-0e2d', 'รอ', 'รอ', 'to wait', 'raaw', 'daily', null, '{"sourceType":"real"}'::jsonb, '2026-04-30T00:00:00+00:00'::timestamptz),
  ('f6aa72e4-6ec4-5756-a920-7e868f166d6d'::uuid, '92c6b63e-6aab-5f26-af3d-30738bdaaf37'::uuid, 'word-0e1a-0e2d-0e01', 'บอก', 'บอก', 'to tell', 'baawk', 'daily', null, '{"sourceType":"real"}'::jsonb, '2026-04-30T00:00:00+00:00'::timestamptz),
  ('1bf9cebe-27d0-5606-a9f6-96d3eaf3b7fb'::uuid, '92c6b63e-6aab-5f26-af3d-30738bdaaf37'::uuid, 'word-0e2b-0e21-0e2d', 'หมอ', 'หมอ', 'doctor', 'maaw', 'daily', null, '{"sourceType":"real"}'::jsonb, '2026-04-30T00:00:00+00:00'::timestamptz),
  ('cae64235-6767-58f0-ac6b-dd2e62c23141'::uuid, '92c6b63e-6aab-5f26-af3d-30738bdaaf37'::uuid, 'word-0e14-0e2d-0e01', 'ดอก', 'ดอก', 'flower', 'daawk', 'daily', null, '{"sourceType":"real"}'::jsonb, '2026-04-30T00:00:00+00:00'::timestamptz),
  ('a1b845ac-b7ec-57bc-ae29-1151128172f0'::uuid, '92c6b63e-6aab-5f26-af3d-30738bdaaf37'::uuid, 'word-0e2b-0e2d-0e21', 'หอม', 'หอม', 'fragrant', 'haawm', 'daily', null, '{"sourceType":"real"}'::jsonb, '2026-04-30T00:00:00+00:00'::timestamptz),
  ('7f0cf283-d9f0-5d82-a968-3c8605cfb741'::uuid, '92c6b63e-6aab-5f26-af3d-30738bdaaf37'::uuid, 'word-0e15-0e2d-0e1a', 'ตอบ', 'ตอบ', 'to answer', 'dtaawp', 'daily', null, '{"sourceType":"real"}'::jsonb, '2026-04-30T00:00:00+00:00'::timestamptz),
  ('6e3d61d8-c2a8-5d55-aaff-4512b69e43da'::uuid, '92c6b63e-6aab-5f26-af3d-30738bdaaf37'::uuid, 'word-0e2d-0e49-0e27-0e19', 'อ้วน', 'อ้วน', 'fat / overweight', 'uuan', 'daily', null, '{"sourceType":"real"}'::jsonb, '2026-04-30T00:00:00+00:00'::timestamptz),
  ('038d8c5a-b113-5036-afe0-83c560b4e838'::uuid, '92c6b63e-6aab-5f26-af3d-30738bdaaf37'::uuid, 'word-0e02-0e2d-0e0a-0e32', 'ขอชา', 'ขอชา', 'may I have tea', 'khaaw chaa', 'food', null, '{"sourceType":"phrase"}'::jsonb, '2026-04-30T00:00:00+00:00'::timestamptz),
  ('f7ae2242-6833-5d1c-a43c-9d4c8c3afd39'::uuid, '92c6b63e-6aab-5f26-af3d-30738bdaaf37'::uuid, 'word-0e0a-0e2d-0e1a-0e21-0e32-0e01', 'ชอบมาก', 'ชอบมาก', 'like very much', 'chaawp maak', 'daily', null, '{"sourceType":"phrase"}'::jsonb, '2026-04-30T00:00:00+00:00'::timestamptz),
  ('b0c734f8-b446-5b48-ab6f-188e3678a636'::uuid, '92c6b63e-6aab-5f26-af3d-30738bdaaf37'::uuid, 'word-0e1c-0e31-0e01', 'ผัก', 'ผัก', 'vegetables', 'phak', 'food', null, '{"sourceType":"real"}'::jsonb, '2026-04-30T00:00:00+00:00'::timestamptz),
  ('dad63552-fe4a-55e4-a8e1-9e0804d5a448'::uuid, '92c6b63e-6aab-5f26-af3d-30738bdaaf37'::uuid, 'word-0e1c-0e21', 'ผม', 'ผม', 'I / hair', 'phom', 'daily', null, '{"sourceType":"real"}'::jsonb, '2026-04-30T00:00:00+00:00'::timestamptz),
  ('07330a77-9112-51d7-a364-42c132bc7614'::uuid, '92c6b63e-6aab-5f26-af3d-30738bdaaf37'::uuid, 'word-0e23-0e31-0e01', 'รัก', 'รัก', 'to love', 'rak', 'daily', null, '{"sourceType":"real"}'::jsonb, '2026-04-30T00:00:00+00:00'::timestamptz),
  ('5d73dcdf-4d91-5d90-ad80-d7c6c4d1c3a7'::uuid, '92c6b63e-6aab-5f26-af3d-30738bdaaf37'::uuid, 'word-0e27-0e31-0e19', 'วัน', 'วัน', 'day', 'wan', 'sign', null, '{"sourceType":"real"}'::jsonb, '2026-04-30T00:00:00+00:00'::timestamptz),
  ('60e93954-b63a-52aa-a0ea-881bda6a7364'::uuid, '92c6b63e-6aab-5f26-af3d-30738bdaaf37'::uuid, 'word-0e21-0e31-0e19', 'มัน', 'มัน', 'it / oily', 'man', 'daily', null, '{"sourceType":"real"}'::jsonb, '2026-04-30T00:00:00+00:00'::timestamptz),
  ('2ef7151f-6563-5b7b-a5e9-fe8de6c75f66'::uuid, '92c6b63e-6aab-5f26-af3d-30738bdaaf37'::uuid, 'word-0e27-0e31-0e14', 'วัด', 'วัด', 'temple / to measure', 'wat', 'place', null, '{"sourceType":"real"}'::jsonb, '2026-04-30T00:00:00+00:00'::timestamptz),
  ('a9b39b92-ff0e-56e0-a99a-6e0afc2df519'::uuid, '92c6b63e-6aab-5f26-af3d-30738bdaaf37'::uuid, 'word-0e23-0e31-0e1a', 'รับ', 'รับ', 'to receive', 'rap', 'daily', null, '{"sourceType":"real"}'::jsonb, '2026-04-30T00:00:00+00:00'::timestamptz),
  ('47638a79-db13-5297-ad71-1c26b39d6a22'::uuid, '92c6b63e-6aab-5f26-af3d-30738bdaaf37'::uuid, 'word-0e02-0e31-0e1a', 'ขับ', 'ขับ', 'to drive', 'khap', 'daily', null, '{"sourceType":"real"}'::jsonb, '2026-04-30T00:00:00+00:00'::timestamptz),
  ('0c3d4a24-2b48-581a-a296-6f0b7480f539'::uuid, '92c6b63e-6aab-5f26-af3d-30738bdaaf37'::uuid, 'word-0e2b-0e31-0e27', 'หัว', 'หัว', 'head', 'hua', 'daily', null, '{"sourceType":"real"}'::jsonb, '2026-04-30T00:00:00+00:00'::timestamptz),
  ('cb1240ca-1d7b-5509-a6e2-d53911ecf508'::uuid, '92c6b63e-6aab-5f26-af3d-30738bdaaf37'::uuid, 'word-0e15-0e31-0e1a', 'ตับ', 'ตับ', 'liver', 'dtap', 'food', null, '{"sourceType":"real"}'::jsonb, '2026-04-30T00:00:00+00:00'::timestamptz),
  ('05a466bf-5f31-5bfa-af06-d11c752c2595'::uuid, '92c6b63e-6aab-5f26-af3d-30738bdaaf37'::uuid, 'word-0e2a-0e31-0e49-0e19', 'สั้น', 'สั้น', 'short', 'san', 'daily', null, '{"sourceType":"real"}'::jsonb, '2026-04-30T00:00:00+00:00'::timestamptz),
  ('ee58ba57-f2fb-5b14-a9da-e37e9d0f800f'::uuid, '92c6b63e-6aab-5f26-af3d-30738bdaaf37'::uuid, 'word-0e1c-0e49-0e32', 'ผ้า', 'ผ้า', 'cloth', 'phaa', 'daily', null, '{"sourceType":"real"}'::jsonb, '2026-04-30T00:00:00+00:00'::timestamptz),
  ('d15b5e1e-de21-5f76-af19-397033576d45'::uuid, '92c6b63e-6aab-5f26-af3d-30738bdaaf37'::uuid, 'word-0e1c-0e35', 'ผี', 'ผี', 'ghost', 'phii', 'daily', null, '{"sourceType":"real"}'::jsonb, '2026-04-30T00:00:00+00:00'::timestamptz),
  ('18d020b7-932a-5d37-a916-eb1cba31dc37'::uuid, '92c6b63e-6aab-5f26-af3d-30738bdaaf37'::uuid, 'word-0e15-0e31-0e27', 'ตัว', 'ตัว', 'body / self', 'dtua', 'daily', null, '{"sourceType":"real"}'::jsonb, '2026-04-30T00:00:00+00:00'::timestamptz),
  ('82fe7ab6-0023-50d4-a20c-cd5e249f5adc'::uuid, '92c6b63e-6aab-5f26-af3d-30738bdaaf37'::uuid, 'word-0e1c-0e31-0e14-0e1c-0e31-0e01', 'ผัดผัก', 'ผัดผัก', 'stir-fried vegetables', 'phat phak', 'food', null, '{"sourceType":"phrase"}'::jsonb, '2026-04-30T00:00:00+00:00'::timestamptz),
  ('ca72f102-44a9-518b-acc8-90b517fabec7'::uuid, '92c6b63e-6aab-5f26-af3d-30738bdaaf37'::uuid, 'word-0e1c-0e21-0e2b-0e34-0e27', 'ผมหิว', 'ผมหิว', 'I am hungry', 'phom hiw', 'daily', null, '{"sourceType":"phrase"}'::jsonb, '2026-04-30T00:00:00+00:00'::timestamptz),
  ('3c992023-814d-5a7d-a46d-28107afdf750'::uuid, '92c6b63e-6aab-5f26-af3d-30738bdaaf37'::uuid, 'word-0e23-0e31-0e01-0e41-0e21-0e48', 'รักแม่', 'รักแม่', 'to love mom', 'rak mae', 'daily', null, '{"sourceType":"phrase"}'::jsonb, '2026-04-30T00:00:00+00:00'::timestamptz);

insert into curriculum.vocabulary_segments (
  id,
  vocabulary_item_id,
  segment_order,
  text,
  sound,
  kind,
  metadata
)
values
  ('3f21411f-8215-5f92-a649-f411d51860a4'::uuid, 'c3faa381-054e-5dd0-a64b-fe084d0afe2e'::uuid, 1, 'มา', 'maa', null, '{}'::jsonb),
  ('b98442ce-fd05-5c8b-a67a-19abb6c18fea'::uuid, 'c8d1b913-736c-5dcd-a387-f779532f980e'::uuid, 1, 'กา', 'gaa', null, '{}'::jsonb),
  ('b1387bf9-18f4-5b9d-af13-ea68bf7aa4f2'::uuid, 'd548bc58-bb46-5e64-a208-ccd84400c5b7'::uuid, 1, 'กาก', 'gaak', null, '{}'::jsonb),
  ('ff44ef65-2fcd-50ad-a002-97495dedcfdd'::uuid, 'cae6f954-ee78-5cc6-a2f8-377592ff4bfa'::uuid, 1, 'มาม', 'maam', null, '{}'::jsonb),
  ('5ac2b28d-38ed-5b7d-a285-b08f8266ac75'::uuid, 'da9766d5-9cc7-5389-a981-8f9306e6b805'::uuid, 1, 'ดีด', 'diit', null, '{}'::jsonb),
  ('efec8bb9-41e2-52ee-ae52-0ca13433bbac'::uuid, 'd0ef507d-f79d-5a6e-af15-15389b449c25'::uuid, 1, 'มี', 'mii', null, '{}'::jsonb),
  ('183e16d5-d39b-530a-a3cd-b1b8703d486c'::uuid, '2fb0d7d0-e813-5ed3-a01c-11e7b9cb22cd'::uuid, 1, 'มีด', 'miit', null, '{}'::jsonb),
  ('15ad3179-1ea3-58de-abe6-32eef044cc97'::uuid, 'f932c1d2-de4f-5a71-a5c9-aa0acbd6f665'::uuid, 1, 'ดี', 'dii', null, '{}'::jsonb),
  ('f11f2756-30cd-5bc8-aac3-4b816097a663'::uuid, 'f932c1d2-de4f-5a71-a5c9-aa0acbd6f665'::uuid, 2, 'มาก', 'maak', null, '{}'::jsonb),
  ('d1516635-d486-524a-a1d8-f158d45b6dbe'::uuid, 'ed1aa82b-1c19-59de-ad16-fcc1669fd68b'::uuid, 1, 'มาก', 'maak', null, '{}'::jsonb),
  ('319fe2b6-fea1-5974-a9fb-2d6f12680ba8'::uuid, 'd7782977-ee79-5e00-ae86-265f4b4e9034'::uuid, 1, 'นิด', 'nit', null, '{}'::jsonb),
  ('9fd5729b-691c-5ee7-aeed-38b013e29742'::uuid, '142df77a-2c8f-5948-af3f-26e5778ff982'::uuid, 1, 'ดิน', 'din', null, '{}'::jsonb),
  ('98e855f8-9eba-551d-a1cb-8feff2be9fcc'::uuid, '86538398-e5ca-5917-a618-e7586d124894'::uuid, 1, 'นา', 'naa', null, '{}'::jsonb),
  ('2403f2ea-07a6-5c76-aa5c-e8f906fe780c'::uuid, 'd23e29b9-adb5-5ff0-a665-1a2096af5bc1'::uuid, 1, 'นาม', 'naam', null, '{}'::jsonb),
  ('00d2cd3b-b2db-5561-ac34-a45c0f0fd0b4'::uuid, 'c321b707-4346-5fb4-a2ec-ef4ae570730a'::uuid, 1, 'ดี', 'dii', null, '{}'::jsonb),
  ('254ed0f7-014c-51ad-a1d9-8966babecd31'::uuid, '85fd9b41-dc44-5bee-a89e-eba19102c6fe'::uuid, 1, 'ตะ', 'dta', null, '{}'::jsonb),
  ('125c26a8-4ab5-5d6a-a82c-3a6b1b82d3f4'::uuid, '85fd9b41-dc44-5bee-a89e-eba19102c6fe'::uuid, 2, 'ลก', 'lok', null, '{}'::jsonb),
  ('8d0de416-14ee-53c2-aeac-ff560b2cd84d'::uuid, 'd512d636-b40f-5d24-acc3-1e7a586086fc'::uuid, 1, 'ตาล', 'dtaan', null, '{}'::jsonb),
  ('f8080682-188a-5cce-ab21-5434474b8866'::uuid, 'ce9a0864-6fa5-5db8-aa3f-620547a527ab'::uuid, 1, 'ตา', 'dtaa', null, '{}'::jsonb),
  ('977146fa-fbca-542c-afb8-a9e3b690b550'::uuid, 'f52a4423-3825-5d2f-a688-dd7536f28b92'::uuid, 1, 'ลา', 'laa', null, '{}'::jsonb),
  ('b8c61469-0574-518c-a964-87e78110bbd4'::uuid, 'b95dc95e-c0a9-5d38-a6a4-2b85377bed24'::uuid, 1, 'ตี', 'dtii', null, '{}'::jsonb),
  ('f44a2656-d085-5db6-a3c7-8d4eaf8aa871'::uuid, '8bb882a2-df23-530c-ac76-254c1ece38f1'::uuid, 1, 'ตาม', 'dtaam', null, '{}'::jsonb),
  ('d9bc7537-f83e-5e17-aace-879e5ff743e1'::uuid, '5bd76382-990f-518b-a22d-2c2d1a9b68f5'::uuid, 1, 'ลม', 'lom', null, '{}'::jsonb),
  ('d3ad2b9c-c6b9-5dea-a46e-27056e52960b'::uuid, '6f963964-1641-57fc-a3f1-b1e43e5bc3fa'::uuid, 1, 'ลด', 'lot', null, '{}'::jsonb),
  ('ad3ce0ac-f9cb-5ed3-af1f-df62456b33ac'::uuid, 'b1e8228c-b6a4-54d2-a459-0b207dc222b1'::uuid, 1, 'ตก', 'dtok', null, '{}'::jsonb),
  ('b99e34dd-c200-54ab-a868-8b4714dae30f'::uuid, '3237ade6-2a5b-50e9-a5c7-37cbdf3d442d'::uuid, 1, 'มด', 'mot', null, '{}'::jsonb),
  ('bcc510e5-c75a-5363-a50e-6875456949f3'::uuid, '0cdff46d-d2ce-57e2-ae77-8a5e3d6dbf7a'::uuid, 1, 'กบ', 'gop', null, '{}'::jsonb),
  ('115447ad-543f-5082-aba3-3bf32a7bd142'::uuid, '9097f5cb-6e39-542d-ab00-4606cacae615'::uuid, 1, 'ลาบ', 'laap', null, '{}'::jsonb),
  ('134a26cf-495a-5847-a580-ac7f945be257'::uuid, '26d4022b-01d5-5d00-ae7b-c10243eebf3b'::uuid, 1, 'ดิบ', 'dip', null, '{}'::jsonb),
  ('430237aa-f563-5792-a629-26e7a7c07218'::uuid, '82cad9f2-05d2-56aa-a194-fa4c6dfe85ff'::uuid, 1, 'บีบ', 'biip', null, '{}'::jsonb),
  ('11383f82-5de2-50e9-a3fa-6f4104fae10f'::uuid, '43928d42-5009-56d4-aeaf-c3d01a2bffd0'::uuid, 1, 'บาน', 'baan', null, '{}'::jsonb),
  ('632a1149-bc65-5353-a898-ea48671039af'::uuid, 'b64d7172-1785-5bf4-aba4-37cc44d18d39'::uuid, 1, 'บด', 'bot', null, '{}'::jsonb),
  ('f65df1c1-29be-5c77-a0ba-7bd247132957'::uuid, '80361b23-0c1c-5fea-a406-7c820e2c35c5'::uuid, 1, 'บิ', 'bi', null, '{}'::jsonb),
  ('20463263-2242-55fd-affd-27c3b2558005'::uuid, '80361b23-0c1c-5fea-a406-7c820e2c35c5'::uuid, 2, 'ดา', 'daa', null, '{}'::jsonb),
  ('02facf22-2979-509c-a228-bdee1b5485ec'::uuid, 'f1c203bb-50b5-5872-a1b8-40cdaae0eb02'::uuid, 1, 'ตะ', 'dta', null, '{}'::jsonb),
  ('ddf18a8b-0c2d-5c81-a8fe-748676220ad0'::uuid, 'f1c203bb-50b5-5872-a1b8-40cdaae0eb02'::uuid, 2, 'ลาด', 'laat', null, '{}'::jsonb),
  ('1b7ebd2e-5f28-5673-a47a-f1125394c90d'::uuid, 'c1a868cf-2bdf-5f27-acd2-86fa5162beb3'::uuid, 1, 'กิน', 'gin', null, '{}'::jsonb),
  ('1324b721-13fe-5058-a070-2f6adb16d675'::uuid, '0e2abce6-bed9-5ca0-a6b2-e09afc124410'::uuid, 1, 'แต่', 'dtae', null, '{}'::jsonb),
  ('048c7a85-6354-54ab-a96a-0f60328859d0'::uuid, 'a23f7435-c081-54d4-abaa-0287352f280f'::uuid, 1, 'แก่', 'gae', null, '{}'::jsonb),
  ('6be9d589-313d-56ea-a20b-7164cdcd6e8b'::uuid, '999b600f-d3d2-5d5a-aff6-b0db7661510b'::uuid, 1, 'แดด', 'daet', null, '{}'::jsonb),
  ('f9d3aeab-18d2-56ae-a660-5acbe97e0e9e'::uuid, 'c336b414-7092-5360-afeb-e00fc28829bf'::uuid, 1, 'แตก', 'dtaek', null, '{}'::jsonb),
  ('9429da5b-dcf5-5836-a723-4758459a5de0'::uuid, '01ce66af-4e79-5b14-a794-033f56ee7e39'::uuid, 1, 'แบน', 'baen', null, '{}'::jsonb),
  ('61b7213d-0334-567b-a64d-b99e48cac2c1'::uuid, '0b650405-5f9d-5cc0-ad3f-83a853e24962'::uuid, 1, 'บ่น', 'bon', null, '{}'::jsonb),
  ('30ab64ff-a7be-547b-a934-9fbfba66d6e7'::uuid, '28b1a975-232b-5c2f-ae30-832858b634ee'::uuid, 1, 'แก', 'gae', null, '{}'::jsonb),
  ('10219a20-554c-5116-a051-322560249943'::uuid, '6a66a60f-c509-56f7-a54b-bd44a4028c40'::uuid, 1, 'ม้า', 'maa', null, '{}'::jsonb),
  ('faa5f7ba-59b6-5461-a8e8-b9f280a20c94'::uuid, '78377bc9-780c-569b-af55-a4e43492b8ac'::uuid, 1, 'บ้าน', 'baan', null, '{}'::jsonb),
  ('be11dfc3-fa1b-57e3-a135-89c12da50ffd'::uuid, 'c328a5e5-6749-5e36-acd0-170fffcf5e4d'::uuid, 1, 'น้า', 'naa', null, '{}'::jsonb),
  ('0fdca371-fbd9-506f-aad5-30c774c3f562'::uuid, '8af6bfe1-3b05-5ada-a070-0cafba9b65be'::uuid, 1, 'ด้าน', 'daan', null, '{}'::jsonb),
  ('7e7df8a3-db5f-5692-afba-3cbcde15b13c'::uuid, 'cccd4ff6-3438-5676-ac28-90cf88fa8941'::uuid, 1, 'ราด', 'raat', null, '{}'::jsonb),
  ('b7845abe-7672-50bd-acfb-68ce1a307b99'::uuid, 'c56de297-1a8f-5f2e-a9ba-5345ef5540bc'::uuid, 1, 'รีด', 'riit', null, '{}'::jsonb),
  ('53c34430-a276-5d2f-aca7-4d9a10c6798e'::uuid, '2498f294-f413-5697-a418-9ede9e739f4b'::uuid, 1, 'รด', 'rot', null, '{}'::jsonb),
  ('08123b94-6f59-57bc-a103-9b3f001b804e'::uuid, 'd5e43ad2-f9f4-5a78-ac14-995f15b83169'::uuid, 1, 'ร้าน', 'raan', null, '{}'::jsonb),
  ('898f1980-047b-5208-abde-b9ae8e577ef2'::uuid, 'd5e43ad2-f9f4-5a78-ac14-995f15b83169'::uuid, 2, 'ดี', 'dii', null, '{}'::jsonb),
  ('791d93d2-3bb4-55f4-a661-eafefb87368b'::uuid, '04981577-f898-5f42-ab6b-336cc3b526a5'::uuid, 1, 'ชา', 'chaa', null, '{}'::jsonb),
  ('a1c27110-1ec5-5dc2-a41b-59cf3c0445f1'::uuid, '6fef4f01-e1de-53f6-aa34-34c060d1b847'::uuid, 1, 'ชม', 'chom', null, '{}'::jsonb),
  ('c041399b-63de-5b3c-a044-299410288189'::uuid, '5cded218-1a29-5f43-aa86-0333a6b83802'::uuid, 1, 'ชาม', 'chaam', null, '{}'::jsonb),
  ('2c4ca2b6-b99d-5b21-aaf9-7cfa757e1fe9'::uuid, 'f6f40f9d-5920-56c7-ad3c-f8c251f15074'::uuid, 1, 'ชิด', 'chit', null, '{}'::jsonb),
  ('aca8bb28-c842-54f1-a158-4b28021b23f1'::uuid, '123734b3-b6f6-5e91-ad26-b556d9a700d8'::uuid, 1, 'ดุ', 'du', null, '{}'::jsonb),
  ('99284aa2-2157-5902-ae57-6b2a3dd583f1'::uuid, '55b20bc1-ad75-526e-a9b8-5e84c53169f6'::uuid, 1, 'ลุก', 'luk', null, '{}'::jsonb),
  ('a8a079c1-60df-5890-ad6e-0895ebe6328c'::uuid, '0faee178-a297-58d6-a92a-2a8f533b4991'::uuid, 1, 'บุก', 'buk', null, '{}'::jsonb),
  ('ff122de7-25ca-5630-ae76-2e45b9748d0d'::uuid, 'a4a954e0-6ba3-5292-a173-5ad05f9964ce'::uuid, 1, 'นุ่ม', 'num', null, '{}'::jsonb),
  ('196651d6-1843-5111-a7f8-51f8334f905e'::uuid, '63417404-20b6-5c86-a755-817318929a4c'::uuid, 1, 'ร้าน', 'raan', null, '{}'::jsonb),
  ('4a29c68b-92a0-57b3-ab08-174166d8ac21'::uuid, '19e88090-7511-52e2-a642-6b7417be5672'::uuid, 1, 'สี', 'sii', null, '{}'::jsonb),
  ('7fc0ec55-7c02-51c1-a22e-2d0b86bc0be7'::uuid, 'cc6952b1-247e-5295-a69b-5c101bbac32e'::uuid, 1, 'สาม', 'saam', null, '{}'::jsonb),
  ('b53ee299-e25e-5e11-a60e-625a6408e2e5'::uuid, '78a836eb-7d55-50ee-a937-1d175bbb96a6'::uuid, 1, 'ส้ม', 'som', null, '{}'::jsonb),
  ('54f83a91-62cc-5eeb-ab15-558e628af9a1'::uuid, '3cbedc7a-a552-5f04-a1d8-dcf9b13223e4'::uuid, 1, 'สะ', 'sa', null, '{}'::jsonb),
  ('d3b46268-2a9d-5c11-a4e3-7582bdfb5adc'::uuid, '3cbedc7a-a552-5f04-a1d8-dcf9b13223e4'::uuid, 2, 'นุก', 'nuk', null, '{}'::jsonb),
  ('631b39b9-48bc-50e3-aace-13fdfca054b4'::uuid, '8f5f0a36-8b88-5899-a374-902c8ccc7d85'::uuid, 1, 'สุด', 'sut', null, '{}'::jsonb),
  ('b50a3d8b-c0aa-5fd9-ae7e-c0b6a2f70f38'::uuid, '80d07517-ec44-52c4-a8c0-32a13e8b620f'::uuid, 1, 'สด', 'sot', null, '{}'::jsonb),
  ('6e6d8e07-1d44-589d-ac4b-c1b64d005e05'::uuid, '9bf27553-37c4-5eb4-a25f-3cd94a769825'::uuid, 1, 'สะ', 'sa', null, '{}'::jsonb),
  ('7a61582c-bceb-56bb-abb3-38ba3b2c16f8'::uuid, '9bf27553-37c4-5eb4-a25f-3cd94a769825'::uuid, 2, 'มุด', 'mut', null, '{}'::jsonb),
  ('31aba589-e9b4-55b9-a362-ce3decebe0d7'::uuid, 'd9a39e42-58de-53a3-a768-752c144b9c6b'::uuid, 1, 'สาม', 'saam', null, '{}'::jsonb),
  ('7445e101-3998-5c76-ade4-816c32b4cc98'::uuid, 'd9a39e42-58de-53a3-a768-752c144b9c6b'::uuid, 2, 'สิบ', 'sip', null, '{}'::jsonb),
  ('027d181f-be81-551a-ac35-5d686680838f'::uuid, '79b85f07-1c04-5cf4-aedc-10e88083faf6'::uuid, 1, 'ส้ม', 'som', null, '{}'::jsonb),
  ('de1bb0b7-3810-5667-a61d-b204b50c11d2'::uuid, '79b85f07-1c04-5cf4-aedc-10e88083faf6'::uuid, 2, 'สด', 'sot', null, '{}'::jsonb),
  ('383a12a4-20b9-5135-ab6f-4e650d206fa2'::uuid, '49d998d8-81d7-509b-ab5c-b6fab9b2e9c3'::uuid, 1, 'ขวา', 'khwaa', null, '{}'::jsonb),
  ('b302b67a-38bf-58b8-aa12-b566ce03c52a'::uuid, 'ad5f5493-0875-5b14-a014-ed4c5d2d7a8a'::uuid, 1, 'ข่าว', 'khaao', null, '{}'::jsonb),
  ('ec2839b9-0441-5333-a75a-5657edd10dc0'::uuid, '4b277ab9-99f9-523d-a6b3-895443e63944'::uuid, 1, 'ขาว', 'khaao', null, '{}'::jsonb),
  ('0ce56a07-3123-5324-adfa-78deb61a61ca'::uuid, '8a92dbf1-5054-53f5-a5a4-6a75e342a6ee'::uuid, 1, 'ขวด', 'khuat', null, '{}'::jsonb),
  ('ea75e3ea-5e36-5e1c-a011-e2ac3a134aa7'::uuid, 'ecee6e47-ebbb-5dae-aad2-38cfec474745'::uuid, 1, 'ขา', 'khaa', null, '{}'::jsonb),
  ('9bf6e971-ba6c-54fb-a2b2-55d1a856a17f'::uuid, '5d489b6f-4e4d-5924-a401-f2c555ed94f8'::uuid, 1, 'ขม', 'khom', null, '{}'::jsonb),
  ('b4d09947-2777-59e7-a86f-229874ac0b7e'::uuid, '1621be98-12f7-5c95-a927-eb04c7ccbdbd'::uuid, 1, 'ขาด', 'khaat', null, '{}'::jsonb),
  ('914dcd6b-685f-5f14-ad9c-92e3ef21eddd'::uuid, '27f8a8b4-3ade-5533-a6bc-5a7bb7fdd7f4'::uuid, 1, 'วาด', 'waat', null, '{}'::jsonb),
  ('bcb0bff4-6b02-5e33-a009-886bad4eab8e'::uuid, '04f9ae15-2e7a-57b1-a70e-d8c7c10f10f7'::uuid, 1, 'ว่า', 'waa', null, '{}'::jsonb),
  ('fc58a138-a0e5-5208-a2a9-f99cdaa5ad5b'::uuid, '0f38335e-0377-50b9-a08c-34d41e5821ac'::uuid, 1, 'ดาว', 'daao', null, '{}'::jsonb),
  ('499a98a4-2867-58aa-a314-cabd8670e50e'::uuid, '4380bfe9-6e97-500e-afa1-c84528ddd28c'::uuid, 1, 'สวน', 'suan', null, '{}'::jsonb),
  ('dd8dae2d-106e-52b7-a45b-1a9e8511c7b4'::uuid, 'bb650142-5eea-5cbe-a533-eaf8abae663d'::uuid, 1, 'ข้าว', 'khaao', null, '{}'::jsonb),
  ('4e634ad0-bdf5-5f9f-aa73-7e1ca674f3f7'::uuid, 'bb650142-5eea-5cbe-a533-eaf8abae663d'::uuid, 2, 'ขาว', 'khaao', null, '{}'::jsonb),
  ('622a535f-8844-50a3-ae48-cf6f0ee2a2d8'::uuid, '8add2650-ea68-509f-ae3d-8c35db8b7b59'::uuid, 1, 'หู', 'huu', null, '{}'::jsonb),
  ('45ba47f9-caaa-5db1-a290-6adb1a97f91c'::uuid, '8c79ebe5-9b38-5d70-a534-b40b909e194e'::uuid, 1, 'หมา', 'maa', null, '{}'::jsonb),
  ('e8a216d2-63a5-58ac-ac31-0e132c72a7c3'::uuid, 'f4755169-67ed-53b6-ac5f-8f9c0b01cc4f'::uuid, 1, 'หา', 'haa', null, '{}'::jsonb),
  ('de9e7c55-ea60-5137-a807-a5c72f033c24'::uuid, 'f12c3344-3a1f-53c0-a42e-0f068f47080c'::uuid, 1, 'รู้', 'ruu', null, '{}'::jsonb),
  ('862bfa4c-37ff-5b23-a3a1-a94e8ddba961'::uuid, '598027dc-4153-5c7b-adcd-e5c1fecc9140'::uuid, 1, 'ดู', 'duu', null, '{}'::jsonb),
  ('369f1ceb-6700-555a-a4c9-5bf1ac1a8dc6'::uuid, 'cda49f45-c2e6-58b2-ad64-ce6066aeb0fa'::uuid, 1, 'หิว', 'hiw', null, '{}'::jsonb),
  ('2ef8dc90-7b54-506f-abf8-f0b3f6dfa2b3'::uuid, '52c43174-6f7b-563d-a0cc-490c2598a58a'::uuid, 1, 'หมด', 'mot', null, '{}'::jsonb),
  ('660c4ed5-dbdf-5d26-aa26-c4507ee9d9e2'::uuid, '0edbc717-9d7f-5069-ad5a-fd22c5ec3c54'::uuid, 1, 'ลูก', 'luuk', null, '{}'::jsonb),
  ('6a67652f-999f-5cc3-ad78-80daafd28ae4'::uuid, '7c54b99c-c014-5d9d-abe1-b92bbc15d050'::uuid, 1, 'ตู้', 'tuu', null, '{}'::jsonb),
  ('63a816da-9b1b-5318-afa7-8bebf5993430'::uuid, 'cbbf92fe-74b0-5d46-a1d9-9b5e2e19cff2'::uuid, 1, 'สู้', 'suu', null, '{}'::jsonb),
  ('e9c78ddc-eec8-5c9b-afc3-a6fe37047cea'::uuid, 'c7fa958a-64c3-52ea-a4ba-845f0a7feb4e'::uuid, 1, 'หวาน', 'waan', null, '{}'::jsonb),
  ('345a7b67-3681-531d-a9d4-82758982b8f0'::uuid, '8968cae3-fe97-5863-af6c-6932e5f2d4fb'::uuid, 1, 'ห้าม', 'haam', null, '{}'::jsonb),
  ('2695aea4-ae02-5c87-a06a-8be5f0e753a8'::uuid, '7ba77c91-000c-5258-aff4-7680dd07e122'::uuid, 1, 'หิว', 'hiw', null, '{}'::jsonb),
  ('dd597a93-d331-5070-a025-92cba786411c'::uuid, '7ba77c91-000c-5258-aff4-7680dd07e122'::uuid, 2, 'มาก', 'maak', null, '{}'::jsonb),
  ('4d2b90fa-cb5f-524b-a12d-4c00c21fa101'::uuid, '1aa8932e-9563-5621-aaec-4477efb463ff'::uuid, 1, 'หมู', 'muu', null, '{}'::jsonb),
  ('99ac1921-2608-5f78-aed5-ae28732f4d14'::uuid, '1aa8932e-9563-5621-aaec-4477efb463ff'::uuid, 2, 'สด', 'sot', null, '{}'::jsonb),
  ('42b11f36-8f65-5930-a202-5bf918da9f18'::uuid, 'c0ae7fff-a846-5198-af67-4174b5a833ab'::uuid, 1, 'ออก', 'awk', null, '{}'::jsonb),
  ('170d2393-5964-5c4b-a0da-2f7420cbc4e2'::uuid, '46902c0d-543a-55e1-ab8a-e5d2c299ab39'::uuid, 1, 'ขอ', 'khaaw', null, '{}'::jsonb),
  ('85972f99-9c83-53fe-a80e-4dee76b4bfa9'::uuid, '7debb9fb-b969-59fa-a6de-bda8eb99829c'::uuid, 1, 'ชอบ', 'chaawp', null, '{}'::jsonb),
  ('953319d7-09d9-5e45-a350-6f72cba527e2'::uuid, 'e1949758-58f1-594e-a1c4-fff2d139bc20'::uuid, 1, 'ร้อน', 'raawn', null, '{}'::jsonb),
  ('efc01569-f233-5fa5-a7be-692b92713c7a'::uuid, 'be7afec8-972c-5cc1-a833-fa707d436cd8'::uuid, 1, 'รอ', 'raaw', null, '{}'::jsonb),
  ('d7678511-405d-5e4b-a8fc-047cd9a957f2'::uuid, 'f6aa72e4-6ec4-5756-a920-7e868f166d6d'::uuid, 1, 'บอก', 'baawk', null, '{}'::jsonb),
  ('0c98f81d-8beb-5c8d-aff7-b3970ef4a43f'::uuid, '1bf9cebe-27d0-5606-a9f6-96d3eaf3b7fb'::uuid, 1, 'หมอ', 'maaw', null, '{}'::jsonb),
  ('b0cc95da-fc0b-5812-af0c-b004fe87c5b2'::uuid, 'cae64235-6767-58f0-ac6b-dd2e62c23141'::uuid, 1, 'ดอก', 'daawk', null, '{}'::jsonb),
  ('5675a460-4197-5962-acdd-153d6557df9b'::uuid, 'a1b845ac-b7ec-57bc-ae29-1151128172f0'::uuid, 1, 'หอม', 'haawm', null, '{}'::jsonb),
  ('76ba7612-dc7e-5305-a0d8-b67178f0acc6'::uuid, '7f0cf283-d9f0-5d82-a968-3c8605cfb741'::uuid, 1, 'ตอบ', 'dtaawp', null, '{}'::jsonb),
  ('3b7591f2-8118-5822-a15c-17a72572bccf'::uuid, '6e3d61d8-c2a8-5d55-aaff-4512b69e43da'::uuid, 1, 'อ้วน', 'uuan', null, '{}'::jsonb),
  ('59d67387-3ab9-52ae-afde-566e761496db'::uuid, '038d8c5a-b113-5036-afe0-83c560b4e838'::uuid, 1, 'ขอ', 'khaaw', null, '{}'::jsonb),
  ('a1ed8ff9-8469-5d22-a9d7-187f60fcfd1b'::uuid, '038d8c5a-b113-5036-afe0-83c560b4e838'::uuid, 2, 'ชา', 'chaa', null, '{}'::jsonb),
  ('ccdd8af6-a90d-50ec-ae62-8f2d37d7f857'::uuid, 'f7ae2242-6833-5d1c-a43c-9d4c8c3afd39'::uuid, 1, 'ชอบ', 'chaawp', null, '{}'::jsonb),
  ('cfffaca0-31f0-562a-acb8-b536dee20411'::uuid, 'f7ae2242-6833-5d1c-a43c-9d4c8c3afd39'::uuid, 2, 'มาก', 'maak', null, '{}'::jsonb),
  ('b98e75fb-855b-522f-a358-2364ae11957f'::uuid, 'b0c734f8-b446-5b48-ab6f-188e3678a636'::uuid, 1, 'ผัก', 'phak', null, '{}'::jsonb),
  ('734f0b59-7a40-59c8-a645-cf407fc6efd0'::uuid, 'dad63552-fe4a-55e4-a8e1-9e0804d5a448'::uuid, 1, 'ผม', 'phom', null, '{}'::jsonb),
  ('7171f17a-790b-5fe9-a3e7-f66214b52870'::uuid, '07330a77-9112-51d7-a364-42c132bc7614'::uuid, 1, 'รัก', 'rak', null, '{}'::jsonb),
  ('139bcde6-ed4b-516c-af5f-317f9d865e44'::uuid, '5d73dcdf-4d91-5d90-ad80-d7c6c4d1c3a7'::uuid, 1, 'วัน', 'wan', null, '{}'::jsonb),
  ('16f8bd2c-45d4-5c1b-a486-5c6489e5c588'::uuid, '60e93954-b63a-52aa-a0ea-881bda6a7364'::uuid, 1, 'มัน', 'man', null, '{}'::jsonb),
  ('c0e6bce8-bc1d-54b5-a9fb-b869e10520ef'::uuid, '2ef7151f-6563-5b7b-a5e9-fe8de6c75f66'::uuid, 1, 'วัด', 'wat', null, '{}'::jsonb),
  ('026e001d-9114-53b1-ab33-215a37243437'::uuid, 'a9b39b92-ff0e-56e0-a99a-6e0afc2df519'::uuid, 1, 'รับ', 'rap', null, '{}'::jsonb),
  ('2c1a42f3-2511-52ca-af28-632ff0978891'::uuid, '47638a79-db13-5297-ad71-1c26b39d6a22'::uuid, 1, 'ขับ', 'khap', null, '{}'::jsonb),
  ('23ea77e8-8db1-59be-ad8d-5f0103ed6951'::uuid, '0c3d4a24-2b48-581a-a296-6f0b7480f539'::uuid, 1, 'หัว', 'hua', null, '{}'::jsonb),
  ('3b92b4bb-549e-55d8-ab09-119203352a55'::uuid, 'cb1240ca-1d7b-5509-a6e2-d53911ecf508'::uuid, 1, 'ตับ', 'dtap', null, '{}'::jsonb),
  ('1e59f23e-e064-5e78-a76d-d81481b08745'::uuid, '05a466bf-5f31-5bfa-af06-d11c752c2595'::uuid, 1, 'สั้น', 'san', null, '{}'::jsonb),
  ('bdf41a71-e197-5d16-a93e-5c1cfa5e987d'::uuid, 'ee58ba57-f2fb-5b14-a9da-e37e9d0f800f'::uuid, 1, 'ผ้า', 'phaa', null, '{}'::jsonb),
  ('005c960e-d7b3-5bb8-a137-8e6a0d33f947'::uuid, 'd15b5e1e-de21-5f76-af19-397033576d45'::uuid, 1, 'ผี', 'phii', null, '{}'::jsonb),
  ('749eec13-bb9b-5286-ab7a-a3891540d613'::uuid, '18d020b7-932a-5d37-a916-eb1cba31dc37'::uuid, 1, 'ตัว', 'dtua', null, '{}'::jsonb),
  ('adf152fa-796b-539f-a679-e258d839fa5d'::uuid, '82fe7ab6-0023-50d4-a20c-cd5e249f5adc'::uuid, 1, 'ผัด', 'phat', null, '{}'::jsonb),
  ('5455d4da-81ef-5fdd-aff4-e65fc60834c3'::uuid, '82fe7ab6-0023-50d4-a20c-cd5e249f5adc'::uuid, 2, 'ผัก', 'phak', null, '{}'::jsonb),
  ('53e551ea-36a1-5352-a8eb-9e904d166df6'::uuid, 'ca72f102-44a9-518b-acc8-90b517fabec7'::uuid, 1, 'ผม', 'phom', null, '{}'::jsonb),
  ('69a1396a-570c-5aad-acac-a82ee3b15132'::uuid, 'ca72f102-44a9-518b-acc8-90b517fabec7'::uuid, 2, 'หิว', 'hiw', null, '{}'::jsonb),
  ('15fce1b3-26c5-5bdb-aa8a-c878244a34ca'::uuid, '3c992023-814d-5a7d-a46d-28107afdf750'::uuid, 1, 'รัก', 'rak', null, '{}'::jsonb),
  ('a6390d52-3584-571e-a51a-de6dd3cddd62'::uuid, '3c992023-814d-5a7d-a46d-28107afdf750'::uuid, 2, 'แม่', 'mae', null, '{}'::jsonb);

insert into curriculum.lesson_vocabulary (
  lesson_id,
  vocabulary_item_id,
  role_key,
  ordinal_in_role,
  is_drill_target,
  metadata
)
values
  ('b248fb0f-5294-57b4-af76-9938cb3f905c'::uuid, 'c3faa381-054e-5dd0-a64b-fe084d0afe2e'::uuid, 'practice_core', 1, true, '{"sourceType":"real"}'::jsonb),
  ('b248fb0f-5294-57b4-af76-9938cb3f905c'::uuid, 'c8d1b913-736c-5dcd-a387-f779532f980e'::uuid, 'practice_core', 2, true, '{"sourceType":"real"}'::jsonb),
  ('b248fb0f-5294-57b4-af76-9938cb3f905c'::uuid, 'd548bc58-bb46-5e64-a208-ccd84400c5b7'::uuid, 'practice_core', 3, true, '{"sourceType":"real"}'::jsonb),
  ('b248fb0f-5294-57b4-af76-9938cb3f905c'::uuid, 'cae6f954-ee78-5cc6-a2f8-377592ff4bfa'::uuid, 'practice_core', 4, true, '{"sourceType":"nonsense"}'::jsonb),
  ('4497309f-83d5-5cfd-ae20-98d182c44e7a'::uuid, 'da9766d5-9cc7-5389-a981-8f9306e6b805'::uuid, 'practice_core', 1, true, '{"sourceType":"real"}'::jsonb),
  ('4497309f-83d5-5cfd-ae20-98d182c44e7a'::uuid, 'd0ef507d-f79d-5a6e-af15-15389b449c25'::uuid, 'practice_core', 2, true, '{"sourceType":"real"}'::jsonb),
  ('4497309f-83d5-5cfd-ae20-98d182c44e7a'::uuid, '2fb0d7d0-e813-5ed3-a01c-11e7b9cb22cd'::uuid, 'practice_core', 3, true, '{"sourceType":"real"}'::jsonb),
  ('4497309f-83d5-5cfd-ae20-98d182c44e7a'::uuid, 'f932c1d2-de4f-5a71-a5c9-aa0acbd6f665'::uuid, 'practice_core', 4, true, '{"sourceType":"phrase"}'::jsonb),
  ('4497309f-83d5-5cfd-ae20-98d182c44e7a'::uuid, 'c3faa381-054e-5dd0-a64b-fe084d0afe2e'::uuid, 'practice_core', 5, true, '{"sourceType":"real"}'::jsonb),
  ('4497309f-83d5-5cfd-ae20-98d182c44e7a'::uuid, 'ed1aa82b-1c19-59de-ad16-fcc1669fd68b'::uuid, 'practice_core', 6, true, '{"sourceType":"real"}'::jsonb),
  ('4497309f-83d5-5cfd-ae20-98d182c44e7a'::uuid, 'c8d1b913-736c-5dcd-a387-f779532f980e'::uuid, 'practice_core', 7, true, '{"sourceType":"real"}'::jsonb),
  ('3be425cd-ea3e-5f8a-ab88-b1efae8eb80f'::uuid, 'd7782977-ee79-5e00-ae86-265f4b4e9034'::uuid, 'practice_core', 1, true, '{"sourceType":"real"}'::jsonb),
  ('3be425cd-ea3e-5f8a-ab88-b1efae8eb80f'::uuid, '142df77a-2c8f-5948-af3f-26e5778ff982'::uuid, 'practice_core', 2, true, '{"sourceType":"real"}'::jsonb),
  ('3be425cd-ea3e-5f8a-ab88-b1efae8eb80f'::uuid, '86538398-e5ca-5917-a618-e7586d124894'::uuid, 'practice_core', 3, true, '{"sourceType":"real"}'::jsonb),
  ('3be425cd-ea3e-5f8a-ab88-b1efae8eb80f'::uuid, 'd23e29b9-adb5-5ff0-a665-1a2096af5bc1'::uuid, 'practice_core', 4, true, '{"sourceType":"real"}'::jsonb),
  ('3be425cd-ea3e-5f8a-ab88-b1efae8eb80f'::uuid, 'd0ef507d-f79d-5a6e-af15-15389b449c25'::uuid, 'practice_core', 5, true, '{"sourceType":"real"}'::jsonb),
  ('3be425cd-ea3e-5f8a-ab88-b1efae8eb80f'::uuid, 'c321b707-4346-5fb4-a2ec-ef4ae570730a'::uuid, 'practice_core', 6, true, '{"sourceType":"real"}'::jsonb),
  ('3be425cd-ea3e-5f8a-ab88-b1efae8eb80f'::uuid, '2fb0d7d0-e813-5ed3-a01c-11e7b9cb22cd'::uuid, 'practice_core', 7, true, '{"sourceType":"real"}'::jsonb),
  ('3be425cd-ea3e-5f8a-ab88-b1efae8eb80f'::uuid, 'ed1aa82b-1c19-59de-ad16-fcc1669fd68b'::uuid, 'practice_core', 8, true, '{"sourceType":"real"}'::jsonb),
  ('4de66997-87a5-56cb-a66f-7b2cce6228ed'::uuid, '85fd9b41-dc44-5bee-a89e-eba19102c6fe'::uuid, 'practice_core', 1, true, '{"sourceType":"real"}'::jsonb),
  ('4de66997-87a5-56cb-a66f-7b2cce6228ed'::uuid, 'd512d636-b40f-5d24-acc3-1e7a586086fc'::uuid, 'practice_core', 2, true, '{"sourceType":"real"}'::jsonb),
  ('4de66997-87a5-56cb-a66f-7b2cce6228ed'::uuid, 'ce9a0864-6fa5-5db8-aa3f-620547a527ab'::uuid, 'practice_core', 3, true, '{"sourceType":"real"}'::jsonb),
  ('4de66997-87a5-56cb-a66f-7b2cce6228ed'::uuid, 'f52a4423-3825-5d2f-a688-dd7536f28b92'::uuid, 'practice_core', 4, true, '{"sourceType":"real"}'::jsonb),
  ('4de66997-87a5-56cb-a66f-7b2cce6228ed'::uuid, 'b95dc95e-c0a9-5d38-a6a4-2b85377bed24'::uuid, 'practice_core', 5, true, '{"sourceType":"real"}'::jsonb),
  ('4de66997-87a5-56cb-a66f-7b2cce6228ed'::uuid, '8bb882a2-df23-530c-ac76-254c1ece38f1'::uuid, 'practice_core', 6, true, '{"sourceType":"real"}'::jsonb),
  ('4de66997-87a5-56cb-a66f-7b2cce6228ed'::uuid, '5bd76382-990f-518b-a22d-2c2d1a9b68f5'::uuid, 'practice_core', 7, true, '{"sourceType":"real"}'::jsonb),
  ('4de66997-87a5-56cb-a66f-7b2cce6228ed'::uuid, '6f963964-1641-57fc-a3f1-b1e43e5bc3fa'::uuid, 'practice_core', 8, true, '{"sourceType":"real"}'::jsonb),
  ('4de66997-87a5-56cb-a66f-7b2cce6228ed'::uuid, 'b1e8228c-b6a4-54d2-a459-0b207dc222b1'::uuid, 'practice_core', 9, true, '{"sourceType":"real"}'::jsonb),
  ('4de66997-87a5-56cb-a66f-7b2cce6228ed'::uuid, '3237ade6-2a5b-50e9-a5c7-37cbdf3d442d'::uuid, 'practice_core', 10, true, '{"sourceType":"real"}'::jsonb),
  ('0afff15b-0b20-53d3-ae86-21d3fe37de52'::uuid, '0cdff46d-d2ce-57e2-ae77-8a5e3d6dbf7a'::uuid, 'practice_core', 1, true, '{"sourceType":"real"}'::jsonb),
  ('0afff15b-0b20-53d3-ae86-21d3fe37de52'::uuid, '9097f5cb-6e39-542d-ab00-4606cacae615'::uuid, 'practice_core', 2, true, '{"sourceType":"real"}'::jsonb),
  ('0afff15b-0b20-53d3-ae86-21d3fe37de52'::uuid, '26d4022b-01d5-5d00-ae7b-c10243eebf3b'::uuid, 'practice_core', 3, true, '{"sourceType":"real"}'::jsonb),
  ('0afff15b-0b20-53d3-ae86-21d3fe37de52'::uuid, '82cad9f2-05d2-56aa-a194-fa4c6dfe85ff'::uuid, 'practice_core', 4, true, '{"sourceType":"real"}'::jsonb),
  ('0afff15b-0b20-53d3-ae86-21d3fe37de52'::uuid, '43928d42-5009-56d4-aeaf-c3d01a2bffd0'::uuid, 'practice_core', 5, true, '{"sourceType":"real"}'::jsonb),
  ('0afff15b-0b20-53d3-ae86-21d3fe37de52'::uuid, 'b64d7172-1785-5bf4-aba4-37cc44d18d39'::uuid, 'practice_core', 6, true, '{"sourceType":"real"}'::jsonb),
  ('0afff15b-0b20-53d3-ae86-21d3fe37de52'::uuid, '80361b23-0c1c-5fea-a406-7c820e2c35c5'::uuid, 'practice_core', 7, true, '{"sourceType":"real"}'::jsonb),
  ('0afff15b-0b20-53d3-ae86-21d3fe37de52'::uuid, 'f1c203bb-50b5-5872-a1b8-40cdaae0eb02'::uuid, 'practice_core', 8, true, '{"sourceType":"real"}'::jsonb),
  ('0afff15b-0b20-53d3-ae86-21d3fe37de52'::uuid, '85fd9b41-dc44-5bee-a89e-eba19102c6fe'::uuid, 'practice_core', 9, true, '{"sourceType":"real"}'::jsonb),
  ('0afff15b-0b20-53d3-ae86-21d3fe37de52'::uuid, 'c1a868cf-2bdf-5f27-acd2-86fa5162beb3'::uuid, 'practice_core', 10, true, '{"sourceType":"real"}'::jsonb),
  ('0afff15b-0b20-53d3-ae86-21d3fe37de52'::uuid, 'c321b707-4346-5fb4-a2ec-ef4ae570730a'::uuid, 'practice_extension', 1, true, '{"sourceType":"real"}'::jsonb),
  ('0afff15b-0b20-53d3-ae86-21d3fe37de52'::uuid, '6f963964-1641-57fc-a3f1-b1e43e5bc3fa'::uuid, 'practice_extension', 2, true, '{"sourceType":"real"}'::jsonb),
  ('dc5e9698-631e-5ce9-a0da-6c7fb1abd338'::uuid, '0e2abce6-bed9-5ca0-a6b2-e09afc124410'::uuid, 'practice_core', 1, true, '{"sourceType":"real"}'::jsonb),
  ('dc5e9698-631e-5ce9-a0da-6c7fb1abd338'::uuid, 'a23f7435-c081-54d4-abaa-0287352f280f'::uuid, 'practice_core', 2, true, '{"sourceType":"real"}'::jsonb),
  ('dc5e9698-631e-5ce9-a0da-6c7fb1abd338'::uuid, '999b600f-d3d2-5d5a-aff6-b0db7661510b'::uuid, 'practice_core', 3, true, '{"sourceType":"real"}'::jsonb),
  ('dc5e9698-631e-5ce9-a0da-6c7fb1abd338'::uuid, 'c336b414-7092-5360-afeb-e00fc28829bf'::uuid, 'practice_core', 4, true, '{"sourceType":"real"}'::jsonb),
  ('dc5e9698-631e-5ce9-a0da-6c7fb1abd338'::uuid, '01ce66af-4e79-5b14-a794-033f56ee7e39'::uuid, 'practice_core', 5, true, '{"sourceType":"real"}'::jsonb),
  ('dc5e9698-631e-5ce9-a0da-6c7fb1abd338'::uuid, '0b650405-5f9d-5cc0-ad3f-83a853e24962'::uuid, 'practice_core', 6, true, '{"sourceType":"real"}'::jsonb),
  ('dc5e9698-631e-5ce9-a0da-6c7fb1abd338'::uuid, '28b1a975-232b-5c2f-ae30-832858b634ee'::uuid, 'practice_core', 7, true, '{"sourceType":"real"}'::jsonb),
  ('5f706588-560c-598f-ab7a-52a47ecb2015'::uuid, '6a66a60f-c509-56f7-a54b-bd44a4028c40'::uuid, 'practice_core', 1, true, '{"sourceType":"real"}'::jsonb),
  ('5f706588-560c-598f-ab7a-52a47ecb2015'::uuid, '78377bc9-780c-569b-af55-a4e43492b8ac'::uuid, 'practice_core', 2, true, '{"sourceType":"real"}'::jsonb),
  ('5f706588-560c-598f-ab7a-52a47ecb2015'::uuid, 'c328a5e5-6749-5e36-acd0-170fffcf5e4d'::uuid, 'practice_core', 3, true, '{"sourceType":"real"}'::jsonb),
  ('5f706588-560c-598f-ab7a-52a47ecb2015'::uuid, '8af6bfe1-3b05-5ada-a070-0cafba9b65be'::uuid, 'practice_core', 4, true, '{"sourceType":"real"}'::jsonb),
  ('5f706588-560c-598f-ab7a-52a47ecb2015'::uuid, 'cccd4ff6-3438-5676-ac28-90cf88fa8941'::uuid, 'practice_core', 5, true, '{"sourceType":"real"}'::jsonb),
  ('5f706588-560c-598f-ab7a-52a47ecb2015'::uuid, 'c56de297-1a8f-5f2e-a9ba-5345ef5540bc'::uuid, 'practice_core', 6, true, '{"sourceType":"real"}'::jsonb),
  ('5f706588-560c-598f-ab7a-52a47ecb2015'::uuid, '2498f294-f413-5697-a418-9ede9e739f4b'::uuid, 'practice_core', 7, true, '{"sourceType":"real"}'::jsonb),
  ('5f706588-560c-598f-ab7a-52a47ecb2015'::uuid, 'd5e43ad2-f9f4-5a78-ac14-995f15b83169'::uuid, 'practice_core', 8, true, '{"sourceType":"phrase"}'::jsonb),
  ('a85af404-45e0-50ae-a491-e082f54018a8'::uuid, '04981577-f898-5f42-ab6b-336cc3b526a5'::uuid, 'practice_core', 1, true, '{"sourceType":"real"}'::jsonb),
  ('a85af404-45e0-50ae-a491-e082f54018a8'::uuid, '6fef4f01-e1de-53f6-aa34-34c060d1b847'::uuid, 'practice_core', 2, true, '{"sourceType":"real"}'::jsonb),
  ('a85af404-45e0-50ae-a491-e082f54018a8'::uuid, '5cded218-1a29-5f43-aa86-0333a6b83802'::uuid, 'practice_core', 3, true, '{"sourceType":"real"}'::jsonb),
  ('a85af404-45e0-50ae-a491-e082f54018a8'::uuid, 'f6f40f9d-5920-56c7-ad3c-f8c251f15074'::uuid, 'practice_core', 4, true, '{"sourceType":"real"}'::jsonb),
  ('a85af404-45e0-50ae-a491-e082f54018a8'::uuid, '123734b3-b6f6-5e91-ad26-b556d9a700d8'::uuid, 'practice_core', 5, true, '{"sourceType":"real"}'::jsonb),
  ('a85af404-45e0-50ae-a491-e082f54018a8'::uuid, '55b20bc1-ad75-526e-a9b8-5e84c53169f6'::uuid, 'practice_core', 6, true, '{"sourceType":"real"}'::jsonb),
  ('a85af404-45e0-50ae-a491-e082f54018a8'::uuid, '0faee178-a297-58d6-a92a-2a8f533b4991'::uuid, 'practice_core', 7, true, '{"sourceType":"real"}'::jsonb),
  ('a85af404-45e0-50ae-a491-e082f54018a8'::uuid, 'a4a954e0-6ba3-5292-a173-5ad05f9964ce'::uuid, 'practice_core', 8, true, '{"sourceType":"real"}'::jsonb),
  ('a85af404-45e0-50ae-a491-e082f54018a8'::uuid, '85fd9b41-dc44-5bee-a89e-eba19102c6fe'::uuid, 'practice_extension', 1, true, '{"sourceType":"real"}'::jsonb),
  ('a85af404-45e0-50ae-a491-e082f54018a8'::uuid, 'f1c203bb-50b5-5872-a1b8-40cdaae0eb02'::uuid, 'practice_extension', 2, true, '{"sourceType":"real"}'::jsonb),
  ('a85af404-45e0-50ae-a491-e082f54018a8'::uuid, '6a66a60f-c509-56f7-a54b-bd44a4028c40'::uuid, 'practice_extension', 3, true, '{"sourceType":"real"}'::jsonb),
  ('a85af404-45e0-50ae-a491-e082f54018a8'::uuid, '63417404-20b6-5c86-a755-817318929a4c'::uuid, 'practice_extension', 4, true, '{"sourceType":"real"}'::jsonb),
  ('fb4954f1-e326-56e2-a3d1-b4132b60e254'::uuid, '19e88090-7511-52e2-a642-6b7417be5672'::uuid, 'practice_core', 1, true, '{"sourceType":"real"}'::jsonb),
  ('fb4954f1-e326-56e2-a3d1-b4132b60e254'::uuid, 'cc6952b1-247e-5295-a69b-5c101bbac32e'::uuid, 'practice_core', 2, true, '{"sourceType":"real"}'::jsonb),
  ('fb4954f1-e326-56e2-a3d1-b4132b60e254'::uuid, '78a836eb-7d55-50ee-a937-1d175bbb96a6'::uuid, 'practice_core', 3, true, '{"sourceType":"real"}'::jsonb),
  ('fb4954f1-e326-56e2-a3d1-b4132b60e254'::uuid, '3cbedc7a-a552-5f04-a1d8-dcf9b13223e4'::uuid, 'practice_core', 4, true, '{"sourceType":"real"}'::jsonb),
  ('fb4954f1-e326-56e2-a3d1-b4132b60e254'::uuid, '8f5f0a36-8b88-5899-a374-902c8ccc7d85'::uuid, 'practice_core', 5, true, '{"sourceType":"real"}'::jsonb),
  ('fb4954f1-e326-56e2-a3d1-b4132b60e254'::uuid, '80d07517-ec44-52c4-a8c0-32a13e8b620f'::uuid, 'practice_core', 6, true, '{"sourceType":"real"}'::jsonb),
  ('fb4954f1-e326-56e2-a3d1-b4132b60e254'::uuid, '9bf27553-37c4-5eb4-a25f-3cd94a769825'::uuid, 'practice_core', 7, true, '{"sourceType":"real"}'::jsonb),
  ('fb4954f1-e326-56e2-a3d1-b4132b60e254'::uuid, 'd9a39e42-58de-53a3-a768-752c144b9c6b'::uuid, 'practice_extension', 1, true, '{"sourceType":"phrase"}'::jsonb),
  ('fb4954f1-e326-56e2-a3d1-b4132b60e254'::uuid, '79b85f07-1c04-5cf4-aedc-10e88083faf6'::uuid, 'practice_extension', 2, true, '{"sourceType":"phrase"}'::jsonb),
  ('489857d0-a162-5afa-a7bb-c797b5761864'::uuid, '49d998d8-81d7-509b-ab5c-b6fab9b2e9c3'::uuid, 'practice_core', 1, true, '{"sourceType":"real"}'::jsonb),
  ('489857d0-a162-5afa-a7bb-c797b5761864'::uuid, 'ad5f5493-0875-5b14-a014-ed4c5d2d7a8a'::uuid, 'practice_core', 2, true, '{"sourceType":"real"}'::jsonb),
  ('489857d0-a162-5afa-a7bb-c797b5761864'::uuid, '4b277ab9-99f9-523d-a6b3-895443e63944'::uuid, 'practice_core', 3, true, '{"sourceType":"real"}'::jsonb),
  ('489857d0-a162-5afa-a7bb-c797b5761864'::uuid, '8a92dbf1-5054-53f5-a5a4-6a75e342a6ee'::uuid, 'practice_core', 4, true, '{"sourceType":"real"}'::jsonb),
  ('489857d0-a162-5afa-a7bb-c797b5761864'::uuid, 'ecee6e47-ebbb-5dae-aad2-38cfec474745'::uuid, 'practice_core', 5, true, '{"sourceType":"real"}'::jsonb),
  ('489857d0-a162-5afa-a7bb-c797b5761864'::uuid, '5d489b6f-4e4d-5924-a401-f2c555ed94f8'::uuid, 'practice_core', 6, true, '{"sourceType":"real"}'::jsonb),
  ('489857d0-a162-5afa-a7bb-c797b5761864'::uuid, '1621be98-12f7-5c95-a927-eb04c7ccbdbd'::uuid, 'practice_core', 7, true, '{"sourceType":"real"}'::jsonb),
  ('489857d0-a162-5afa-a7bb-c797b5761864'::uuid, '27f8a8b4-3ade-5533-a6bc-5a7bb7fdd7f4'::uuid, 'practice_core', 8, true, '{"sourceType":"real"}'::jsonb),
  ('489857d0-a162-5afa-a7bb-c797b5761864'::uuid, '04f9ae15-2e7a-57b1-a70e-d8c7c10f10f7'::uuid, 'practice_core', 9, true, '{"sourceType":"real"}'::jsonb),
  ('489857d0-a162-5afa-a7bb-c797b5761864'::uuid, '0f38335e-0377-50b9-a08c-34d41e5821ac'::uuid, 'practice_core', 10, true, '{"sourceType":"real"}'::jsonb),
  ('489857d0-a162-5afa-a7bb-c797b5761864'::uuid, '4380bfe9-6e97-500e-afa1-c84528ddd28c'::uuid, 'practice_extension', 1, true, '{"sourceType":"real"}'::jsonb),
  ('489857d0-a162-5afa-a7bb-c797b5761864'::uuid, 'bb650142-5eea-5cbe-a533-eaf8abae663d'::uuid, 'practice_extension', 2, true, '{"sourceType":"phrase"}'::jsonb),
  ('6a8b53e3-50a0-5db3-a089-a15c56bc01c6'::uuid, '8add2650-ea68-509f-ae3d-8c35db8b7b59'::uuid, 'practice_core', 1, true, '{"sourceType":"real"}'::jsonb),
  ('6a8b53e3-50a0-5db3-a089-a15c56bc01c6'::uuid, '8c79ebe5-9b38-5d70-a534-b40b909e194e'::uuid, 'practice_core', 2, true, '{"sourceType":"real"}'::jsonb),
  ('6a8b53e3-50a0-5db3-a089-a15c56bc01c6'::uuid, 'f4755169-67ed-53b6-ac5f-8f9c0b01cc4f'::uuid, 'practice_core', 3, true, '{"sourceType":"real"}'::jsonb),
  ('6a8b53e3-50a0-5db3-a089-a15c56bc01c6'::uuid, 'f12c3344-3a1f-53c0-a42e-0f068f47080c'::uuid, 'practice_core', 4, true, '{"sourceType":"real"}'::jsonb),
  ('6a8b53e3-50a0-5db3-a089-a15c56bc01c6'::uuid, '598027dc-4153-5c7b-adcd-e5c1fecc9140'::uuid, 'practice_core', 5, true, '{"sourceType":"real"}'::jsonb),
  ('6a8b53e3-50a0-5db3-a089-a15c56bc01c6'::uuid, 'cda49f45-c2e6-58b2-ad64-ce6066aeb0fa'::uuid, 'practice_core', 6, true, '{"sourceType":"real"}'::jsonb),
  ('6a8b53e3-50a0-5db3-a089-a15c56bc01c6'::uuid, '52c43174-6f7b-563d-a0cc-490c2598a58a'::uuid, 'practice_core', 7, true, '{"sourceType":"real"}'::jsonb),
  ('6a8b53e3-50a0-5db3-a089-a15c56bc01c6'::uuid, '0edbc717-9d7f-5069-ad5a-fd22c5ec3c54'::uuid, 'practice_core', 8, true, '{"sourceType":"real"}'::jsonb),
  ('6a8b53e3-50a0-5db3-a089-a15c56bc01c6'::uuid, '7c54b99c-c014-5d9d-abe1-b92bbc15d050'::uuid, 'practice_core', 9, true, '{"sourceType":"real"}'::jsonb),
  ('6a8b53e3-50a0-5db3-a089-a15c56bc01c6'::uuid, 'cbbf92fe-74b0-5d46-a1d9-9b5e2e19cff2'::uuid, 'practice_core', 10, true, '{"sourceType":"real"}'::jsonb),
  ('6a8b53e3-50a0-5db3-a089-a15c56bc01c6'::uuid, 'c7fa958a-64c3-52ea-a4ba-845f0a7feb4e'::uuid, 'practice_extension', 1, true, '{"sourceType":"real"}'::jsonb),
  ('6a8b53e3-50a0-5db3-a089-a15c56bc01c6'::uuid, '8968cae3-fe97-5863-af6c-6932e5f2d4fb'::uuid, 'practice_extension', 2, true, '{"sourceType":"real"}'::jsonb),
  ('6a8b53e3-50a0-5db3-a089-a15c56bc01c6'::uuid, '7ba77c91-000c-5258-aff4-7680dd07e122'::uuid, 'practice_extension', 3, true, '{"sourceType":"phrase"}'::jsonb),
  ('6a8b53e3-50a0-5db3-a089-a15c56bc01c6'::uuid, '1aa8932e-9563-5621-aaec-4477efb463ff'::uuid, 'practice_extension', 4, true, '{"sourceType":"phrase"}'::jsonb),
  ('e387c914-ad75-5a7c-a972-cf079418042d'::uuid, 'c0ae7fff-a846-5198-af67-4174b5a833ab'::uuid, 'practice_core', 1, true, '{"sourceType":"real"}'::jsonb),
  ('e387c914-ad75-5a7c-a972-cf079418042d'::uuid, '46902c0d-543a-55e1-ab8a-e5d2c299ab39'::uuid, 'practice_core', 2, true, '{"sourceType":"real"}'::jsonb),
  ('e387c914-ad75-5a7c-a972-cf079418042d'::uuid, '7debb9fb-b969-59fa-a6de-bda8eb99829c'::uuid, 'practice_core', 3, true, '{"sourceType":"real"}'::jsonb),
  ('e387c914-ad75-5a7c-a972-cf079418042d'::uuid, 'e1949758-58f1-594e-a1c4-fff2d139bc20'::uuid, 'practice_core', 4, true, '{"sourceType":"real"}'::jsonb),
  ('e387c914-ad75-5a7c-a972-cf079418042d'::uuid, 'be7afec8-972c-5cc1-a833-fa707d436cd8'::uuid, 'practice_core', 5, true, '{"sourceType":"real"}'::jsonb),
  ('e387c914-ad75-5a7c-a972-cf079418042d'::uuid, 'f6aa72e4-6ec4-5756-a920-7e868f166d6d'::uuid, 'practice_core', 6, true, '{"sourceType":"real"}'::jsonb),
  ('e387c914-ad75-5a7c-a972-cf079418042d'::uuid, '1bf9cebe-27d0-5606-a9f6-96d3eaf3b7fb'::uuid, 'practice_core', 7, true, '{"sourceType":"real"}'::jsonb),
  ('e387c914-ad75-5a7c-a972-cf079418042d'::uuid, 'cae64235-6767-58f0-ac6b-dd2e62c23141'::uuid, 'practice_core', 8, true, '{"sourceType":"real"}'::jsonb),
  ('e387c914-ad75-5a7c-a972-cf079418042d'::uuid, 'a1b845ac-b7ec-57bc-ae29-1151128172f0'::uuid, 'practice_core', 9, true, '{"sourceType":"real"}'::jsonb),
  ('e387c914-ad75-5a7c-a972-cf079418042d'::uuid, '7f0cf283-d9f0-5d82-a968-3c8605cfb741'::uuid, 'practice_core', 10, true, '{"sourceType":"real"}'::jsonb),
  ('e387c914-ad75-5a7c-a972-cf079418042d'::uuid, '6e3d61d8-c2a8-5d55-aaff-4512b69e43da'::uuid, 'practice_extension', 1, true, '{"sourceType":"real"}'::jsonb),
  ('e387c914-ad75-5a7c-a972-cf079418042d'::uuid, '038d8c5a-b113-5036-afe0-83c560b4e838'::uuid, 'practice_extension', 2, true, '{"sourceType":"phrase"}'::jsonb),
  ('e387c914-ad75-5a7c-a972-cf079418042d'::uuid, 'f7ae2242-6833-5d1c-a43c-9d4c8c3afd39'::uuid, 'practice_extension', 3, true, '{"sourceType":"phrase"}'::jsonb),
  ('227b7204-c818-5c7c-ad68-654e72285cd6'::uuid, 'b0c734f8-b446-5b48-ab6f-188e3678a636'::uuid, 'practice_core', 1, true, '{"sourceType":"real"}'::jsonb),
  ('227b7204-c818-5c7c-ad68-654e72285cd6'::uuid, 'dad63552-fe4a-55e4-a8e1-9e0804d5a448'::uuid, 'practice_core', 2, true, '{"sourceType":"real"}'::jsonb),
  ('227b7204-c818-5c7c-ad68-654e72285cd6'::uuid, '07330a77-9112-51d7-a364-42c132bc7614'::uuid, 'practice_core', 3, true, '{"sourceType":"real"}'::jsonb),
  ('227b7204-c818-5c7c-ad68-654e72285cd6'::uuid, '5d73dcdf-4d91-5d90-ad80-d7c6c4d1c3a7'::uuid, 'practice_core', 4, true, '{"sourceType":"real"}'::jsonb),
  ('227b7204-c818-5c7c-ad68-654e72285cd6'::uuid, '60e93954-b63a-52aa-a0ea-881bda6a7364'::uuid, 'practice_core', 5, true, '{"sourceType":"real"}'::jsonb),
  ('227b7204-c818-5c7c-ad68-654e72285cd6'::uuid, '2ef7151f-6563-5b7b-a5e9-fe8de6c75f66'::uuid, 'practice_core', 6, true, '{"sourceType":"real"}'::jsonb),
  ('227b7204-c818-5c7c-ad68-654e72285cd6'::uuid, 'a9b39b92-ff0e-56e0-a99a-6e0afc2df519'::uuid, 'practice_core', 7, true, '{"sourceType":"real"}'::jsonb),
  ('227b7204-c818-5c7c-ad68-654e72285cd6'::uuid, '47638a79-db13-5297-ad71-1c26b39d6a22'::uuid, 'practice_core', 8, true, '{"sourceType":"real"}'::jsonb),
  ('227b7204-c818-5c7c-ad68-654e72285cd6'::uuid, '0c3d4a24-2b48-581a-a296-6f0b7480f539'::uuid, 'practice_core', 9, true, '{"sourceType":"real"}'::jsonb),
  ('227b7204-c818-5c7c-ad68-654e72285cd6'::uuid, 'cb1240ca-1d7b-5509-a6e2-d53911ecf508'::uuid, 'practice_core', 10, true, '{"sourceType":"real"}'::jsonb),
  ('227b7204-c818-5c7c-ad68-654e72285cd6'::uuid, '05a466bf-5f31-5bfa-af06-d11c752c2595'::uuid, 'practice_extension', 1, true, '{"sourceType":"real"}'::jsonb),
  ('227b7204-c818-5c7c-ad68-654e72285cd6'::uuid, 'ee58ba57-f2fb-5b14-a9da-e37e9d0f800f'::uuid, 'practice_extension', 2, true, '{"sourceType":"real"}'::jsonb),
  ('227b7204-c818-5c7c-ad68-654e72285cd6'::uuid, 'd15b5e1e-de21-5f76-af19-397033576d45'::uuid, 'practice_extension', 3, true, '{"sourceType":"real"}'::jsonb),
  ('227b7204-c818-5c7c-ad68-654e72285cd6'::uuid, '18d020b7-932a-5d37-a916-eb1cba31dc37'::uuid, 'practice_extension', 4, true, '{"sourceType":"real"}'::jsonb),
  ('227b7204-c818-5c7c-ad68-654e72285cd6'::uuid, '82fe7ab6-0023-50d4-a20c-cd5e249f5adc'::uuid, 'practice_extension', 5, true, '{"sourceType":"phrase"}'::jsonb),
  ('227b7204-c818-5c7c-ad68-654e72285cd6'::uuid, 'ca72f102-44a9-518b-acc8-90b517fabec7'::uuid, 'practice_extension', 6, true, '{"sourceType":"phrase"}'::jsonb),
  ('227b7204-c818-5c7c-ad68-654e72285cd6'::uuid, '3c992023-814d-5a7d-a46d-28107afdf750'::uuid, 'practice_extension', 7, true, '{"sourceType":"phrase"}'::jsonb);

insert into curriculum.anchor_targets (
  id,
  lesson_id,
  slug,
  display_text,
  normalized_text,
  meaning,
  pronunciation,
  category_key,
  context_note,
  metadata
)
values
  ('1369806e-4ea8-5225-af4b-53d528e72fd4'::uuid, 'b248fb0f-5294-57b4-af76-9938cb3f905c'::uuid, 'maak', 'มาก', 'มาก', 'very / a lot', 'mâak', 'daily', 'You''ll hear and read มาก everywhere: ดีมาก (very good), เผ็ดมาก (very spicy), and discount copy that promises a lot.', '{}'::jsonb),
  ('134aa101-deb6-53f4-ab45-73b08ff1f542'::uuid, '4497309f-83d5-5cfd-ae20-98d182c44e7a'::uuid, 'dii', 'ดี', 'ดี', 'good', 'dii', 'daily', 'You''ll see ดี inside greetings, reviews, and product copy. It is one of the most reusable positive words in beginner Thai.', '{}'::jsonb),
  ('9aa0d234-007d-5705-abe6-013ec5322296'::uuid, '3be425cd-ea3e-5f8a-ab88-b1efae8eb80f'::uuid, 'gin', 'กิน', 'กิน', 'to eat', 'gin', 'food', 'กิน appears everywhere in daily life, from restaurant invitations to questions about what you want to eat.', '{}'::jsonb),
  ('e2ffdcfe-2699-53cb-aa90-ef775738a0b3'::uuid, '4de66997-87a5-56cb-a66f-7b2cce6228ed'::uuid, 'talat', 'ตลาด', 'ตลาด', 'market', 'tà-làat', 'place', 'Markets are everywhere in Thailand. You''ll see ตลาด on signs for night markets, floating markets, and neighborhood markets.', '{}'::jsonb),
  ('689621ae-0664-5f67-abdf-69572aa9cd01'::uuid, '0afff15b-0b20-53d3-ae86-21d3fe37de52'::uuid, 'bin', 'บิน', 'บิน', 'to fly', 'bin', 'transport', 'บิน appears in airport language, travel offers, and casual talk about planes and trips. It also helps you see how reusable the -ิน frame is.', '{}'::jsonb),
  ('89d521e3-4d9b-523d-ac4e-65377bfe9338'::uuid, 'dc5e9698-631e-5ce9-a0da-6c7fb1abd338'::uuid, 'maae', 'แม่', 'แม่', 'mother', 'mâae', 'daily', 'You''ll see แม่ in family words, shop names, and cultural phrases. It also gives you your first look at a vowel written before the consonant.', '{}'::jsonb),
  ('c971805c-561a-5000-a9e8-846afac9e80b'::uuid, '5f706588-560c-598f-ab7a-52a47ecb2015'::uuid, 'raan', 'ร้าน', 'ร้าน', 'shop', 'râan', 'place', 'You''ll see ร้าน everywhere: ร้านกาแฟ, ร้านอาหาร, ร้านยา. Learning it early pays off on almost every street.', '{}'::jsonb),
  ('8888dcb4-b725-5c58-abe7-96cfcb8ab970'::uuid, 'a85af404-45e0-50ae-a491-e082f54018a8'::uuid, 'chut', 'ชุด', 'ชุด', 'set / combo', 'chút', 'food', 'ชุด shows up in set menus, school uniforms, and clothing signs. On menus, it often means a fixed combo or meal set.', '{}'::jsonb),
  ('c7f7eeee-be9c-59ec-a5ca-e993cf2d61c4'::uuid, 'fb4954f1-e326-56e2-a3d1-b4132b60e254'::uuid, 'sip', 'สิบ', 'สิบ', 'ten', 'sìp', 'sign', 'สิบ helps with prices, receipts, and quantity labels. Even one number word gives you real payoff in markets and transit.', '{}'::jsonb),
  ('cc47d33e-ee3d-50dc-a6ce-b3d61029996d'::uuid, '489857d0-a162-5afa-a7bb-c797b5761864'::uuid, 'khao', 'ข้าว', 'ข้าว', 'rice', 'khâao', 'food', 'ข้าว is one of the highest-value food words in Thailand. It appears on menus, in meal names, and in everyday conversation.', '{}'::jsonb),
  ('c771541d-bc22-55d6-ade9-52b9d986cfe2'::uuid, '6a8b53e3-50a0-5db3-a089-a15c56bc01c6'::uuid, 'moo', 'หมู', 'หมู', 'pork', 'mǔu', 'food', 'หมู is everywhere on Thai menus. It is also the cleanest early example of the leading-ห pattern that learners need sooner rather than later.', '{}'::jsonb),
  ('01409ff0-7f6d-54f3-ab1e-8e428d0ca405'::uuid, 'e387c914-ad75-5a7c-a972-cf079418042d'::uuid, 'ahan', 'อาหาร', 'อาหาร', 'food', 'aa-hǎan', 'food', 'อาหาร appears on restaurant signs, food courts, and delivery labels. Once you can read ร้านอาหาร, the street starts feeling more legible.', '{}'::jsonb),
  ('d2faba91-170e-5cef-ad0b-7f3a04ac6143'::uuid, '227b7204-c818-5c7c-ad68-654e72285cd6'::uuid, 'phat', 'ผัด', 'ผัด', 'stir-fry', 'phàt', 'food', 'ผัด appears on some of the most common Thai dishes, from ผัดไทย to vegetable stir-fries. It is one of the highest-value cooking words you can learn.', '{}'::jsonb);

insert into curriculum.anchor_segments (
  id,
  anchor_target_id,
  segment_order,
  text,
  sound,
  kind,
  metadata
)
values
  ('3aef5548-3628-5b0d-ad77-65b75b584757'::uuid, '1369806e-4ea8-5225-af4b-53d528e72fd4'::uuid, 1, 'มา', 'maa', null, '{}'::jsonb),
  ('5fddb58e-20af-55dd-ac56-fef22d85c170'::uuid, '1369806e-4ea8-5225-af4b-53d528e72fd4'::uuid, 2, 'ก', 'k', null, '{}'::jsonb),
  ('ff67ec28-30a1-53e3-aa91-aae79ad5f122'::uuid, '134aa101-deb6-53f4-ab45-73b08ff1f542'::uuid, 1, 'ดี', 'dii', null, '{}'::jsonb),
  ('7dcb2cf7-a494-5858-a819-9841ae98e26c'::uuid, '9aa0d234-007d-5705-abe6-013ec5322296'::uuid, 1, 'กิ', 'gi', null, '{}'::jsonb),
  ('79dfb022-a9ee-5cfa-a36a-28cef69d7d56'::uuid, '9aa0d234-007d-5705-abe6-013ec5322296'::uuid, 2, 'น', 'n', null, '{}'::jsonb),
  ('f4fa5707-7168-53d0-ae17-4ac310cc5e3c'::uuid, 'e2ffdcfe-2699-53cb-aa90-ef775738a0b3'::uuid, 1, 'ตล', 'tà-l', null, '{}'::jsonb),
  ('9aca0258-d491-580e-a511-d82cd94e9e27'::uuid, 'e2ffdcfe-2699-53cb-aa90-ef775738a0b3'::uuid, 2, 'า', 'aa', null, '{}'::jsonb),
  ('33718ba7-f04a-51a5-a062-7ce521348d4a'::uuid, 'e2ffdcfe-2699-53cb-aa90-ef775738a0b3'::uuid, 3, 'ด', 't', null, '{}'::jsonb),
  ('877530c6-6a36-54e9-a909-1ebfd17934d6'::uuid, '689621ae-0664-5f67-abdf-69572aa9cd01'::uuid, 1, 'บิ', 'bi', null, '{}'::jsonb),
  ('f4f6ac23-54a4-570d-a120-4e046fb88db9'::uuid, '689621ae-0664-5f67-abdf-69572aa9cd01'::uuid, 2, 'น', 'n', null, '{}'::jsonb),
  ('72268796-1581-5b1a-acd2-46153f8cd84b'::uuid, '89d521e3-4d9b-523d-ac4e-65377bfe9338'::uuid, 1, 'แม', 'mae', null, '{}'::jsonb),
  ('221eda7c-1be7-5d9a-a9a4-96f810533146'::uuid, '89d521e3-4d9b-523d-ac4e-65377bfe9338'::uuid, 2, '่', 'tone change', null, '{}'::jsonb),
  ('9708f23d-6ac1-56ba-a291-db098e63a129'::uuid, 'c971805c-561a-5000-a9e8-846afac9e80b'::uuid, 1, 'ร้า', 'raa', null, '{}'::jsonb),
  ('f33c9e6b-e211-5833-ab57-df1e2ebfafb2'::uuid, 'c971805c-561a-5000-a9e8-846afac9e80b'::uuid, 2, 'น', 'n', null, '{}'::jsonb),
  ('038902d1-0caf-5def-aa3b-7d704e588180'::uuid, '8888dcb4-b725-5c58-abe7-96cfcb8ab970'::uuid, 1, 'ชุ', 'chu', null, '{}'::jsonb),
  ('60ed3025-b413-5289-a4ba-682100e6972e'::uuid, '8888dcb4-b725-5c58-abe7-96cfcb8ab970'::uuid, 2, 'ด', 't', null, '{}'::jsonb),
  ('b595fdbe-cb14-5473-ab29-136a6ca039ff'::uuid, 'c7f7eeee-be9c-59ec-a5ca-e993cf2d61c4'::uuid, 1, 'สิ', 'si', null, '{}'::jsonb),
  ('7094dbd1-42c4-55c5-a161-c47067581d19'::uuid, 'c7f7eeee-be9c-59ec-a5ca-e993cf2d61c4'::uuid, 2, 'บ', 'p', null, '{}'::jsonb),
  ('9c81b6e1-ede5-5961-ab37-ff04ee0b222f'::uuid, 'cc47d33e-ee3d-50dc-a6ce-b3d61029996d'::uuid, 1, 'ข้า', 'khaa', null, '{}'::jsonb),
  ('1dc4cb3e-8c9e-5fae-a7dd-20a1e8c6ecc2'::uuid, 'cc47d33e-ee3d-50dc-a6ce-b3d61029996d'::uuid, 2, 'ว', 'w glide', null, '{}'::jsonb),
  ('61d9d015-513b-57fd-a5b8-72c7468f2de5'::uuid, 'c771541d-bc22-55d6-ade9-52b9d986cfe2'::uuid, 1, 'ห', 'leading h', null, '{}'::jsonb),
  ('95d8d8aa-b053-50a5-ab5b-9a3905603445'::uuid, 'c771541d-bc22-55d6-ade9-52b9d986cfe2'::uuid, 2, 'มู', 'muu', null, '{}'::jsonb),
  ('b4d146e5-a047-501c-a2f2-957bc6f7eea8'::uuid, '01409ff0-7f6d-54f3-ab1e-8e428d0ca405'::uuid, 1, 'อา', 'aa', null, '{}'::jsonb),
  ('4e43a7f1-4f20-5a18-a388-1fb8e1c24474'::uuid, '01409ff0-7f6d-54f3-ab1e-8e428d0ca405'::uuid, 2, 'หา', 'hǎa', null, '{}'::jsonb),
  ('8c71580c-fb80-5410-a573-398105523e33'::uuid, '01409ff0-7f6d-54f3-ab1e-8e428d0ca405'::uuid, 3, 'ร', 'n', null, '{}'::jsonb),
  ('ef779719-b3a0-5806-a832-5be2d92e80c2'::uuid, 'd2faba91-170e-5cef-ad0b-7f3a04ac6143'::uuid, 1, 'ผั', 'pha', null, '{}'::jsonb),
  ('77e097b1-8ad9-508b-ad62-bfffbb6a91ec'::uuid, 'd2faba91-170e-5cef-ad0b-7f3a04ac6143'::uuid, 2, 'ด', 't', null, '{}'::jsonb);

insert into curriculum.orthography_rules (
  id,
  course_version_id,
  key,
  name,
  short_description,
  explanation,
  metadata,
  created_at
)
values
  ('671ddf5e-f429-5a7b-a9a1-f88d61020189'::uuid, '92c6b63e-6aab-5f26-af3d-30738bdaaf37'::uuid, 'long-aa-right', 'Long า Stretches Right', 'า is written after the consonant and gives you a long aa sound', 'Thai often places vowels around a consonant instead of in a straight line like English. The long vowel า sits to the right of the consonant and stretches the syllable into a clear aa sound.', '{}'::jsonb, '2026-04-30T00:00:00+00:00'::timestamptz),
  ('884e5d37-78f3-5c0d-abda-be4ea9b3b8a5'::uuid, '92c6b63e-6aab-5f26-af3d-30738bdaaf37'::uuid, 'final-k-stop', 'Final ก Ends in a Stop', 'At the end of a syllable, ก closes sharply as a k sound', 'Thai final consonants are often clipped. In มาก, the last ก does not open into a full English g. It closes the syllable with a short unreleased k sound.', '{}'::jsonb, '2026-04-30T00:00:00+00:00'::timestamptz),
  ('4438b9e5-0dad-5fb9-a65e-f29a4cc6a62a'::uuid, '92c6b63e-6aab-5f26-af3d-30738bdaaf37'::uuid, 'implied-short-o', 'Two Bare Consonants Often Add a Short "o"', 'When Thai stacks two consonants with no written vowel, a short o often appears between them', 'Once you know a few consonants, you can read more than long-vowel forms. In many short Thai syllables, two consonants written together with no vowel sign are read with an implied short o sound between them.', '{}'::jsonb, '2026-04-30T00:00:00+00:00'::timestamptz),
  ('08d94ec2-a20e-5de1-a856-70fd4d44ffe2'::uuid, '92c6b63e-6aab-5f26-af3d-30738bdaaf37'::uuid, 'long-ii-above', 'Long ี Sits Above', 'ี is written above the consonant and gives you a long ee sound', 'Thai vowels are often placed above, below, or around the consonant. In ดี, the consonant comes first and the long vowel ี sits above it, so you read ด then stretch into ee.', '{}'::jsonb, '2026-04-30T00:00:00+00:00'::timestamptz),
  ('6d95fd8f-f8f2-57a9-a0e0-6895baa2f935'::uuid, '92c6b63e-6aab-5f26-af3d-30738bdaaf37'::uuid, 'initial-d-sound', 'Initial ด Starts Cleanly', 'At the start of a syllable, ด gives you a plain d sound', 'Thai consonants can behave differently at the start and the end of a syllable. In ดี, ด is initial, so you read it as a straightforward d sound before the vowel.', '{}'::jsonb, '2026-04-30T00:00:00+00:00'::timestamptz),
  ('90dd223e-c255-5285-a129-360e6205288e'::uuid, '92c6b63e-6aab-5f26-af3d-30738bdaaf37'::uuid, 'short-i-above', 'Short ิ Sits Above', 'The short i vowel appears above the consonant you read first', 'Thai often asks you to scan above the line as you read. In กิน, the consonant ก comes first and the short vowel ิ is written above it, giving you gi before the final consonant closes the syllable.', '{}'::jsonb, '2026-04-30T00:00:00+00:00'::timestamptz),
  ('23dac35f-4b61-566e-a6f9-3ba53bd27a9d'::uuid, '92c6b63e-6aab-5f26-af3d-30738bdaaf37'::uuid, 'final-n-stays-n', 'Final น Stays N', 'At the end of a syllable, น keeps a clear n sound', 'Not every Thai final consonant gets clipped into a stop. Final น stays nasal and easy to hear, so กิน closes with a clear n sound.', '{}'::jsonb, '2026-04-30T00:00:00+00:00'::timestamptz),
  ('b87f5a0a-c8ed-581b-a6ec-928cce42fde3'::uuid, '92c6b63e-6aab-5f26-af3d-30738bdaaf37'::uuid, 'hidden-vowel-market', 'Hidden Short "a" Vowel', 'When two consonants can''t blend, a short "a" hides between them', 'In Thai, when two consonants appear next to each other but can''t form a natural cluster, a short "a" sound is inserted between them. In ตลาด, the ต and ล can''t blend, so you say "tà-làat" not "tlàat". This hidden vowel is never written.', '{}'::jsonb, '2026-04-30T00:00:00+00:00'::timestamptz),
  ('06f3f841-d7df-5644-a11e-3c5cdebae18c'::uuid, '92c6b63e-6aab-5f26-af3d-30738bdaaf37'::uuid, 'final-stop-market', 'Final Consonants are Stopped', 'Consonants at the end of a syllable are "swallowed"', 'When ด appears at the end of a word, it doesn''t make a full "d" sound. Instead, your tongue touches the roof of your mouth but you don''t release it. This is why ตลาด sounds like "tà-làat" and not "tà-làad".', '{}'::jsonb, '2026-04-30T00:00:00+00:00'::timestamptz),
  ('6346557e-a6a4-5dac-adcd-4617cd7f09a1'::uuid, '92c6b63e-6aab-5f26-af3d-30738bdaaf37'::uuid, 'initial-b-sound', 'Initial บ Starts With B', 'At the start of a syllable, บ gives you a plain b sound', 'Thai consonants often shift between initial and final positions. In บิน, บ comes first, so it sounds like a clean b before the short vowel and final consonant close the word.', '{}'::jsonb, '2026-04-30T00:00:00+00:00'::timestamptz),
  ('30f160d3-cbb7-5e8f-ae64-9be8c99ff663'::uuid, '92c6b63e-6aab-5f26-af3d-30738bdaaf37'::uuid, 'in-frame-pattern', 'The -ิน Frame Repeats', 'Once you know a syllable frame, swapping the first consonant unlocks more words', 'กิน, บิน, and similar short words share the same short-i plus final-น frame. Thai gets much easier once you start seeing these reusable patterns instead of single isolated words.', '{}'::jsonb, '2026-04-30T00:00:00+00:00'::timestamptz),
  ('339f3a02-f34d-5263-a796-4d45cd2e4b7f'::uuid, '92c6b63e-6aab-5f26-af3d-30738bdaaf37'::uuid, 'before-vowels-left', 'Some Vowels Sit on the Left', 'The vowel แ is written before the consonant you pronounce first', 'Thai does not always place vowels after the consonant. In แม่, your eye has to notice แ on the left, then come back to read ม with that vowel sound attached.', '{}'::jsonb, '2026-04-30T00:00:00+00:00'::timestamptz),
  ('c360364a-3f7a-5b8d-a892-563359ef7e9e'::uuid, '92c6b63e-6aab-5f26-af3d-30738bdaaf37'::uuid, 'mai-ek-tone-mark', 'Meet Your First Tone Mark', 'Tone marks sit above the consonant and change the sound of the whole syllable', 'You do not need the full tone system at once. Start by recognizing that ่ lives above the consonant and changes the word you say. High-frequency sight words make tone marks easier to remember than abstract charts.', '{}'::jsonb, '2026-04-30T00:00:00+00:00'::timestamptz),
  ('ba8c4da3-023b-5812-a6fb-0c09b52ce472'::uuid, '92c6b63e-6aab-5f26-af3d-30738bdaaf37'::uuid, 'initial-r-sound', 'Initial ร Gives You R', 'At the start of a syllable, ร is read as an r sound', 'Thai ร has a few different jobs, but in ร้าน it is straightforward: it starts the word with an r sound before the tone mark and vowel shape do the rest of the work.', '{}'::jsonb, '2026-04-30T00:00:00+00:00'::timestamptz),
  ('9d39de17-63e6-5cde-a43b-0d5655df93ec'::uuid, '92c6b63e-6aab-5f26-af3d-30738bdaaf37'::uuid, 'mai-tho-above', 'Tone Marks Sit Above the Consonant', 'Even when the vowel is on the right, the tone mark still sits above the main consonant', 'In ร้าน, the long vowel า is on the right, but the tone mark ้ still sits above ร. Thai asks you to scan the whole syllable block, not just read from left to right.', '{}'::jsonb, '2026-04-30T00:00:00+00:00'::timestamptz),
  ('215881f9-c7b2-522c-aaea-b676d1f481a5'::uuid, '92c6b63e-6aab-5f26-af3d-30738bdaaf37'::uuid, 'short-u-below', 'Short ุ Sits Below', 'The short u vowel is written below the consonant you pronounce first', 'Thai keeps asking you to scan vertically. In ชุด, the consonant ช comes first and the short vowel ุ is tucked underneath, so you read chu before the final consonant closes the syllable.', '{}'::jsonb, '2026-04-30T00:00:00+00:00'::timestamptz),
  ('707d8403-783a-58bc-a40e-f63cb7a936d5'::uuid, '92c6b63e-6aab-5f26-af3d-30738bdaaf37'::uuid, 'dead-syllable-stop', 'Short Vowels Feel Clipped in Closed Syllables', 'A short vowel plus a final stop makes the whole word feel quick and closed', 'ชุด feels short because the vowel is short and the final consonant is stopped. This clipped rhythm shows up in lots of practical Thai words on menus and signs.', '{}'::jsonb, '2026-04-30T00:00:00+00:00'::timestamptz),
  ('1a204ee8-b537-5026-a80e-84c60be7b87d'::uuid, '92c6b63e-6aab-5f26-af3d-30738bdaaf37'::uuid, 'initial-s-sound', 'Initial ส Gives You S', 'At the start of a syllable, ส is a clean s sound', 'Thai has several letters that can map to an s-like sound, but you do not need them all at once. Start with ส because it appears constantly in useful words, labels, and polite formulas.', '{}'::jsonb, '2026-04-30T00:00:00+00:00'::timestamptz),
  ('a81aec16-221e-590d-a79d-ca348451a472'::uuid, '92c6b63e-6aab-5f26-af3d-30738bdaaf37'::uuid, 'final-b-to-p', 'Final บ Closes as P', 'At the end of a word, บ does not stay a full b sound', 'Like several Thai final consonants, บ gets clipped at the end of a syllable. In สิบ, your lips close for p without the full released English b sound.', '{}'::jsonb, '2026-04-30T00:00:00+00:00'::timestamptz),
  ('71da4ee2-bbc8-5047-a6bf-bbfd13816bfc'::uuid, '92c6b63e-6aab-5f26-af3d-30738bdaaf37'::uuid, 'kh-vs-k', 'ข Adds Air to K', 'ข is not the same as ก; it has a stronger puff of air', 'Thai distinguishes plain k sounds from aspirated kh sounds. If you hold your hand in front of your mouth, ข pushes out a little air in a way ก does not.', '{}'::jsonb, '2026-04-30T00:00:00+00:00'::timestamptz),
  ('52b3fcea-a418-58db-ad81-2054c133fba1'::uuid, '92c6b63e-6aab-5f26-af3d-30738bdaaf37'::uuid, 'aaw-glide', 'ว Can Help Build a Vowel Glide', 'In words like ข้าว, ว helps shape the ending vowel sound instead of behaving like a full separate consonant', 'Not every written consonant is heard as a clean standalone consonant. In ข้าว, ว helps form the -าว ending, so you hear a smooth glide rather than a sharp final w.', '{}'::jsonb, '2026-04-30T00:00:00+00:00'::timestamptz),
  ('62ade15b-2ecf-5726-a1dd-6689ff8c548e'::uuid, '92c6b63e-6aab-5f26-af3d-30738bdaaf37'::uuid, 'leading-h-pattern', 'Leading ห Changes the Tone Pattern', 'In common words like หมู, ห helps a following low consonant behave differently', 'This is one of the Thai chunks worth learning as a whole. In words like หมู, the ห is not there to give you a full h sound before every letter. It helps control the syllable pattern of the low consonant that follows.', '{}'::jsonb, '2026-04-30T00:00:00+00:00'::timestamptz),
  ('d5b18e8e-9a1e-5ea5-a808-651961f8dfb4'::uuid, '92c6b63e-6aab-5f26-af3d-30738bdaaf37'::uuid, 'long-uu-below', 'Long ู Sits Below', 'The long oo vowel is written below the consonant', 'Thai uses the space below the line too. In หมู and หู, the vowel ู sits under the consonant and gives you a long oo sound.', '{}'::jsonb, '2026-04-30T00:00:00+00:00'::timestamptz),
  ('12476104-aabd-52e5-ad0e-4994d23aec74'::uuid, '92c6b63e-6aab-5f26-af3d-30738bdaaf37'::uuid, 'silent-carrier', 'อ Can Carry a Vowel Silently', 'Thai still wants a consonant slot even when the syllable begins with a vowel sound', 'In อาหาร, the first syllable sounds like aa, but Thai still writes a consonant letter to hold that opening vowel. อ acts as the carrier without adding a strong sound of its own.', '{}'::jsonb, '2026-04-30T00:00:00+00:00'::timestamptz),
  ('b144050a-1ef9-53f3-ae3c-d669fc4571f3'::uuid, '92c6b63e-6aab-5f26-af3d-30738bdaaf37'::uuid, 'final-r-to-n', 'Final ร Often Sounds Like "n"', 'At the end of a syllable, ร is often heard as "n" instead of a full r', 'Thai final consonants do not always match their initial sounds. In อาหาร, the final ร is not read as a strong r. It closes the word with an n-like ending instead.', '{}'::jsonb, '2026-04-30T00:00:00+00:00'::timestamptz),
  ('a760feb3-b11d-5a48-aa4b-dfb7b7a0c055'::uuid, '92c6b63e-6aab-5f26-af3d-30738bdaaf37'::uuid, 'ph-vs-b', 'ผ Gives You an Airy Ph Sound', 'ผ is not the same as บ; it starts with a stronger puff of air', 'Thai distinguishes plain b/p-like sounds from aspirated ph sounds. In ผัด, you can feel a burst of air at the start that you do not get with บ.', '{}'::jsonb, '2026-04-30T00:00:00+00:00'::timestamptz),
  ('80814a05-caf2-5ac2-afd4-5311e1cc970e'::uuid, '92c6b63e-6aab-5f26-af3d-30738bdaaf37'::uuid, 'short-a-above', 'Short ั Sits Above', 'The short a vowel is written above the consonant', 'Thai uses a small mark above the consonant for the short a sound in words like ผัด. It is quicker and more clipped than the long right-side vowel า you learned earlier.', '{}'::jsonb, '2026-04-30T00:00:00+00:00'::timestamptz);

insert into curriculum.orthography_rule_examples (
  id,
  rule_id,
  example_order,
  text,
  translation
)
values
  ('dd6a3240-d72b-55dd-a6b2-8ad5736ac665'::uuid, '671ddf5e-f429-5a7b-a9a1-f88d61020189'::uuid, 1, 'มาก = mâak', null),
  ('e2689b94-a583-55a3-aa44-6c16c3823f98'::uuid, '671ddf5e-f429-5a7b-a9a1-f88d61020189'::uuid, 2, 'ตา = taa', null),
  ('2837ec16-59d6-5947-adb4-7edae64a51d9'::uuid, '884e5d37-78f3-5c0d-abda-be4ea9b3b8a5'::uuid, 1, 'มาก = mâak', null),
  ('715cd19f-4257-532d-a5b5-d82950e9b374'::uuid, '4438b9e5-0dad-5fb9-a65e-f29a4cc6a62a'::uuid, 1, 'นก = nok', null),
  ('12bf587a-7088-52b5-a433-b886b50d1498'::uuid, '4438b9e5-0dad-5fb9-a65e-f29a4cc6a62a'::uuid, 2, 'รถ = rot', null),
  ('dee18140-660b-554b-a324-119c1faf6445'::uuid, '08d94ec2-a20e-5de1-a856-70fd4d44ffe2'::uuid, 1, 'ดี = dii', null),
  ('d25c5491-612c-5c51-a63b-6981cedbeb19'::uuid, '08d94ec2-a20e-5de1-a856-70fd4d44ffe2'::uuid, 2, 'สี = sii', null),
  ('fdec6f68-3a96-5942-a36e-3d3b3781465d'::uuid, '6d95fd8f-f8f2-57a9-a0e0-6895baa2f935'::uuid, 1, 'ดี = dii', null),
  ('6a4b8fcc-2cbc-5697-a83d-2e7200202910'::uuid, '6d95fd8f-f8f2-57a9-a0e0-6895baa2f935'::uuid, 2, 'ดา = daa', null),
  ('232c2816-f9be-5195-a4e0-c31a4d6020a5'::uuid, '90dd223e-c255-5285-a129-360e6205288e'::uuid, 1, 'กิน = gin', null),
  ('379229db-46cb-542f-abd8-b724425b1081'::uuid, '90dd223e-c255-5285-a129-360e6205288e'::uuid, 2, 'บิน = bin', null),
  ('0ea6bb4f-48c7-5ed6-a9e4-6078872532e8'::uuid, '23dac35f-4b61-566e-a6f9-3ba53bd27a9d'::uuid, 1, 'กิน = gin', null),
  ('9d0c45c3-9a38-5eda-a50c-b5a52786fb8b'::uuid, '23dac35f-4b61-566e-a6f9-3ba53bd27a9d'::uuid, 2, 'บิน = bin', null),
  ('5faa098f-94c1-522e-a6e5-2a2c83f02fcd'::uuid, 'b87f5a0a-c8ed-581b-a6ec-928cce42fde3'::uuid, 1, 'ตล = tà-l (hidden "a" between ต and ล)', null),
  ('0d6f5d7a-62d6-5cc0-a4bb-5c57e58bd21c'::uuid, 'b87f5a0a-c8ed-581b-a6ec-928cce42fde3'::uuid, 2, 'ถนน = thà-nǒn (hidden "a" between ถ and น)', null),
  ('bf8e45cd-e044-5cbd-ac02-d5dc50b53345'::uuid, '06f3f841-d7df-5644-a11e-3c5cdebae18c'::uuid, 1, 'ตลาด = tà-làat', null),
  ('acb7fa07-4775-54c6-a461-e48c91b9b01f'::uuid, '06f3f841-d7df-5644-a11e-3c5cdebae18c'::uuid, 2, 'หมด = mòt', null),
  ('14644cc6-289e-5809-a23f-63a8dca3a858'::uuid, '6346557e-a6a4-5dac-adcd-4617cd7f09a1'::uuid, 1, 'บิน = bin', null),
  ('48770111-37c0-559b-a279-953319300115'::uuid, '6346557e-a6a4-5dac-adcd-4617cd7f09a1'::uuid, 2, 'บา = baa', null),
  ('2bc48214-5276-5d77-a172-55c452490f88'::uuid, '30f160d3-cbb7-5e8f-ae64-9be8c99ff663'::uuid, 1, 'กิน = gin', null),
  ('5aae95c7-f1a5-5e7d-ae07-b60ff5b4006d'::uuid, '30f160d3-cbb7-5e8f-ae64-9be8c99ff663'::uuid, 2, 'บิน = bin', null),
  ('4b6d8a80-a36e-5bf6-a81e-00299199eb10'::uuid, '30f160d3-cbb7-5e8f-ae64-9be8c99ff663'::uuid, 3, 'ดิน = din', null),
  ('b81628e2-9943-52d2-a679-ec2d504b4a71'::uuid, '339f3a02-f34d-5263-a796-4d45cd2e4b7f'::uuid, 1, 'แม = mae', null),
  ('e1dc9237-a642-5a44-a73e-8b1a1ab6d4f5'::uuid, '339f3a02-f34d-5263-a796-4d45cd2e4b7f'::uuid, 2, 'แต่ = dtàae', null),
  ('46240490-9124-55ab-a9e3-d69f84fa26a1'::uuid, 'c360364a-3f7a-5b8d-a892-563359ef7e9e'::uuid, 1, 'แม่ = mâae', null),
  ('6bf2d1e7-d7ca-5e46-a771-95d6535e330c'::uuid, 'c360364a-3f7a-5b8d-a892-563359ef7e9e'::uuid, 2, 'แต่ = dtàae', null),
  ('8ed4ca61-868a-5156-aa42-5c9b3454d675'::uuid, 'ba8c4da3-023b-5812-a6fb-0c09b52ce472'::uuid, 1, 'รา = raa', null),
  ('3ada5419-fd6c-5bb0-a130-7dcdba16e49d'::uuid, 'ba8c4da3-023b-5812-a6fb-0c09b52ce472'::uuid, 2, 'ร้าน = râan', null),
  ('0a01d8a3-3b11-5799-ae2e-c5aab7afcb5d'::uuid, '9d39de17-63e6-5cde-a43b-0d5655df93ec'::uuid, 1, 'ร้า = râa', null),
  ('ab2be900-4d7c-5b93-aa32-38f29a6e8be0'::uuid, '9d39de17-63e6-5cde-a43b-0d5655df93ec'::uuid, 2, 'ร้าน = râan', null),
  ('57824ae0-0545-54ad-a812-fef759e96ddb'::uuid, '215881f9-c7b2-522c-aaea-b676d1f481a5'::uuid, 1, 'ชุ = chu', null),
  ('346e4b5d-7c75-58cb-ae87-48a6755cd692'::uuid, '215881f9-c7b2-522c-aaea-b676d1f481a5'::uuid, 2, 'ชุด = chút', null),
  ('37930e84-6ed8-5840-a3ee-ec0e3f1a6a5a'::uuid, '707d8403-783a-58bc-a40e-f63cb7a936d5'::uuid, 1, 'ชุด = chút', null),
  ('428c75fc-66ea-5f90-acc7-d0339a81d50e'::uuid, '707d8403-783a-58bc-a40e-f63cb7a936d5'::uuid, 2, 'มุด = mút', null),
  ('f56b5f6d-14b8-5883-aa90-d0e830750a01'::uuid, '1a204ee8-b537-5026-a80e-84c60be7b87d'::uuid, 1, 'สิบ = sìp', null),
  ('1f8fca29-1463-5f29-a2ec-b474f89425a1'::uuid, '1a204ee8-b537-5026-a80e-84c60be7b87d'::uuid, 2, 'สด = sòt', null),
  ('e5142c01-3afc-5fd5-a756-dffb2766f571'::uuid, 'a81aec16-221e-590d-a79d-ca348451a472'::uuid, 1, 'สิบ = sìp', null),
  ('759f40de-084a-5992-ae62-b1bb14ef6be2'::uuid, 'a81aec16-221e-590d-a79d-ca348451a472'::uuid, 2, 'บัส = bát', null),
  ('b8905067-0f34-5a43-a055-5b88d4566167'::uuid, '71da4ee2-bbc8-5047-a6bf-bbfd13816bfc'::uuid, 1, 'กา = gaa', null),
  ('c4b35036-fea3-57aa-a334-bad52ede1abb'::uuid, '71da4ee2-bbc8-5047-a6bf-bbfd13816bfc'::uuid, 2, 'ข่าว = khàao', null),
  ('8637e0ec-b4e8-5153-a904-2105f36a0f2f'::uuid, '71da4ee2-bbc8-5047-a6bf-bbfd13816bfc'::uuid, 3, 'ข้าว = khâao', null),
  ('3b427f10-efef-563e-a315-31de35697f8b'::uuid, '52b3fcea-a418-58db-ad81-2054c133fba1'::uuid, 1, 'ข่าว = khàao', null),
  ('96a75e0b-3412-548d-a6ac-b32c297547cb'::uuid, '52b3fcea-a418-58db-ad81-2054c133fba1'::uuid, 2, 'ข้าว = khâao', null),
  ('6e616e0c-d7c8-5d6e-aa34-780b86fc7b3e'::uuid, '62ade15b-2ecf-5726-a1dd-6689ff8c548e'::uuid, 1, 'หมู = mǔu', null),
  ('e7e7da89-9019-5135-a1a0-66f195ce2f70'::uuid, '62ade15b-2ecf-5726-a1dd-6689ff8c548e'::uuid, 2, 'หมอ = mǎaw', null),
  ('be90c1d1-114b-55a3-a24b-e4516f1ab90f'::uuid, 'd5b18e8e-9a1e-5ea5-a808-651961f8dfb4'::uuid, 1, 'หมู = mǔu', null),
  ('888f4de2-da55-5a70-aea7-1f31e989179f'::uuid, 'd5b18e8e-9a1e-5ea5-a808-651961f8dfb4'::uuid, 2, 'ดู = duu', null),
  ('91b66aa2-355c-55e6-a585-b9b549fb996d'::uuid, '12476104-aabd-52e5-ad0e-4994d23aec74'::uuid, 1, 'อา = aa', null),
  ('0d75c8b5-a7aa-581b-af9a-237edb857381'::uuid, '12476104-aabd-52e5-ad0e-4994d23aec74'::uuid, 2, 'อาหาร = aa-hǎan', null),
  ('ea483eaa-9395-5520-a8bd-d8cbf5cf4e81'::uuid, 'b144050a-1ef9-53f3-ae3c-d669fc4571f3'::uuid, 1, 'อาหาร = aa-hǎan', null),
  ('643110af-40e2-502d-a1a9-d81768e7ac52'::uuid, 'b144050a-1ef9-53f3-ae3c-d669fc4571f3'::uuid, 2, 'สาร = sǎan', null),
  ('5d42aaf5-23e2-5170-afca-ce6ac8b81503'::uuid, 'a760feb3-b11d-5a48-aa4b-dfb7b7a0c055'::uuid, 1, 'ผัด = phàt', null),
  ('bb65cb28-eafe-5b8d-a595-26cb8f20a0bc'::uuid, 'a760feb3-b11d-5a48-aa4b-dfb7b7a0c055'::uuid, 2, 'ผัน = phan', null),
  ('0de314d6-a5bb-51bf-a444-d9c45f6d20e3'::uuid, '80814a05-caf2-5ac2-afd4-5311e1cc970e'::uuid, 1, 'ผัด = phàt', null),
  ('6c5a1e34-55a8-5667-aab4-20ac9ec5f863'::uuid, '80814a05-caf2-5ac2-afd4-5311e1cc970e'::uuid, 2, 'ผัน = phan', null);

insert into curriculum.lesson_graphemes (
  lesson_id,
  grapheme_id,
  role,
  ordinal_in_role
)
values
  ('b248fb0f-5294-57b4-af76-9938cb3f905c'::uuid, '155d0198-aac0-5a9d-a8ab-fb839ccab4f9'::uuid, 'new'::curriculum.grapheme_role, 1),
  ('b248fb0f-5294-57b4-af76-9938cb3f905c'::uuid, 'f9127074-00ba-5295-aac0-01022b890b89'::uuid, 'new'::curriculum.grapheme_role, 2),
  ('b248fb0f-5294-57b4-af76-9938cb3f905c'::uuid, '0323b564-2380-5449-aa92-cc5f6772a1a0'::uuid, 'new'::curriculum.grapheme_role, 3),
  ('4497309f-83d5-5cfd-ae20-98d182c44e7a'::uuid, '4cd66937-cf81-571b-ae18-6ae1055dd3ae'::uuid, 'new'::curriculum.grapheme_role, 1),
  ('4497309f-83d5-5cfd-ae20-98d182c44e7a'::uuid, 'ee1f3cf4-8315-510e-a613-dfc5ec42d2f5'::uuid, 'new'::curriculum.grapheme_role, 2),
  ('4497309f-83d5-5cfd-ae20-98d182c44e7a'::uuid, '155d0198-aac0-5a9d-a8ab-fb839ccab4f9'::uuid, 'review'::curriculum.grapheme_role, 1),
  ('4497309f-83d5-5cfd-ae20-98d182c44e7a'::uuid, 'f9127074-00ba-5295-aac0-01022b890b89'::uuid, 'review'::curriculum.grapheme_role, 2),
  ('4497309f-83d5-5cfd-ae20-98d182c44e7a'::uuid, '0323b564-2380-5449-aa92-cc5f6772a1a0'::uuid, 'review'::curriculum.grapheme_role, 3),
  ('3be425cd-ea3e-5f8a-ab88-b1efae8eb80f'::uuid, '02613447-13c2-5348-aad7-857e5e6ae103'::uuid, 'new'::curriculum.grapheme_role, 1),
  ('3be425cd-ea3e-5f8a-ab88-b1efae8eb80f'::uuid, '7dba55ea-1ad4-5d3c-a85d-9c7b7a6f3553'::uuid, 'new'::curriculum.grapheme_role, 2),
  ('3be425cd-ea3e-5f8a-ab88-b1efae8eb80f'::uuid, '0323b564-2380-5449-aa92-cc5f6772a1a0'::uuid, 'review'::curriculum.grapheme_role, 1),
  ('3be425cd-ea3e-5f8a-ab88-b1efae8eb80f'::uuid, '4cd66937-cf81-571b-ae18-6ae1055dd3ae'::uuid, 'review'::curriculum.grapheme_role, 2),
  ('3be425cd-ea3e-5f8a-ab88-b1efae8eb80f'::uuid, 'ee1f3cf4-8315-510e-a613-dfc5ec42d2f5'::uuid, 'review'::curriculum.grapheme_role, 3),
  ('3be425cd-ea3e-5f8a-ab88-b1efae8eb80f'::uuid, '155d0198-aac0-5a9d-a8ab-fb839ccab4f9'::uuid, 'review'::curriculum.grapheme_role, 4),
  ('3be425cd-ea3e-5f8a-ab88-b1efae8eb80f'::uuid, 'f9127074-00ba-5295-aac0-01022b890b89'::uuid, 'review'::curriculum.grapheme_role, 5),
  ('4de66997-87a5-56cb-a66f-7b2cce6228ed'::uuid, '5b347f02-b891-5f29-ad35-11da91e7b87c'::uuid, 'new'::curriculum.grapheme_role, 1),
  ('4de66997-87a5-56cb-a66f-7b2cce6228ed'::uuid, '50ada581-79e7-5549-a9a8-77693569d9b8'::uuid, 'new'::curriculum.grapheme_role, 2),
  ('4de66997-87a5-56cb-a66f-7b2cce6228ed'::uuid, '0323b564-2380-5449-aa92-cc5f6772a1a0'::uuid, 'review'::curriculum.grapheme_role, 1),
  ('4de66997-87a5-56cb-a66f-7b2cce6228ed'::uuid, '155d0198-aac0-5a9d-a8ab-fb839ccab4f9'::uuid, 'review'::curriculum.grapheme_role, 2),
  ('4de66997-87a5-56cb-a66f-7b2cce6228ed'::uuid, 'f9127074-00ba-5295-aac0-01022b890b89'::uuid, 'review'::curriculum.grapheme_role, 3),
  ('4de66997-87a5-56cb-a66f-7b2cce6228ed'::uuid, '4cd66937-cf81-571b-ae18-6ae1055dd3ae'::uuid, 'review'::curriculum.grapheme_role, 4),
  ('4de66997-87a5-56cb-a66f-7b2cce6228ed'::uuid, '02613447-13c2-5348-aad7-857e5e6ae103'::uuid, 'review'::curriculum.grapheme_role, 5),
  ('4de66997-87a5-56cb-a66f-7b2cce6228ed'::uuid, '7dba55ea-1ad4-5d3c-a85d-9c7b7a6f3553'::uuid, 'review'::curriculum.grapheme_role, 6),
  ('4de66997-87a5-56cb-a66f-7b2cce6228ed'::uuid, 'ee1f3cf4-8315-510e-a613-dfc5ec42d2f5'::uuid, 'review'::curriculum.grapheme_role, 7),
  ('0afff15b-0b20-53d3-ae86-21d3fe37de52'::uuid, 'dddb2e02-9aa3-5dde-a2ab-25524fc96559'::uuid, 'new'::curriculum.grapheme_role, 1),
  ('0afff15b-0b20-53d3-ae86-21d3fe37de52'::uuid, '0323b564-2380-5449-aa92-cc5f6772a1a0'::uuid, 'review'::curriculum.grapheme_role, 1),
  ('0afff15b-0b20-53d3-ae86-21d3fe37de52'::uuid, '02613447-13c2-5348-aad7-857e5e6ae103'::uuid, 'review'::curriculum.grapheme_role, 2),
  ('0afff15b-0b20-53d3-ae86-21d3fe37de52'::uuid, '7dba55ea-1ad4-5d3c-a85d-9c7b7a6f3553'::uuid, 'review'::curriculum.grapheme_role, 3),
  ('0afff15b-0b20-53d3-ae86-21d3fe37de52'::uuid, '4cd66937-cf81-571b-ae18-6ae1055dd3ae'::uuid, 'review'::curriculum.grapheme_role, 4),
  ('0afff15b-0b20-53d3-ae86-21d3fe37de52'::uuid, '5b347f02-b891-5f29-ad35-11da91e7b87c'::uuid, 'review'::curriculum.grapheme_role, 5),
  ('0afff15b-0b20-53d3-ae86-21d3fe37de52'::uuid, '50ada581-79e7-5549-a9a8-77693569d9b8'::uuid, 'review'::curriculum.grapheme_role, 6),
  ('0afff15b-0b20-53d3-ae86-21d3fe37de52'::uuid, 'f9127074-00ba-5295-aac0-01022b890b89'::uuid, 'review'::curriculum.grapheme_role, 7),
  ('dc5e9698-631e-5ce9-a0da-6c7fb1abd338'::uuid, '1684cb46-8524-51a4-ad84-8dd2fe3b46be'::uuid, 'new'::curriculum.grapheme_role, 1),
  ('dc5e9698-631e-5ce9-a0da-6c7fb1abd338'::uuid, '13e7c7cd-283c-5d0b-a9cc-ce5b3831e495'::uuid, 'new'::curriculum.grapheme_role, 2),
  ('dc5e9698-631e-5ce9-a0da-6c7fb1abd338'::uuid, '155d0198-aac0-5a9d-a8ab-fb839ccab4f9'::uuid, 'review'::curriculum.grapheme_role, 1),
  ('dc5e9698-631e-5ce9-a0da-6c7fb1abd338'::uuid, 'f9127074-00ba-5295-aac0-01022b890b89'::uuid, 'review'::curriculum.grapheme_role, 2),
  ('dc5e9698-631e-5ce9-a0da-6c7fb1abd338'::uuid, '4cd66937-cf81-571b-ae18-6ae1055dd3ae'::uuid, 'review'::curriculum.grapheme_role, 3),
  ('dc5e9698-631e-5ce9-a0da-6c7fb1abd338'::uuid, 'ee1f3cf4-8315-510e-a613-dfc5ec42d2f5'::uuid, 'review'::curriculum.grapheme_role, 4),
  ('dc5e9698-631e-5ce9-a0da-6c7fb1abd338'::uuid, '0323b564-2380-5449-aa92-cc5f6772a1a0'::uuid, 'review'::curriculum.grapheme_role, 5),
  ('dc5e9698-631e-5ce9-a0da-6c7fb1abd338'::uuid, '02613447-13c2-5348-aad7-857e5e6ae103'::uuid, 'review'::curriculum.grapheme_role, 6),
  ('dc5e9698-631e-5ce9-a0da-6c7fb1abd338'::uuid, '7dba55ea-1ad4-5d3c-a85d-9c7b7a6f3553'::uuid, 'review'::curriculum.grapheme_role, 7),
  ('5f706588-560c-598f-ab7a-52a47ecb2015'::uuid, '76e47267-9161-5fee-a1e7-f698d88554f8'::uuid, 'new'::curriculum.grapheme_role, 1),
  ('5f706588-560c-598f-ab7a-52a47ecb2015'::uuid, '56d6049c-5c20-5436-a5d0-37ea5d73fe05'::uuid, 'new'::curriculum.grapheme_role, 2),
  ('5f706588-560c-598f-ab7a-52a47ecb2015'::uuid, '02613447-13c2-5348-aad7-857e5e6ae103'::uuid, 'review'::curriculum.grapheme_role, 1),
  ('5f706588-560c-598f-ab7a-52a47ecb2015'::uuid, 'f9127074-00ba-5295-aac0-01022b890b89'::uuid, 'review'::curriculum.grapheme_role, 2),
  ('5f706588-560c-598f-ab7a-52a47ecb2015'::uuid, '155d0198-aac0-5a9d-a8ab-fb839ccab4f9'::uuid, 'review'::curriculum.grapheme_role, 3),
  ('5f706588-560c-598f-ab7a-52a47ecb2015'::uuid, '4cd66937-cf81-571b-ae18-6ae1055dd3ae'::uuid, 'review'::curriculum.grapheme_role, 4),
  ('5f706588-560c-598f-ab7a-52a47ecb2015'::uuid, '5b347f02-b891-5f29-ad35-11da91e7b87c'::uuid, 'review'::curriculum.grapheme_role, 5),
  ('5f706588-560c-598f-ab7a-52a47ecb2015'::uuid, '50ada581-79e7-5549-a9a8-77693569d9b8'::uuid, 'review'::curriculum.grapheme_role, 6),
  ('5f706588-560c-598f-ab7a-52a47ecb2015'::uuid, '1684cb46-8524-51a4-ad84-8dd2fe3b46be'::uuid, 'review'::curriculum.grapheme_role, 7),
  ('5f706588-560c-598f-ab7a-52a47ecb2015'::uuid, '13e7c7cd-283c-5d0b-a9cc-ce5b3831e495'::uuid, 'review'::curriculum.grapheme_role, 8),
  ('a85af404-45e0-50ae-a491-e082f54018a8'::uuid, '9593d6a6-13bb-563d-a33d-b01dd74e3528'::uuid, 'new'::curriculum.grapheme_role, 1),
  ('a85af404-45e0-50ae-a491-e082f54018a8'::uuid, 'a57ca296-4754-50f0-aad0-9856fff5c81d'::uuid, 'new'::curriculum.grapheme_role, 2),
  ('a85af404-45e0-50ae-a491-e082f54018a8'::uuid, '4cd66937-cf81-571b-ae18-6ae1055dd3ae'::uuid, 'review'::curriculum.grapheme_role, 1),
  ('a85af404-45e0-50ae-a491-e082f54018a8'::uuid, '5b347f02-b891-5f29-ad35-11da91e7b87c'::uuid, 'review'::curriculum.grapheme_role, 2),
  ('a85af404-45e0-50ae-a491-e082f54018a8'::uuid, '02613447-13c2-5348-aad7-857e5e6ae103'::uuid, 'review'::curriculum.grapheme_role, 3),
  ('a85af404-45e0-50ae-a491-e082f54018a8'::uuid, '7dba55ea-1ad4-5d3c-a85d-9c7b7a6f3553'::uuid, 'review'::curriculum.grapheme_role, 4),
  ('a85af404-45e0-50ae-a491-e082f54018a8'::uuid, 'f9127074-00ba-5295-aac0-01022b890b89'::uuid, 'review'::curriculum.grapheme_role, 5),
  ('a85af404-45e0-50ae-a491-e082f54018a8'::uuid, '76e47267-9161-5fee-a1e7-f698d88554f8'::uuid, 'review'::curriculum.grapheme_role, 6),
  ('a85af404-45e0-50ae-a491-e082f54018a8'::uuid, '56d6049c-5c20-5436-a5d0-37ea5d73fe05'::uuid, 'review'::curriculum.grapheme_role, 7),
  ('fb4954f1-e326-56e2-a3d1-b4132b60e254'::uuid, 'ae26196d-7a39-57e3-a8c4-061567bf9167'::uuid, 'new'::curriculum.grapheme_role, 1),
  ('fb4954f1-e326-56e2-a3d1-b4132b60e254'::uuid, 'dddb2e02-9aa3-5dde-a2ab-25524fc96559'::uuid, 'review'::curriculum.grapheme_role, 1),
  ('fb4954f1-e326-56e2-a3d1-b4132b60e254'::uuid, '7dba55ea-1ad4-5d3c-a85d-9c7b7a6f3553'::uuid, 'review'::curriculum.grapheme_role, 2),
  ('fb4954f1-e326-56e2-a3d1-b4132b60e254'::uuid, '02613447-13c2-5348-aad7-857e5e6ae103'::uuid, 'review'::curriculum.grapheme_role, 3),
  ('fb4954f1-e326-56e2-a3d1-b4132b60e254'::uuid, '4cd66937-cf81-571b-ae18-6ae1055dd3ae'::uuid, 'review'::curriculum.grapheme_role, 4),
  ('fb4954f1-e326-56e2-a3d1-b4132b60e254'::uuid, '9593d6a6-13bb-563d-a33d-b01dd74e3528'::uuid, 'review'::curriculum.grapheme_role, 5),
  ('fb4954f1-e326-56e2-a3d1-b4132b60e254'::uuid, 'a57ca296-4754-50f0-aad0-9856fff5c81d'::uuid, 'review'::curriculum.grapheme_role, 6),
  ('489857d0-a162-5afa-a7bb-c797b5761864'::uuid, 'd9bb0ca4-5089-5ba0-aa79-1bdd09ba86ad'::uuid, 'new'::curriculum.grapheme_role, 1),
  ('489857d0-a162-5afa-a7bb-c797b5761864'::uuid, '5e1b543b-6be0-5279-a812-4ec61ce2b1dc'::uuid, 'new'::curriculum.grapheme_role, 2),
  ('489857d0-a162-5afa-a7bb-c797b5761864'::uuid, 'f9127074-00ba-5295-aac0-01022b890b89'::uuid, 'review'::curriculum.grapheme_role, 1),
  ('489857d0-a162-5afa-a7bb-c797b5761864'::uuid, '0323b564-2380-5449-aa92-cc5f6772a1a0'::uuid, 'review'::curriculum.grapheme_role, 2),
  ('489857d0-a162-5afa-a7bb-c797b5761864'::uuid, '155d0198-aac0-5a9d-a8ab-fb839ccab4f9'::uuid, 'review'::curriculum.grapheme_role, 3),
  ('489857d0-a162-5afa-a7bb-c797b5761864'::uuid, '76e47267-9161-5fee-a1e7-f698d88554f8'::uuid, 'review'::curriculum.grapheme_role, 4),
  ('489857d0-a162-5afa-a7bb-c797b5761864'::uuid, '56d6049c-5c20-5436-a5d0-37ea5d73fe05'::uuid, 'review'::curriculum.grapheme_role, 5),
  ('489857d0-a162-5afa-a7bb-c797b5761864'::uuid, '02613447-13c2-5348-aad7-857e5e6ae103'::uuid, 'review'::curriculum.grapheme_role, 6),
  ('6a8b53e3-50a0-5db3-a089-a15c56bc01c6'::uuid, '98079396-6adf-5409-a63c-121764a3840e'::uuid, 'new'::curriculum.grapheme_role, 1),
  ('6a8b53e3-50a0-5db3-a089-a15c56bc01c6'::uuid, '6cbd6547-63c8-52cd-a2e5-378aa42e3e46'::uuid, 'new'::curriculum.grapheme_role, 2),
  ('6a8b53e3-50a0-5db3-a089-a15c56bc01c6'::uuid, '155d0198-aac0-5a9d-a8ab-fb839ccab4f9'::uuid, 'review'::curriculum.grapheme_role, 1),
  ('6a8b53e3-50a0-5db3-a089-a15c56bc01c6'::uuid, 'd9bb0ca4-5089-5ba0-aa79-1bdd09ba86ad'::uuid, 'review'::curriculum.grapheme_role, 2),
  ('6a8b53e3-50a0-5db3-a089-a15c56bc01c6'::uuid, 'f9127074-00ba-5295-aac0-01022b890b89'::uuid, 'review'::curriculum.grapheme_role, 3),
  ('6a8b53e3-50a0-5db3-a089-a15c56bc01c6'::uuid, '5e1b543b-6be0-5279-a812-4ec61ce2b1dc'::uuid, 'review'::curriculum.grapheme_role, 4),
  ('e387c914-ad75-5a7c-a972-cf079418042d'::uuid, 'd6388a97-b0cb-5594-af90-48fd4c770e0f'::uuid, 'new'::curriculum.grapheme_role, 1),
  ('e387c914-ad75-5a7c-a972-cf079418042d'::uuid, '98079396-6adf-5409-a63c-121764a3840e'::uuid, 'review'::curriculum.grapheme_role, 1),
  ('e387c914-ad75-5a7c-a972-cf079418042d'::uuid, '76e47267-9161-5fee-a1e7-f698d88554f8'::uuid, 'review'::curriculum.grapheme_role, 2),
  ('e387c914-ad75-5a7c-a972-cf079418042d'::uuid, 'f9127074-00ba-5295-aac0-01022b890b89'::uuid, 'review'::curriculum.grapheme_role, 3),
  ('e387c914-ad75-5a7c-a972-cf079418042d'::uuid, '4cd66937-cf81-571b-ae18-6ae1055dd3ae'::uuid, 'review'::curriculum.grapheme_role, 4),
  ('e387c914-ad75-5a7c-a972-cf079418042d'::uuid, '02613447-13c2-5348-aad7-857e5e6ae103'::uuid, 'review'::curriculum.grapheme_role, 5),
  ('227b7204-c818-5c7c-ad68-654e72285cd6'::uuid, 'da8975d2-f60a-59f9-a1d2-f55df44b6bfa'::uuid, 'new'::curriculum.grapheme_role, 1),
  ('227b7204-c818-5c7c-ad68-654e72285cd6'::uuid, '6655bad5-f432-5868-aa67-e7247253802f'::uuid, 'new'::curriculum.grapheme_role, 2),
  ('227b7204-c818-5c7c-ad68-654e72285cd6'::uuid, '4cd66937-cf81-571b-ae18-6ae1055dd3ae'::uuid, 'review'::curriculum.grapheme_role, 1),
  ('227b7204-c818-5c7c-ad68-654e72285cd6'::uuid, '5b347f02-b891-5f29-ad35-11da91e7b87c'::uuid, 'review'::curriculum.grapheme_role, 2),
  ('227b7204-c818-5c7c-ad68-654e72285cd6'::uuid, 'd9bb0ca4-5089-5ba0-aa79-1bdd09ba86ad'::uuid, 'review'::curriculum.grapheme_role, 3),
  ('227b7204-c818-5c7c-ad68-654e72285cd6'::uuid, '98079396-6adf-5409-a63c-121764a3840e'::uuid, 'review'::curriculum.grapheme_role, 4),
  ('227b7204-c818-5c7c-ad68-654e72285cd6'::uuid, 'd6388a97-b0cb-5594-af90-48fd4c770e0f'::uuid, 'review'::curriculum.grapheme_role, 5),
  ('227b7204-c818-5c7c-ad68-654e72285cd6'::uuid, '155d0198-aac0-5a9d-a8ab-fb839ccab4f9'::uuid, 'review'::curriculum.grapheme_role, 6),
  ('227b7204-c818-5c7c-ad68-654e72285cd6'::uuid, 'f9127074-00ba-5295-aac0-01022b890b89'::uuid, 'review'::curriculum.grapheme_role, 7);

insert into curriculum.lesson_rules (
  lesson_id,
  rule_id,
  rule_order
)
values
  ('b248fb0f-5294-57b4-af76-9938cb3f905c'::uuid, '671ddf5e-f429-5a7b-a9a1-f88d61020189'::uuid, 1),
  ('b248fb0f-5294-57b4-af76-9938cb3f905c'::uuid, '884e5d37-78f3-5c0d-abda-be4ea9b3b8a5'::uuid, 2),
  ('b248fb0f-5294-57b4-af76-9938cb3f905c'::uuid, '4438b9e5-0dad-5fb9-a65e-f29a4cc6a62a'::uuid, 3),
  ('4497309f-83d5-5cfd-ae20-98d182c44e7a'::uuid, '08d94ec2-a20e-5de1-a856-70fd4d44ffe2'::uuid, 1),
  ('4497309f-83d5-5cfd-ae20-98d182c44e7a'::uuid, '6d95fd8f-f8f2-57a9-a0e0-6895baa2f935'::uuid, 2),
  ('3be425cd-ea3e-5f8a-ab88-b1efae8eb80f'::uuid, '90dd223e-c255-5285-a129-360e6205288e'::uuid, 1),
  ('3be425cd-ea3e-5f8a-ab88-b1efae8eb80f'::uuid, '23dac35f-4b61-566e-a6f9-3ba53bd27a9d'::uuid, 2),
  ('4de66997-87a5-56cb-a66f-7b2cce6228ed'::uuid, 'b87f5a0a-c8ed-581b-a6ec-928cce42fde3'::uuid, 1),
  ('4de66997-87a5-56cb-a66f-7b2cce6228ed'::uuid, '06f3f841-d7df-5644-a11e-3c5cdebae18c'::uuid, 2),
  ('0afff15b-0b20-53d3-ae86-21d3fe37de52'::uuid, '6346557e-a6a4-5dac-adcd-4617cd7f09a1'::uuid, 1),
  ('0afff15b-0b20-53d3-ae86-21d3fe37de52'::uuid, '30f160d3-cbb7-5e8f-ae64-9be8c99ff663'::uuid, 2),
  ('dc5e9698-631e-5ce9-a0da-6c7fb1abd338'::uuid, '339f3a02-f34d-5263-a796-4d45cd2e4b7f'::uuid, 1),
  ('dc5e9698-631e-5ce9-a0da-6c7fb1abd338'::uuid, 'c360364a-3f7a-5b8d-a892-563359ef7e9e'::uuid, 2),
  ('5f706588-560c-598f-ab7a-52a47ecb2015'::uuid, 'ba8c4da3-023b-5812-a6fb-0c09b52ce472'::uuid, 1),
  ('5f706588-560c-598f-ab7a-52a47ecb2015'::uuid, '9d39de17-63e6-5cde-a43b-0d5655df93ec'::uuid, 2),
  ('a85af404-45e0-50ae-a491-e082f54018a8'::uuid, '215881f9-c7b2-522c-aaea-b676d1f481a5'::uuid, 1),
  ('a85af404-45e0-50ae-a491-e082f54018a8'::uuid, '707d8403-783a-58bc-a40e-f63cb7a936d5'::uuid, 2),
  ('fb4954f1-e326-56e2-a3d1-b4132b60e254'::uuid, '1a204ee8-b537-5026-a80e-84c60be7b87d'::uuid, 1),
  ('fb4954f1-e326-56e2-a3d1-b4132b60e254'::uuid, 'a81aec16-221e-590d-a79d-ca348451a472'::uuid, 2),
  ('489857d0-a162-5afa-a7bb-c797b5761864'::uuid, '71da4ee2-bbc8-5047-a6bf-bbfd13816bfc'::uuid, 1),
  ('489857d0-a162-5afa-a7bb-c797b5761864'::uuid, '52b3fcea-a418-58db-ad81-2054c133fba1'::uuid, 2),
  ('6a8b53e3-50a0-5db3-a089-a15c56bc01c6'::uuid, '62ade15b-2ecf-5726-a1dd-6689ff8c548e'::uuid, 1),
  ('6a8b53e3-50a0-5db3-a089-a15c56bc01c6'::uuid, 'd5b18e8e-9a1e-5ea5-a808-651961f8dfb4'::uuid, 2),
  ('e387c914-ad75-5a7c-a972-cf079418042d'::uuid, '12476104-aabd-52e5-ad0e-4994d23aec74'::uuid, 1),
  ('e387c914-ad75-5a7c-a972-cf079418042d'::uuid, 'b144050a-1ef9-53f3-ae3c-d669fc4571f3'::uuid, 2),
  ('227b7204-c818-5c7c-ad68-654e72285cd6'::uuid, 'a760feb3-b11d-5a48-aa4b-dfb7b7a0c055'::uuid, 1),
  ('227b7204-c818-5c7c-ad68-654e72285cd6'::uuid, '80814a05-caf2-5ac2-afd4-5311e1cc970e'::uuid, 2);

insert into curriculum.drills (
  id,
  course_version_id,
  key,
  type,
  prompt,
  hint,
  payload,
  created_at
)
values
  ('b0af3b43-477d-5797-a482-fc941bb4fbbb'::uuid, '92c6b63e-6aab-5f26-af3d-30738bdaaf37'::uuid, 'maak-drill-01-recognize', 'recognize'::curriculum.drill_type, 'Which letter makes the "m" sound?', null, '{}'::jsonb, '2026-04-30T00:00:00+00:00'::timestamptz),
  ('a0aec10d-b933-52ac-ae60-d65d2f0db0a4'::uuid, '92c6b63e-6aab-5f26-af3d-30738bdaaf37'::uuid, 'maak-drill-02-recognize', 'recognize'::curriculum.drill_type, 'Which symbol makes the long "aa" sound?', null, '{}'::jsonb, '2026-04-30T00:00:00+00:00'::timestamptz),
  ('b5470778-c016-50d4-a379-30ba09788aae'::uuid, '92c6b63e-6aab-5f26-af3d-30738bdaaf37'::uuid, 'maak-drill-03-match', 'match'::curriculum.drill_type, 'What does มาก mean?', null, '{}'::jsonb, '2026-04-30T00:00:00+00:00'::timestamptz),
  ('d6132d4b-1e57-5b24-a79c-d02969f8deab'::uuid, '92c6b63e-6aab-5f26-af3d-30738bdaaf37'::uuid, 'maak-drill-04-spot', 'spot'::curriculum.drill_type, 'Which Thai spelling means "very / a lot"?', null, '{}'::jsonb, '2026-04-30T00:00:00+00:00'::timestamptz),
  ('cb5ae9af-f16f-5910-a61b-6723a6b8426c'::uuid, '92c6b63e-6aab-5f26-af3d-30738bdaaf37'::uuid, 'maak-drill-05-sound', 'sound'::curriculum.drill_type, 'How does the final ก sound in มาก?', null, '{}'::jsonb, '2026-04-30T00:00:00+00:00'::timestamptz),
  ('15c40127-56bf-5ed3-ab07-b320a84892c8'::uuid, '92c6b63e-6aab-5f26-af3d-30738bdaaf37'::uuid, 'maak-drill-06-sound', 'sound'::curriculum.drill_type, 'If two consonants appear together with no written vowel, what sound often shows up between them?', null, '{}'::jsonb, '2026-04-30T00:00:00+00:00'::timestamptz),
  ('e8605038-8125-5bf0-a42d-a92a76a6065d'::uuid, '92c6b63e-6aab-5f26-af3d-30738bdaaf37'::uuid, 'dii-drill-01-recognize', 'recognize'::curriculum.drill_type, 'Which letter starts with the "d" sound?', null, '{}'::jsonb, '2026-04-30T00:00:00+00:00'::timestamptz),
  ('c511cbcf-61d9-5c02-a71c-24ca1cfd5e33'::uuid, '92c6b63e-6aab-5f26-af3d-30738bdaaf37'::uuid, 'dii-drill-02-recognize', 'recognize'::curriculum.drill_type, 'Which vowel gives the long "ee" sound?', null, '{}'::jsonb, '2026-04-30T00:00:00+00:00'::timestamptz),
  ('44769f12-1ed6-5a6d-afa4-1279fd796379'::uuid, '92c6b63e-6aab-5f26-af3d-30738bdaaf37'::uuid, 'dii-drill-03-match', 'match'::curriculum.drill_type, 'What does ดี mean?', null, '{}'::jsonb, '2026-04-30T00:00:00+00:00'::timestamptz),
  ('0917c93d-dc41-5020-af12-5b2ec5e09d5d'::uuid, '92c6b63e-6aab-5f26-af3d-30738bdaaf37'::uuid, 'dii-drill-04-spot', 'spot'::curriculum.drill_type, 'Which Thai spelling means "good"?', null, '{}'::jsonb, '2026-04-30T00:00:00+00:00'::timestamptz),
  ('a33c2908-8601-5a15-aa02-1d63eeadeb59'::uuid, '92c6b63e-6aab-5f26-af3d-30738bdaaf37'::uuid, 'dii-drill-05-sound', 'sound'::curriculum.drill_type, 'In ดี, where is the vowel written?', null, '{}'::jsonb, '2026-04-30T00:00:00+00:00'::timestamptz),
  ('039886d4-14ad-5d4d-a3b4-b8b5dcacec12'::uuid, '92c6b63e-6aab-5f26-af3d-30738bdaaf37'::uuid, 'gin-drill-01-recognize', 'recognize'::curriculum.drill_type, 'Which letter makes the "n" sound?', null, '{}'::jsonb, '2026-04-30T00:00:00+00:00'::timestamptz),
  ('972fb085-b457-5749-a79c-437d4a4536ec'::uuid, '92c6b63e-6aab-5f26-af3d-30738bdaaf37'::uuid, 'gin-drill-02-recognize', 'recognize'::curriculum.drill_type, 'Which vowel gives the short "i" sound?', null, '{}'::jsonb, '2026-04-30T00:00:00+00:00'::timestamptz),
  ('7a6c6175-e8ba-5554-adc7-26bebbdd137e'::uuid, '92c6b63e-6aab-5f26-af3d-30738bdaaf37'::uuid, 'gin-drill-03-match', 'match'::curriculum.drill_type, 'What does กิน mean?', null, '{}'::jsonb, '2026-04-30T00:00:00+00:00'::timestamptz),
  ('9e64189d-5baf-5d61-a29d-2f09f206301d'::uuid, '92c6b63e-6aab-5f26-af3d-30738bdaaf37'::uuid, 'gin-drill-04-spot', 'spot'::curriculum.drill_type, 'Which Thai spelling means "to eat"?', null, '{}'::jsonb, '2026-04-30T00:00:00+00:00'::timestamptz),
  ('266b3b73-cd8c-59fc-a698-3e9422669870'::uuid, '92c6b63e-6aab-5f26-af3d-30738bdaaf37'::uuid, 'gin-drill-05-sound', 'sound'::curriculum.drill_type, 'How do you read the end of กิน?', null, '{}'::jsonb, '2026-04-30T00:00:00+00:00'::timestamptz),
  ('02ce9efb-92b9-5876-aef7-7cab864cfe66'::uuid, '92c6b63e-6aab-5f26-af3d-30738bdaaf37'::uuid, 'talat-drill-01-recognize', 'recognize'::curriculum.drill_type, 'Which letter makes the plain "t" sound?', null, '{}'::jsonb, '2026-04-30T00:00:00+00:00'::timestamptz),
  ('8692dc1d-2f3e-5efd-a5d4-b0019e801fa2'::uuid, '92c6b63e-6aab-5f26-af3d-30738bdaaf37'::uuid, 'talat-drill-02-recognize', 'recognize'::curriculum.drill_type, 'Which letter makes the "l" sound?', null, '{}'::jsonb, '2026-04-30T00:00:00+00:00'::timestamptz),
  ('0ef86fb7-0bfe-50c2-a601-f21c887e9815'::uuid, '92c6b63e-6aab-5f26-af3d-30738bdaaf37'::uuid, 'talat-drill-03-match', 'match'::curriculum.drill_type, 'What does ตลาด mean?', null, '{}'::jsonb, '2026-04-30T00:00:00+00:00'::timestamptz),
  ('98fee299-f831-5c87-ae8f-1432c5119075'::uuid, '92c6b63e-6aab-5f26-af3d-30738bdaaf37'::uuid, 'talat-drill-04-sound', 'sound'::curriculum.drill_type, 'Why is there an "a" between ต and ล in ตลาด?', null, '{}'::jsonb, '2026-04-30T00:00:00+00:00'::timestamptz),
  ('67fb27d1-1746-5a08-aec8-8dac1b69edad'::uuid, '92c6b63e-6aab-5f26-af3d-30738bdaaf37'::uuid, 'talat-drill-05-spot', 'spot'::curriculum.drill_type, 'Which Thai spelling means "market"?', null, '{}'::jsonb, '2026-04-30T00:00:00+00:00'::timestamptz),
  ('52738597-5de3-55d7-a39c-34c088805b8d'::uuid, '92c6b63e-6aab-5f26-af3d-30738bdaaf37'::uuid, 'bin-drill-01-recognize', 'recognize'::curriculum.drill_type, 'Which letter makes the "b" sound at the start?', null, '{}'::jsonb, '2026-04-30T00:00:00+00:00'::timestamptz),
  ('524e2383-96d9-5f31-a5c1-4e4d5ae62344'::uuid, '92c6b63e-6aab-5f26-af3d-30738bdaaf37'::uuid, 'bin-drill-02-match', 'match'::curriculum.drill_type, 'What does บิน mean?', null, '{}'::jsonb, '2026-04-30T00:00:00+00:00'::timestamptz),
  ('2db2aeae-50e6-5409-ac53-a294a0bdec82'::uuid, '92c6b63e-6aab-5f26-af3d-30738bdaaf37'::uuid, 'bin-drill-03-spot', 'spot'::curriculum.drill_type, 'Which Thai spelling means "to fly"?', null, '{}'::jsonb, '2026-04-30T00:00:00+00:00'::timestamptz),
  ('7946c7ee-41fe-5b34-acf3-07bd08891c89'::uuid, '92c6b63e-6aab-5f26-af3d-30738bdaaf37'::uuid, 'bin-drill-04-sound', 'sound'::curriculum.drill_type, 'Which word keeps the same -ิน pattern as บิน?', null, '{}'::jsonb, '2026-04-30T00:00:00+00:00'::timestamptz),
  ('349b3282-167a-5e03-ac9d-dc39ff2c806f'::uuid, '92c6b63e-6aab-5f26-af3d-30738bdaaf37'::uuid, 'bin-drill-05-sound', 'sound'::curriculum.drill_type, 'How do you pronounce บิน?', null, '{}'::jsonb, '2026-04-30T00:00:00+00:00'::timestamptz),
  ('5bc9e17a-4a8a-51bb-a316-aa0a0aa74608'::uuid, '92c6b63e-6aab-5f26-af3d-30738bdaaf37'::uuid, 'maae-drill-01-recognize', 'recognize'::curriculum.drill_type, 'Which vowel is written before the consonant?', null, '{}'::jsonb, '2026-04-30T00:00:00+00:00'::timestamptz),
  ('1b86c74a-d1ff-548e-a833-04ecf6f7c281'::uuid, '92c6b63e-6aab-5f26-af3d-30738bdaaf37'::uuid, 'maae-drill-02-recognize', 'recognize'::curriculum.drill_type, 'Which mark is mai ek?', null, '{}'::jsonb, '2026-04-30T00:00:00+00:00'::timestamptz),
  ('5b514efd-9fe0-52b0-a98d-87af1c9de60c'::uuid, '92c6b63e-6aab-5f26-af3d-30738bdaaf37'::uuid, 'maae-drill-03-match', 'match'::curriculum.drill_type, 'What does แม่ mean?', null, '{}'::jsonb, '2026-04-30T00:00:00+00:00'::timestamptz),
  ('f0776231-13a2-56ed-a053-5092778712f0'::uuid, '92c6b63e-6aab-5f26-af3d-30738bdaaf37'::uuid, 'maae-drill-04-spot', 'spot'::curriculum.drill_type, 'Which Thai spelling means "mother"?', null, '{}'::jsonb, '2026-04-30T00:00:00+00:00'::timestamptz),
  ('87008ac4-4fa4-5eda-a86a-fbd12791e726'::uuid, '92c6b63e-6aab-5f26-af3d-30738bdaaf37'::uuid, 'maae-drill-05-recognize', 'recognize'::curriculum.drill_type, 'What changes when you add ่ above แม?', null, '{}'::jsonb, '2026-04-30T00:00:00+00:00'::timestamptz),
  ('7552ce0b-c30c-52bc-a88e-872c25d657d5'::uuid, '92c6b63e-6aab-5f26-af3d-30738bdaaf37'::uuid, 'raan-drill-01-recognize', 'recognize'::curriculum.drill_type, 'Which letter starts with the "r" sound?', null, '{}'::jsonb, '2026-04-30T00:00:00+00:00'::timestamptz),
  ('de5ad6bb-5b0c-5ede-a4f5-6266b4601f04'::uuid, '92c6b63e-6aab-5f26-af3d-30738bdaaf37'::uuid, 'raan-drill-02-recognize', 'recognize'::curriculum.drill_type, 'Which mark is mai tho?', null, '{}'::jsonb, '2026-04-30T00:00:00+00:00'::timestamptz),
  ('565b7d5e-735f-5050-ad09-71fed55ac6a7'::uuid, '92c6b63e-6aab-5f26-af3d-30738bdaaf37'::uuid, 'raan-drill-03-match', 'match'::curriculum.drill_type, 'What does ร้าน mean?', null, '{}'::jsonb, '2026-04-30T00:00:00+00:00'::timestamptz),
  ('d7002b7d-1e35-5a0f-ae7e-e26a33f09a90'::uuid, '92c6b63e-6aab-5f26-af3d-30738bdaaf37'::uuid, 'raan-drill-04-spot', 'spot'::curriculum.drill_type, 'Which Thai spelling means "shop"?', null, '{}'::jsonb, '2026-04-30T00:00:00+00:00'::timestamptz),
  ('29a3d27f-d998-532c-abcd-12564e689931'::uuid, '92c6b63e-6aab-5f26-af3d-30738bdaaf37'::uuid, 'raan-drill-05-sound', 'sound'::curriculum.drill_type, 'Where is the tone mark written in ร้าน?', null, '{}'::jsonb, '2026-04-30T00:00:00+00:00'::timestamptz),
  ('3618386b-665b-5416-a461-d0ef90065f36'::uuid, '92c6b63e-6aab-5f26-af3d-30738bdaaf37'::uuid, 'chut-drill-01-recognize', 'recognize'::curriculum.drill_type, 'Which letter makes the "ch" sound?', null, '{}'::jsonb, '2026-04-30T00:00:00+00:00'::timestamptz),
  ('d59be859-7c84-5a9e-a350-e26e03ab8e12'::uuid, '92c6b63e-6aab-5f26-af3d-30738bdaaf37'::uuid, 'chut-drill-02-recognize', 'recognize'::curriculum.drill_type, 'Which vowel is written below the consonant?', null, '{}'::jsonb, '2026-04-30T00:00:00+00:00'::timestamptz),
  ('477d26d8-9e21-5d7c-a3c0-a8424c722db5'::uuid, '92c6b63e-6aab-5f26-af3d-30738bdaaf37'::uuid, 'chut-drill-03-match', 'match'::curriculum.drill_type, 'What does ชุด mean on a menu?', null, '{}'::jsonb, '2026-04-30T00:00:00+00:00'::timestamptz),
  ('6e35c2ec-6361-5a90-a52b-2b9af1fc07a5'::uuid, '92c6b63e-6aab-5f26-af3d-30738bdaaf37'::uuid, 'chut-drill-04-spot', 'spot'::curriculum.drill_type, 'Which Thai spelling means "set / combo"?', null, '{}'::jsonb, '2026-04-30T00:00:00+00:00'::timestamptz),
  ('f533d512-ef1d-59d1-a42b-a53b713e4eeb'::uuid, '92c6b63e-6aab-5f26-af3d-30738bdaaf37'::uuid, 'chut-drill-05-sound', 'sound'::curriculum.drill_type, 'How does the final ด sound in ชุด?', null, '{}'::jsonb, '2026-04-30T00:00:00+00:00'::timestamptz),
  ('acc21424-6128-5919-a890-2a2c4ac0c784'::uuid, '92c6b63e-6aab-5f26-af3d-30738bdaaf37'::uuid, 'sip-drill-01-recognize', 'recognize'::curriculum.drill_type, 'Which letter makes the "s" sound?', null, '{}'::jsonb, '2026-04-30T00:00:00+00:00'::timestamptz),
  ('f12da006-4547-53fe-ac15-725c30c4746c'::uuid, '92c6b63e-6aab-5f26-af3d-30738bdaaf37'::uuid, 'sip-drill-02-match', 'match'::curriculum.drill_type, 'What does สิบ mean?', null, '{}'::jsonb, '2026-04-30T00:00:00+00:00'::timestamptz),
  ('106c959c-12be-57d5-ae47-989845755e78'::uuid, '92c6b63e-6aab-5f26-af3d-30738bdaaf37'::uuid, 'sip-drill-03-sound', 'sound'::curriculum.drill_type, 'Why does final บ in สิบ sound like p?', null, '{}'::jsonb, '2026-04-30T00:00:00+00:00'::timestamptz),
  ('02af70d4-c198-587f-aa33-3b8717f34737'::uuid, '92c6b63e-6aab-5f26-af3d-30738bdaaf37'::uuid, 'sip-drill-04-spot', 'spot'::curriculum.drill_type, 'Which Thai spelling means "ten"?', null, '{}'::jsonb, '2026-04-30T00:00:00+00:00'::timestamptz),
  ('df92c923-c1a1-513a-a6ab-ea02c5bf16df'::uuid, '92c6b63e-6aab-5f26-af3d-30738bdaaf37'::uuid, 'sip-drill-05-sound', 'sound'::curriculum.drill_type, 'How do you pronounce สิบ?', null, '{}'::jsonb, '2026-04-30T00:00:00+00:00'::timestamptz),
  ('9277e873-bfa3-53f7-a26f-72549d58727a'::uuid, '92c6b63e-6aab-5f26-af3d-30738bdaaf37'::uuid, 'khao-drill-01-recognize', 'recognize'::curriculum.drill_type, 'Which letter gives the aspirated "kh" sound?', null, '{}'::jsonb, '2026-04-30T00:00:00+00:00'::timestamptz),
  ('72b362c6-5874-5eb5-ae33-d322cad13016'::uuid, '92c6b63e-6aab-5f26-af3d-30738bdaaf37'::uuid, 'khao-drill-02-recognize', 'recognize'::curriculum.drill_type, 'Which letter helps build the -าว ending in ข้าว?', null, '{}'::jsonb, '2026-04-30T00:00:00+00:00'::timestamptz),
  ('c744f172-4cd7-5f24-a563-6dbefb6498ad'::uuid, '92c6b63e-6aab-5f26-af3d-30738bdaaf37'::uuid, 'khao-drill-03-match', 'match'::curriculum.drill_type, 'What does ข้าว mean?', null, '{}'::jsonb, '2026-04-30T00:00:00+00:00'::timestamptz),
  ('a54b1113-2c41-5e38-a0a6-f4ed6ce3b6f3'::uuid, '92c6b63e-6aab-5f26-af3d-30738bdaaf37'::uuid, 'khao-drill-04-spot', 'spot'::curriculum.drill_type, 'Which Thai spelling means "rice"?', null, '{}'::jsonb, '2026-04-30T00:00:00+00:00'::timestamptz),
  ('62a04a09-d6ca-5d0c-a968-c3a5a904b052'::uuid, '92c6b63e-6aab-5f26-af3d-30738bdaaf37'::uuid, 'khao-drill-05-sound', 'sound'::curriculum.drill_type, 'What is the key difference between ก and ข?', null, '{}'::jsonb, '2026-04-30T00:00:00+00:00'::timestamptz),
  ('aee4f232-92da-5ff9-ab9a-4f6159e0013a'::uuid, '92c6b63e-6aab-5f26-af3d-30738bdaaf37'::uuid, 'moo-drill-01-recognize', 'recognize'::curriculum.drill_type, 'Which letter is the leading ห in หมู?', null, '{}'::jsonb, '2026-04-30T00:00:00+00:00'::timestamptz),
  ('88afeac6-4549-51f2-a692-0619b08828d8'::uuid, '92c6b63e-6aab-5f26-af3d-30738bdaaf37'::uuid, 'moo-drill-02-recognize', 'recognize'::curriculum.drill_type, 'Which vowel makes the long "oo" sound?', null, '{}'::jsonb, '2026-04-30T00:00:00+00:00'::timestamptz),
  ('8b2a3c3c-c41d-5097-afcd-6ae79c70b553'::uuid, '92c6b63e-6aab-5f26-af3d-30738bdaaf37'::uuid, 'moo-drill-03-match', 'match'::curriculum.drill_type, 'What does หมู mean?', null, '{}'::jsonb, '2026-04-30T00:00:00+00:00'::timestamptz),
  ('de1ce793-e310-5856-a6da-cabd69b2e3d9'::uuid, '92c6b63e-6aab-5f26-af3d-30738bdaaf37'::uuid, 'moo-drill-04-spot', 'spot'::curriculum.drill_type, 'Which Thai spelling means "pork"?', null, '{}'::jsonb, '2026-04-30T00:00:00+00:00'::timestamptz),
  ('81bb588d-fda4-5b93-ac8d-d7b10794035c'::uuid, '92c6b63e-6aab-5f26-af3d-30738bdaaf37'::uuid, 'moo-drill-05-sound', 'sound'::curriculum.drill_type, 'Why is ห useful in words like หมู?', null, '{}'::jsonb, '2026-04-30T00:00:00+00:00'::timestamptz),
  ('1b4dcf0d-6c4b-508e-a299-8c8d60f12f33'::uuid, '92c6b63e-6aab-5f26-af3d-30738bdaaf37'::uuid, 'ahan-drill-01-recognize', 'recognize'::curriculum.drill_type, 'Which letter is the silent carrier?', null, '{}'::jsonb, '2026-04-30T00:00:00+00:00'::timestamptz),
  ('f802dbbd-32dc-5fc5-a3ec-03038e9fe5c8'::uuid, '92c6b63e-6aab-5f26-af3d-30738bdaaf37'::uuid, 'ahan-drill-02-match', 'match'::curriculum.drill_type, 'What does อาหาร mean?', null, '{}'::jsonb, '2026-04-30T00:00:00+00:00'::timestamptz),
  ('143f1ddd-6c90-53a5-aca3-03d10ecb8226'::uuid, '92c6b63e-6aab-5f26-af3d-30738bdaaf37'::uuid, 'ahan-drill-03-spot', 'spot'::curriculum.drill_type, 'Which Thai spelling means "food"?', null, '{}'::jsonb, '2026-04-30T00:00:00+00:00'::timestamptz),
  ('afd544e1-be46-5ddc-a9bb-a97a33eee37a'::uuid, '92c6b63e-6aab-5f26-af3d-30738bdaaf37'::uuid, 'ahan-drill-04-sound', 'sound'::curriculum.drill_type, 'How does the final ร sound in อาหาร?', null, '{}'::jsonb, '2026-04-30T00:00:00+00:00'::timestamptz),
  ('b917b9b7-a124-51ac-a09a-ac2df18d12cd'::uuid, '92c6b63e-6aab-5f26-af3d-30738bdaaf37'::uuid, 'ahan-drill-05-recognize', 'recognize'::curriculum.drill_type, 'Why does อาหาร begin with อ?', null, '{}'::jsonb, '2026-04-30T00:00:00+00:00'::timestamptz),
  ('62ec9ab5-e2a5-5a39-afa3-ecd5bb5329e4'::uuid, '92c6b63e-6aab-5f26-af3d-30738bdaaf37'::uuid, 'phat-drill-01-recognize', 'recognize'::curriculum.drill_type, 'Which letter makes the aspirated "ph" sound?', null, '{}'::jsonb, '2026-04-30T00:00:00+00:00'::timestamptz),
  ('9f452601-a03f-5cae-adc1-7dd3fa1f3114'::uuid, '92c6b63e-6aab-5f26-af3d-30738bdaaf37'::uuid, 'phat-drill-02-recognize', 'recognize'::curriculum.drill_type, 'Which vowel gives the short "a" sound above the consonant?', null, '{}'::jsonb, '2026-04-30T00:00:00+00:00'::timestamptz),
  ('9439e02a-87e1-5211-a4e0-618142290f68'::uuid, '92c6b63e-6aab-5f26-af3d-30738bdaaf37'::uuid, 'phat-drill-03-match', 'match'::curriculum.drill_type, 'What does ผัด mean?', null, '{}'::jsonb, '2026-04-30T00:00:00+00:00'::timestamptz),
  ('d7f90549-40dd-5a16-a101-e7f33354bfaf'::uuid, '92c6b63e-6aab-5f26-af3d-30738bdaaf37'::uuid, 'phat-drill-04-spot', 'spot'::curriculum.drill_type, 'Which Thai spelling means "stir-fry"?', null, '{}'::jsonb, '2026-04-30T00:00:00+00:00'::timestamptz),
  ('b9806e17-7198-5645-a174-7f5434e9b97c'::uuid, '92c6b63e-6aab-5f26-af3d-30738bdaaf37'::uuid, 'phat-drill-05-sound', 'sound'::curriculum.drill_type, 'Which word shares the same ผั- opening as ผัด?', null, '{}'::jsonb, '2026-04-30T00:00:00+00:00'::timestamptz);

insert into curriculum.drill_options (
  id,
  drill_id,
  option_order,
  text,
  is_correct,
  rationale
)
values
  ('8c78d5f0-8442-5e9a-a6df-e06e4aa77e5e'::uuid, 'b0af3b43-477d-5797-a482-fc941bb4fbbb'::uuid, 1, 'ก', false, null),
  ('cba9e096-c189-507e-a99c-4f7c39028730'::uuid, 'b0af3b43-477d-5797-a482-fc941bb4fbbb'::uuid, 2, 'ม', true, null),
  ('0fa4bd34-27c0-5ce6-a594-ffa3a2376c2b'::uuid, 'b0af3b43-477d-5797-a482-fc941bb4fbbb'::uuid, 3, 'น', false, null),
  ('8154c336-7646-5e70-aaf6-7f6e3ec86c92'::uuid, 'b0af3b43-477d-5797-a482-fc941bb4fbbb'::uuid, 4, 'ด', false, null),
  ('c3589334-f813-5586-a59b-7499494d03b0'::uuid, 'a0aec10d-b933-52ac-ae60-d65d2f0db0a4'::uuid, 1, 'า', true, null),
  ('b2f8f5fa-5ea1-5387-a3b8-c1f9a12ac966'::uuid, 'a0aec10d-b933-52ac-ae60-d65d2f0db0a4'::uuid, 2, 'ิ', false, null),
  ('5b293b3c-ba40-537f-a3ad-8df6b4e43b8d'::uuid, 'a0aec10d-b933-52ac-ae60-d65d2f0db0a4'::uuid, 3, 'ี', false, null),
  ('0006e645-2975-5297-a633-60337901f28d'::uuid, 'a0aec10d-b933-52ac-ae60-d65d2f0db0a4'::uuid, 4, 'ั', false, null),
  ('ac602522-2ed7-5575-aebf-400f1456a9fb'::uuid, 'b5470778-c016-50d4-a379-30ba09788aae'::uuid, 1, 'mother', false, null),
  ('eb63390f-7881-57c3-a95a-80669d2bf916'::uuid, 'b5470778-c016-50d4-a379-30ba09788aae'::uuid, 2, 'very / a lot', true, null),
  ('24703eb2-0afb-53d5-ae22-659e788c88d2'::uuid, 'b5470778-c016-50d4-a379-30ba09788aae'::uuid, 3, 'shop', false, null),
  ('ce95caaa-626b-589d-a438-79d70ee27856'::uuid, 'b5470778-c016-50d4-a379-30ba09788aae'::uuid, 4, 'rice', false, null),
  ('7a23d6cb-9f9b-5abd-a93e-08e012168150'::uuid, 'd6132d4b-1e57-5b24-a79c-d02969f8deab'::uuid, 1, 'มาก', true, null),
  ('4a31509e-0b84-50f2-a534-e88d06a016a9'::uuid, 'd6132d4b-1e57-5b24-a79c-d02969f8deab'::uuid, 2, 'กาม', false, null),
  ('60966964-93d5-5e45-a974-543094a9cb5e'::uuid, 'd6132d4b-1e57-5b24-a79c-d02969f8deab'::uuid, 3, 'มกา', false, null),
  ('676bb055-a7b4-50d6-a871-4b97e72fc17a'::uuid, 'd6132d4b-1e57-5b24-a79c-d02969f8deab'::uuid, 4, 'ดาก', false, null),
  ('e912291c-57c8-5985-ad76-73fd5ec3b93a'::uuid, 'cb5ae9af-f16f-5910-a61b-6723a6b8426c'::uuid, 1, 'm', false, null),
  ('2c464fc2-3fcb-5cba-a2a9-5720ef61fe5f'::uuid, 'cb5ae9af-f16f-5910-a61b-6723a6b8426c'::uuid, 2, 'k', true, null),
  ('34722246-91c3-5719-a573-1286b6e0f405'::uuid, 'cb5ae9af-f16f-5910-a61b-6723a6b8426c'::uuid, 3, 'g', false, null),
  ('4553f766-a35e-5229-a3b1-416165b527de'::uuid, 'cb5ae9af-f16f-5910-a61b-6723a6b8426c'::uuid, 4, 'n', false, null),
  ('1a8d48b5-f82e-50b6-a577-005d4d44f009'::uuid, '15c40127-56bf-5ed3-ab07-b320a84892c8'::uuid, 1, 'long "aa"', false, null),
  ('1523ff53-acc4-511d-a4f8-8aa0935320b6'::uuid, '15c40127-56bf-5ed3-ab07-b320a84892c8'::uuid, 2, 'long "ee"', false, null),
  ('c2dfc686-bce0-58ed-abdd-89a45b7aaa01'::uuid, '15c40127-56bf-5ed3-ab07-b320a84892c8'::uuid, 3, 'short "o"', true, null),
  ('e445b8fb-51c8-5ece-aa21-b5939b525d67'::uuid, '15c40127-56bf-5ed3-ab07-b320a84892c8'::uuid, 4, 'long "oo"', false, null),
  ('78c59b34-4c77-5837-a4db-144c90245c41'::uuid, 'e8605038-8125-5bf0-a42d-a92a76a6065d'::uuid, 1, 'ก', false, null),
  ('4515f028-fc59-5c97-a494-e499bd01629b'::uuid, 'e8605038-8125-5bf0-a42d-a92a76a6065d'::uuid, 2, 'ด', true, null),
  ('265d8e7e-fa45-5f80-a998-8a3e70cf936f'::uuid, 'e8605038-8125-5bf0-a42d-a92a76a6065d'::uuid, 3, 'ม', false, null),
  ('e7e417cf-1810-5981-a594-e8c15e4139a7'::uuid, 'e8605038-8125-5bf0-a42d-a92a76a6065d'::uuid, 4, 'น', false, null),
  ('e4790830-75a7-591a-adb4-4b3e9f18e03b'::uuid, 'c511cbcf-61d9-5c02-a71c-24ca1cfd5e33'::uuid, 1, 'ี', true, null),
  ('61f2aae1-12ba-59f8-a4ec-c23a30739599'::uuid, 'c511cbcf-61d9-5c02-a71c-24ca1cfd5e33'::uuid, 2, 'า', false, null),
  ('42bdd5ab-d8c9-56c1-a031-3870bcbb55b8'::uuid, 'c511cbcf-61d9-5c02-a71c-24ca1cfd5e33'::uuid, 3, 'ิ', false, null),
  ('25d41023-3899-556c-a45f-8d31beda6ff4'::uuid, 'c511cbcf-61d9-5c02-a71c-24ca1cfd5e33'::uuid, 4, 'ั', false, null),
  ('bf76127e-e49f-5cd1-a443-d4bf90fd07df'::uuid, '44769f12-1ed6-5a6d-afa4-1279fd796379'::uuid, 1, 'good', true, null),
  ('db029976-72cc-5c20-a66c-83fe139db9e3'::uuid, '44769f12-1ed6-5a6d-afa4-1279fd796379'::uuid, 2, 'road', false, null),
  ('16518a51-eb3f-5428-a9fb-a5ba9b15693a'::uuid, '44769f12-1ed6-5a6d-afa4-1279fd796379'::uuid, 3, 'eat', false, null),
  ('9f62c5bf-74c5-5883-a50a-29c28741fa69'::uuid, '44769f12-1ed6-5a6d-afa4-1279fd796379'::uuid, 4, 'shop', false, null),
  ('45f6916e-0067-59e3-a25b-3d04b98a18ec'::uuid, '0917c93d-dc41-5020-af12-5b2ec5e09d5d'::uuid, 1, 'ดี', true, null),
  ('95377d96-8790-5d86-a642-ae5262d1cca0'::uuid, '0917c93d-dc41-5020-af12-5b2ec5e09d5d'::uuid, 2, 'ดิ', false, null),
  ('224975fa-fa2a-564e-af90-3ac260414238'::uuid, '0917c93d-dc41-5020-af12-5b2ec5e09d5d'::uuid, 3, 'ดา', false, null),
  ('f018c3b6-0cf6-53ce-adf9-a853bcb42563'::uuid, '0917c93d-dc41-5020-af12-5b2ec5e09d5d'::uuid, 4, 'มี', false, null),
  ('1b1ef063-3e92-5178-ab85-6096f87c6bfb'::uuid, 'a33c2908-8601-5a15-aa02-1d63eeadeb59'::uuid, 1, 'before the consonant', false, null),
  ('99ddfb49-9e40-59d7-ad11-65769f5fc041'::uuid, 'a33c2908-8601-5a15-aa02-1d63eeadeb59'::uuid, 2, 'after the consonant', false, null),
  ('ec4e5931-acb0-5a36-a471-59bfc83e48c1'::uuid, 'a33c2908-8601-5a15-aa02-1d63eeadeb59'::uuid, 3, 'above the consonant', true, null),
  ('f4681a9c-5a91-5ba9-a961-1e6f4e6ddb32'::uuid, 'a33c2908-8601-5a15-aa02-1d63eeadeb59'::uuid, 4, 'below the consonant', false, null),
  ('b7d3b198-b8fe-530f-a84c-9e00d2b8973b'::uuid, '039886d4-14ad-5d4d-a3b4-b8b5dcacec12'::uuid, 1, 'ก', false, null),
  ('47aacf27-2ce3-525e-aef1-057c89bcf76b'::uuid, '039886d4-14ad-5d4d-a3b4-b8b5dcacec12'::uuid, 2, 'น', true, null),
  ('26947f31-a81d-53ab-aa7d-6a74981c80b2'::uuid, '039886d4-14ad-5d4d-a3b4-b8b5dcacec12'::uuid, 3, 'ด', false, null),
  ('80d53c20-e3f0-5414-a3e3-cc0b10c91519'::uuid, '039886d4-14ad-5d4d-a3b4-b8b5dcacec12'::uuid, 4, 'ม', false, null),
  ('372dd224-03ae-50a3-aca8-a56cdb8502b3'::uuid, '972fb085-b457-5749-a79c-437d4a4536ec'::uuid, 1, 'ิ', true, null),
  ('0c1a2e30-300b-5f4a-a8fd-b6265914cb7b'::uuid, '972fb085-b457-5749-a79c-437d4a4536ec'::uuid, 2, 'ี', false, null),
  ('32cea812-f041-5a52-a69b-788e9355d69e'::uuid, '972fb085-b457-5749-a79c-437d4a4536ec'::uuid, 3, 'า', false, null),
  ('ed29cb46-99fe-513f-aa33-51cbef358715'::uuid, '972fb085-b457-5749-a79c-437d4a4536ec'::uuid, 4, 'ั', false, null),
  ('cef0605d-4ee1-54eb-a77e-61758ee9360c'::uuid, '7a6c6175-e8ba-5554-adc7-26bebbdd137e'::uuid, 1, 'to eat', true, null),
  ('5f6cbfe9-b90f-50fe-a16c-ab411d64fd53'::uuid, '7a6c6175-e8ba-5554-adc7-26bebbdd137e'::uuid, 2, 'market', false, null),
  ('e4eda49a-930d-52c1-ae22-31e30766613c'::uuid, '7a6c6175-e8ba-5554-adc7-26bebbdd137e'::uuid, 3, 'ten', false, null),
  ('5f0726cd-4089-51d9-af83-808891354178'::uuid, '7a6c6175-e8ba-5554-adc7-26bebbdd137e'::uuid, 4, 'fresh', false, null),
  ('b18e6823-910e-5e6e-a29c-630effed245a'::uuid, '9e64189d-5baf-5d61-a29d-2f09f206301d'::uuid, 1, 'กิน', true, null),
  ('6d2a940a-f1df-5679-af5e-c9867defc252'::uuid, '9e64189d-5baf-5d61-a29d-2f09f206301d'::uuid, 2, 'กีน', false, null),
  ('83ac664d-af8c-5cf9-aed6-a427dbac11a1'::uuid, '9e64189d-5baf-5d61-a29d-2f09f206301d'::uuid, 3, 'นิก', false, null),
  ('3ce3ebbe-a702-5de9-ade7-ee7f35449142'::uuid, '9e64189d-5baf-5d61-a29d-2f09f206301d'::uuid, 4, 'มิน', false, null),
  ('9d5c93df-7423-5f26-adfb-dc577599d00e'::uuid, '266b3b73-cd8c-59fc-a698-3e9422669870'::uuid, 1, 'gii', false, null),
  ('0614ea3d-9695-55af-a8b6-b3ce4b783174'::uuid, '266b3b73-cd8c-59fc-a698-3e9422669870'::uuid, 2, 'gin', true, null),
  ('ff41f030-1f38-53e8-ad59-584a62379209'::uuid, '266b3b73-cd8c-59fc-a698-3e9422669870'::uuid, 3, 'git', false, null),
  ('9fb2436c-d337-589f-a59f-db1439b8c1da'::uuid, '266b3b73-cd8c-59fc-a698-3e9422669870'::uuid, 4, 'gim', false, null),
  ('004d6ceb-84ee-58d2-a1d4-91fe579b88ea'::uuid, '02ce9efb-92b9-5876-aef7-7cab864cfe66'::uuid, 1, 'ถ', false, null),
  ('38d80a7e-9e26-5ef9-a049-8190d06a684d'::uuid, '02ce9efb-92b9-5876-aef7-7cab864cfe66'::uuid, 2, 'ต', true, null),
  ('7eaa2cb7-f043-5d9b-a1b9-4f9f2c120dc9'::uuid, '02ce9efb-92b9-5876-aef7-7cab864cfe66'::uuid, 3, 'ด', false, null),
  ('4aed815d-dbf1-5bd9-af89-40f1051699e9'::uuid, '02ce9efb-92b9-5876-aef7-7cab864cfe66'::uuid, 4, 'ล', false, null),
  ('80bb5be8-c2be-5cd7-abda-0b0b41f31baa'::uuid, '8692dc1d-2f3e-5efd-a5d4-b0019e801fa2'::uuid, 1, 'ม', false, null),
  ('3f0dbbb7-9cbf-5ad6-afa8-e90420326bcd'::uuid, '8692dc1d-2f3e-5efd-a5d4-b0019e801fa2'::uuid, 2, 'น', false, null),
  ('a93e36e7-6f0f-56eb-a219-e75c71158c5d'::uuid, '8692dc1d-2f3e-5efd-a5d4-b0019e801fa2'::uuid, 3, 'ล', true, null),
  ('ce4cac08-7968-56b6-a4d3-f36548a1af35'::uuid, '8692dc1d-2f3e-5efd-a5d4-b0019e801fa2'::uuid, 4, 'ก', false, null),
  ('6dbbeb9f-5ea1-56a9-a850-f4a49b032f4b'::uuid, '0ef86fb7-0bfe-50c2-a601-f21c887e9815'::uuid, 1, 'road', false, null),
  ('88b8fdf2-9747-5170-acf6-8346a7e421b3'::uuid, '0ef86fb7-0bfe-50c2-a601-f21c887e9815'::uuid, 2, 'market', true, null),
  ('0e4a4a00-53ed-5244-acaf-401928756b0c'::uuid, '0ef86fb7-0bfe-50c2-a601-f21c887e9815'::uuid, 3, 'mother', false, null),
  ('04b138ca-032f-59b7-aca0-e4e3e8fc7407'::uuid, '0ef86fb7-0bfe-50c2-a601-f21c887e9815'::uuid, 4, 'airport', false, null),
  ('c35ea75c-aa31-52a1-ac02-68fbcf8d33f9'::uuid, '98fee299-f831-5c87-ae8f-1432c5119075'::uuid, 1, 'Because it is written but invisible', false, null),
  ('d81da03c-037e-58f7-aef7-7ae8b2b8f750'::uuid, '98fee299-f831-5c87-ae8f-1432c5119075'::uuid, 2, 'Because Thai inserts a short "a" when the consonants do not blend naturally', true, null),
  ('ae4febc2-20d7-5080-ae92-39f31c8c2069'::uuid, '98fee299-f831-5c87-ae8f-1432c5119075'::uuid, 3, 'Because the tone mark creates it', false, null),
  ('cf8955eb-97c9-5e97-a595-38171d898959'::uuid, '98fee299-f831-5c87-ae8f-1432c5119075'::uuid, 4, 'Because ล always starts with a vowel', false, null),
  ('df9ab5a0-9579-5504-a06e-5990707981cf'::uuid, '67fb27d1-1746-5a08-aec8-8dac1b69edad'::uuid, 1, 'ตลาด', true, null),
  ('5182654a-22b7-5870-abcd-eac22fbea4bf'::uuid, '67fb27d1-1746-5a08-aec8-8dac1b69edad'::uuid, 2, 'ตาลด', false, null),
  ('7a513e6f-6e05-5681-a306-6e27caf62680'::uuid, '67fb27d1-1746-5a08-aec8-8dac1b69edad'::uuid, 3, 'ลาดต', false, null),
  ('c9d383a3-755c-532d-ab99-6314fc1b0a11'::uuid, '67fb27d1-1746-5a08-aec8-8dac1b69edad'::uuid, 4, 'ดาลต', false, null),
  ('19812e0b-5b5f-50e4-a3a2-96fc21d63327'::uuid, '52738597-5de3-55d7-a39c-34c088805b8d'::uuid, 1, 'บ', true, null),
  ('789a19d9-cf76-56e5-ad2f-048bda33fd5e'::uuid, '52738597-5de3-55d7-a39c-34c088805b8d'::uuid, 2, 'ด', false, null),
  ('72bdb6ed-5d3a-5485-a476-e1915b873d89'::uuid, '52738597-5de3-55d7-a39c-34c088805b8d'::uuid, 3, 'ม', false, null),
  ('696187b7-4d89-5b58-a482-717500583c3e'::uuid, '52738597-5de3-55d7-a39c-34c088805b8d'::uuid, 4, 'น', false, null),
  ('6c2b8af6-63c5-5665-aea2-316fea1ecf28'::uuid, '524e2383-96d9-5f31-a5c1-4e4d5ae62344'::uuid, 1, 'to fly', true, null),
  ('72477cad-d920-579b-a4ad-8b2e11528636'::uuid, '524e2383-96d9-5f31-a5c1-4e4d5ae62344'::uuid, 2, 'to eat', false, null),
  ('576db558-7a13-5d0b-a66b-a1bcc25a0b8c'::uuid, '524e2383-96d9-5f31-a5c1-4e4d5ae62344'::uuid, 3, 'market', false, null),
  ('4c7888bc-aac4-5a03-adda-364690d4b163'::uuid, '524e2383-96d9-5f31-a5c1-4e4d5ae62344'::uuid, 4, 'rice', false, null),
  ('65c9c2bc-4769-5d36-a45b-d3a4b10f2a56'::uuid, '2db2aeae-50e6-5409-ac53-a294a0bdec82'::uuid, 1, 'บิน', true, null),
  ('f4523ecb-53c4-587b-ad8b-eaf77e2638fc'::uuid, '2db2aeae-50e6-5409-ac53-a294a0bdec82'::uuid, 2, 'นบิ', false, null),
  ('04f2df53-f834-57ac-ab03-8eeb8d97fcdc'::uuid, '2db2aeae-50e6-5409-ac53-a294a0bdec82'::uuid, 3, 'บีน', false, null),
  ('8731b0bc-cd0e-5332-af3a-bec0290785ca'::uuid, '2db2aeae-50e6-5409-ac53-a294a0bdec82'::uuid, 4, 'ดิน', false, null),
  ('15ba6806-ecb5-52b0-a77d-bef8fca6a3f3'::uuid, '7946c7ee-41fe-5b34-acf3-07bd08891c89'::uuid, 1, 'กิน', true, null),
  ('74398b2a-de62-5cb5-a4d6-56a1da903a84'::uuid, '7946c7ee-41fe-5b34-acf3-07bd08891c89'::uuid, 2, 'มาก', false, null),
  ('9b0afce3-799b-5cbf-a2bb-729459fe4ecd'::uuid, '7946c7ee-41fe-5b34-acf3-07bd08891c89'::uuid, 3, 'แม่', false, null),
  ('ee7fa9b6-c6cb-5d8f-adec-a24b5b872eeb'::uuid, '7946c7ee-41fe-5b34-acf3-07bd08891c89'::uuid, 4, 'ร้าน', false, null),
  ('1925de34-8c45-5609-ad70-7b8b3a1d5353'::uuid, '349b3282-167a-5e03-ac9d-dc39ff2c806f'::uuid, 1, 'bin', true, null),
  ('a2b015ac-4b54-5cba-aeb3-992b70801194'::uuid, '349b3282-167a-5e03-ac9d-dc39ff2c806f'::uuid, 2, 'baan', false, null),
  ('4213218b-eed2-56e5-a17a-36e1caee3753'::uuid, '349b3282-167a-5e03-ac9d-dc39ff2c806f'::uuid, 3, 'boon', false, null),
  ('ef46edb7-98a3-58d8-a681-ae36b1e9ae82'::uuid, '349b3282-167a-5e03-ac9d-dc39ff2c806f'::uuid, 4, 'bii', false, null),
  ('b76097f6-33ad-543b-aecf-465c7149e367'::uuid, '5bc9e17a-4a8a-51bb-a316-aa0a0aa74608'::uuid, 1, 'แ', true, null),
  ('57993484-7438-581c-a256-4b67367d3c31'::uuid, '5bc9e17a-4a8a-51bb-a316-aa0a0aa74608'::uuid, 2, 'า', false, null),
  ('b60bc252-5411-53ff-a056-515e7359c7e0'::uuid, '5bc9e17a-4a8a-51bb-a316-aa0a0aa74608'::uuid, 3, 'ิ', false, null),
  ('60a35f1c-7d12-5aae-aec0-425df24d1a57'::uuid, '5bc9e17a-4a8a-51bb-a316-aa0a0aa74608'::uuid, 4, 'ี', false, null),
  ('53440117-3db4-53cd-a064-eb86da47cf02'::uuid, '1b86c74a-d1ff-548e-a833-04ecf6f7c281'::uuid, 1, '่', true, null),
  ('c6f61f1c-b01b-581e-a2f5-c5a43bc68561'::uuid, '1b86c74a-d1ff-548e-a833-04ecf6f7c281'::uuid, 2, '้', false, null),
  ('aac1957c-9187-5bbc-ab45-87ac8a2ad202'::uuid, '1b86c74a-d1ff-548e-a833-04ecf6f7c281'::uuid, 3, 'แ', false, null),
  ('8d8ad798-51fa-52ea-abbe-dc5d5212a0c4'::uuid, '1b86c74a-d1ff-548e-a833-04ecf6f7c281'::uuid, 4, 'ั', false, null),
  ('79d27009-3f1e-5564-a842-4c399a5a7c4a'::uuid, '5b514efd-9fe0-52b0-a98d-87af1c9de60c'::uuid, 1, 'mother', true, null),
  ('ef6e8669-0e9a-5fba-ace2-42a71ac81a5e'::uuid, '5b514efd-9fe0-52b0-a98d-87af1c9de60c'::uuid, 2, 'shop', false, null),
  ('f2e23e72-c09f-5bea-a298-d795720117fd'::uuid, '5b514efd-9fe0-52b0-a98d-87af1c9de60c'::uuid, 3, 'road', false, null),
  ('c7c6ff4c-0306-5ab5-ac23-0aa3b9f9cb01'::uuid, '5b514efd-9fe0-52b0-a98d-87af1c9de60c'::uuid, 4, 'fresh', false, null),
  ('21335414-636a-5333-a198-51df9fb454a2'::uuid, 'f0776231-13a2-56ed-a053-5092778712f0'::uuid, 1, 'แม่', true, null),
  ('3e53c4de-206b-5226-a2f6-ca6597b45e3a'::uuid, 'f0776231-13a2-56ed-a053-5092778712f0'::uuid, 2, 'แม', false, null),
  ('3ce48041-8f1b-5b72-a746-e21be9c10991'::uuid, 'f0776231-13a2-56ed-a053-5092778712f0'::uuid, 3, 'มา', false, null),
  ('e16e9289-e7e7-5942-a93f-81035fb2a6f4'::uuid, 'f0776231-13a2-56ed-a053-5092778712f0'::uuid, 4, 'แน', false, null),
  ('c32b015a-4299-599d-a47a-6867069f9737'::uuid, '87008ac4-4fa4-5eda-a86a-fbd12791e726'::uuid, 1, 'the vowel disappears', false, null),
  ('96ec3c55-8ed8-5a52-a0e8-6495d24fef52'::uuid, '87008ac4-4fa4-5eda-a86a-fbd12791e726'::uuid, 2, 'the tone changes', true, null),
  ('ffffd3d0-6a2c-5bd9-a911-88df8b8c4176'::uuid, '87008ac4-4fa4-5eda-a86a-fbd12791e726'::uuid, 3, 'the final consonant changes', false, null),
  ('80835c03-fc48-5439-a6c2-13ecaceb0af7'::uuid, '87008ac4-4fa4-5eda-a86a-fbd12791e726'::uuid, 4, 'the word becomes longer', false, null),
  ('0b9073b7-1896-585f-a14e-d67feb3d28f7'::uuid, '7552ce0b-c30c-52bc-a88e-872c25d657d5'::uuid, 1, 'ร', true, null),
  ('f8a5bf3f-dfb3-5d92-a897-fcf1cf6761f9'::uuid, '7552ce0b-c30c-52bc-a88e-872c25d657d5'::uuid, 2, 'ล', false, null),
  ('d671a95c-3df5-597a-a06a-13d62b43111f'::uuid, '7552ce0b-c30c-52bc-a88e-872c25d657d5'::uuid, 3, 'น', false, null),
  ('13338f81-a935-520e-a8ae-73739facdefb'::uuid, '7552ce0b-c30c-52bc-a88e-872c25d657d5'::uuid, 4, 'ม', false, null),
  ('859e40b1-c6ed-539c-a046-f9a20acac789'::uuid, 'de5ad6bb-5b0c-5ede-a4f5-6266b4601f04'::uuid, 1, '่', false, null),
  ('6a11ddea-8753-5564-a579-f1bcb4e01ea9'::uuid, 'de5ad6bb-5b0c-5ede-a4f5-6266b4601f04'::uuid, 2, '้', true, null),
  ('14c8c270-08bf-5289-a004-937081a85e9d'::uuid, 'de5ad6bb-5b0c-5ede-a4f5-6266b4601f04'::uuid, 3, 'ี', false, null),
  ('4c0725d0-711a-5146-a9bd-f94035d262d6'::uuid, 'de5ad6bb-5b0c-5ede-a4f5-6266b4601f04'::uuid, 4, 'แ', false, null),
  ('a3f8e5a0-6c21-5097-a519-5f6e05898831'::uuid, '565b7d5e-735f-5050-ad09-71fed55ac6a7'::uuid, 1, 'mother', false, null),
  ('dca85984-f134-5022-a05a-7ed580a8410d'::uuid, '565b7d5e-735f-5050-ad09-71fed55ac6a7'::uuid, 2, 'shop', true, null),
  ('0dbb5caa-a89d-561a-af03-0fd248afda94'::uuid, '565b7d5e-735f-5050-ad09-71fed55ac6a7'::uuid, 3, 'ten', false, null),
  ('f1d0c063-a680-5fa5-a33f-352db18cc200'::uuid, '565b7d5e-735f-5050-ad09-71fed55ac6a7'::uuid, 4, 'very', false, null),
  ('5e5a279c-d0d7-502e-ae9c-502caeb7e313'::uuid, 'd7002b7d-1e35-5a0f-ae7e-e26a33f09a90'::uuid, 1, 'ร้าน', true, null),
  ('8bc9a6f6-8820-54a3-a06b-bdbe0909a356'::uuid, 'd7002b7d-1e35-5a0f-ae7e-e26a33f09a90'::uuid, 2, 'ร่าน', false, null),
  ('71112b99-b0b2-5602-a605-e24cb54d0aea'::uuid, 'd7002b7d-1e35-5a0f-ae7e-e26a33f09a90'::uuid, 3, 'ราน', false, null),
  ('e5314f0c-24e0-5260-adb6-2e29ee376bd4'::uuid, 'd7002b7d-1e35-5a0f-ae7e-e26a33f09a90'::uuid, 4, 'น้าร', false, null),
  ('0002b443-6abb-5132-aca0-8911a058b8ef'::uuid, '29a3d27f-d998-532c-abcd-12564e689931'::uuid, 1, 'under the consonant', false, null),
  ('d5d525ff-d738-5ad5-ad61-5966e4a6aaac'::uuid, '29a3d27f-d998-532c-abcd-12564e689931'::uuid, 2, 'above the consonant', true, null),
  ('27815fef-78f3-5301-a3ab-a5244ab2d1b2'::uuid, '29a3d27f-d998-532c-abcd-12564e689931'::uuid, 3, 'before the vowel', false, null),
  ('6ddf7c84-8c80-5e97-ae03-ed9dee401c29'::uuid, '29a3d27f-d998-532c-abcd-12564e689931'::uuid, 4, 'after the final consonant', false, null),
  ('7d94ce91-fe50-529c-ad59-5f88453329f1'::uuid, '3618386b-665b-5416-a461-d0ef90065f36'::uuid, 1, 'ช', true, null),
  ('b6f5d1d4-5e65-5b36-ad5d-6835277d3b68'::uuid, '3618386b-665b-5416-a461-d0ef90065f36'::uuid, 2, 'ส', false, null),
  ('b5c9a603-0141-5259-a7ee-1fb2ff0d72ec'::uuid, '3618386b-665b-5416-a461-d0ef90065f36'::uuid, 3, 'บ', false, null),
  ('4fcc91dd-d627-5933-a5ca-ca92eff6c109'::uuid, '3618386b-665b-5416-a461-d0ef90065f36'::uuid, 4, 'ร', false, null),
  ('7f43b25e-082b-5a82-a940-9fa962f5c597'::uuid, 'd59be859-7c84-5a9e-a350-e26e03ab8e12'::uuid, 1, 'ุ', true, null),
  ('5cf804d6-f0f2-5f0d-add9-cd38d69b67c4'::uuid, 'd59be859-7c84-5a9e-a350-e26e03ab8e12'::uuid, 2, 'ิ', false, null),
  ('e5dfd6e0-fab3-5a2d-a6fa-ed2fc22ca371'::uuid, 'd59be859-7c84-5a9e-a350-e26e03ab8e12'::uuid, 3, 'า', false, null),
  ('c14fe82f-2e6d-53f4-a17d-e6de63e3cbf7'::uuid, 'd59be859-7c84-5a9e-a350-e26e03ab8e12'::uuid, 4, 'แ', false, null),
  ('9e7c5cc0-ea71-57ea-a0c1-e10db772f5c8'::uuid, '477d26d8-9e21-5d7c-a3c0-a8424c722db5'::uuid, 1, 'set / combo', true, null),
  ('b8e2f5e4-2d27-5d51-a5af-ba3dacc8157a'::uuid, '477d26d8-9e21-5d7c-a3c0-a8424c722db5'::uuid, 2, 'fresh', false, null),
  ('6ec18a52-e12c-5c03-a262-bf12ce9e1666'::uuid, '477d26d8-9e21-5d7c-a3c0-a8424c722db5'::uuid, 3, 'rice', false, null),
  ('7f5aa753-dc04-5dc0-a4c7-6df77c5ea9b8'::uuid, '477d26d8-9e21-5d7c-a3c0-a8424c722db5'::uuid, 4, 'to fly', false, null),
  ('fb8c564b-e3bd-5d19-ada6-f80428dd5fde'::uuid, '6e35c2ec-6361-5a90-a52b-2b9af1fc07a5'::uuid, 1, 'ชุด', true, null),
  ('cd6e4ec1-932c-539a-a280-0b40f23b96ec'::uuid, '6e35c2ec-6361-5a90-a52b-2b9af1fc07a5'::uuid, 2, 'ชาด', false, null),
  ('a05b2c03-6d81-5747-a9f0-f0b5e9a9042a'::uuid, '6e35c2ec-6361-5a90-a52b-2b9af1fc07a5'::uuid, 3, 'สด', false, null),
  ('039f0673-371f-5a05-a851-3770275ce6e8'::uuid, '6e35c2ec-6361-5a90-a52b-2b9af1fc07a5'::uuid, 4, 'ชดุ', false, null),
  ('aeecaedb-eb09-556a-adb4-2758866b2010'::uuid, 'f533d512-ef1d-59d1-a42b-a53b713e4eeb'::uuid, 1, 'd', false, null),
  ('dd4212c2-7d95-5852-ac40-2809050822f9'::uuid, 'f533d512-ef1d-59d1-a42b-a53b713e4eeb'::uuid, 2, 't', true, null),
  ('32794a71-c1f0-5d3a-a37d-11d37987c10b'::uuid, 'f533d512-ef1d-59d1-a42b-a53b713e4eeb'::uuid, 3, 'n', false, null),
  ('153b0ff0-1c77-51e1-ae44-dec51a1b842e'::uuid, 'f533d512-ef1d-59d1-a42b-a53b713e4eeb'::uuid, 4, 'silent', false, null),
  ('f8db0f33-2185-527f-ae51-078733c67439'::uuid, 'acc21424-6128-5919-a890-2a2c4ac0c784'::uuid, 1, 'ส', true, null),
  ('256c07e0-9f1d-5f08-aec2-219471b165c4'::uuid, 'acc21424-6128-5919-a890-2a2c4ac0c784'::uuid, 2, 'ช', false, null),
  ('f7827194-6881-53a6-afdc-b80e9db111d0'::uuid, 'acc21424-6128-5919-a890-2a2c4ac0c784'::uuid, 3, 'ร', false, null),
  ('5d71dbfc-43d1-5641-a9cc-b2a908041e0e'::uuid, 'acc21424-6128-5919-a890-2a2c4ac0c784'::uuid, 4, 'บ', false, null),
  ('dacd666f-608c-5bc1-a209-affcbb063175'::uuid, 'f12da006-4547-53fe-ac15-725c30c4746c'::uuid, 1, 'rice', false, null),
  ('9168a2b7-fa3b-57f0-a005-738e8596e1fb'::uuid, 'f12da006-4547-53fe-ac15-725c30c4746c'::uuid, 2, 'shop', false, null),
  ('2c6c3280-ea5b-531b-a761-dceba1ace843'::uuid, 'f12da006-4547-53fe-ac15-725c30c4746c'::uuid, 3, 'ten', true, null),
  ('1adbc90a-a03e-5b45-a546-323a5bea71b6'::uuid, 'f12da006-4547-53fe-ac15-725c30c4746c'::uuid, 4, 'mother', false, null),
  ('ff52edb9-f4fc-51af-a1da-2594bd0e24b1'::uuid, '106c959c-12be-57d5-ae47-989845755e78'::uuid, 1, 'Thai drops all final consonants', false, null),
  ('65a4a911-c0c8-5703-acdd-cf411a293e4b'::uuid, '106c959c-12be-57d5-ae47-989845755e78'::uuid, 2, 'final บ closes as p in Thai', true, null),
  ('8b260459-b22c-59ca-aadc-fdfda0404df9'::uuid, '106c959c-12be-57d5-ae47-989845755e78'::uuid, 3, 'the tone mark changes it', false, null),
  ('49a0c7e4-6ddc-5488-ae1f-4839db853b67'::uuid, '106c959c-12be-57d5-ae47-989845755e78'::uuid, 4, 'the vowel makes it silent', false, null),
  ('6f8fb3e8-2dd8-5e1f-acb5-5f469bccd5e8'::uuid, '02af70d4-c198-587f-aa33-3b8717f34737'::uuid, 1, 'สิบ', true, null),
  ('3a31f6ec-3aae-5e17-a679-1760ef3aa557'::uuid, '02af70d4-c198-587f-aa33-3b8717f34737'::uuid, 2, 'บิส', false, null),
  ('92ab8aa2-9137-5393-a5b4-e5c7d6a94861'::uuid, '02af70d4-c198-587f-aa33-3b8717f34737'::uuid, 3, 'สด', false, null),
  ('e233fe0a-dc56-51b7-ab0c-dad8119f7596'::uuid, '02af70d4-c198-587f-aa33-3b8717f34737'::uuid, 4, 'สบิ', false, null),
  ('9990f54e-c485-58a0-abf7-79772870de74'::uuid, 'df92c923-c1a1-513a-a6ab-ea02c5bf16df'::uuid, 1, 'sib', false, null),
  ('54281c3a-e86a-5981-a1f4-05326ec51b3a'::uuid, 'df92c923-c1a1-513a-a6ab-ea02c5bf16df'::uuid, 2, 'sii', false, null),
  ('1b38e219-538a-5d13-a550-7c1a3772909e'::uuid, 'df92c923-c1a1-513a-a6ab-ea02c5bf16df'::uuid, 3, 'sip', true, null),
  ('c8983f80-afff-503e-a1a3-655c543cc213'::uuid, 'df92c923-c1a1-513a-a6ab-ea02c5bf16df'::uuid, 4, 'sup', false, null),
  ('8eda8283-d674-5249-aea8-5ec94cfe45af'::uuid, '9277e873-bfa3-53f7-a26f-72549d58727a'::uuid, 1, 'ก', false, null),
  ('7adc621d-e158-5c4d-a770-b1c726a2017b'::uuid, '9277e873-bfa3-53f7-a26f-72549d58727a'::uuid, 2, 'ข', true, null),
  ('7b004ed3-9148-5465-afdf-90268c5ac870'::uuid, '9277e873-bfa3-53f7-a26f-72549d58727a'::uuid, 3, 'บ', false, null),
  ('d8bbfd76-0b4b-524f-ad0b-f123b3ca2ba5'::uuid, '9277e873-bfa3-53f7-a26f-72549d58727a'::uuid, 4, 'ห', false, null),
  ('cca8193e-0554-5ab5-a18d-af7874ada97a'::uuid, '72b362c6-5874-5eb5-ae33-d322cad13016'::uuid, 1, 'น', false, null),
  ('c3073ee8-2c06-56ad-a47e-627f9a2cbb69'::uuid, '72b362c6-5874-5eb5-ae33-d322cad13016'::uuid, 2, 'ว', true, null),
  ('9c4bca13-4c4f-599f-a2e5-dc86411f7788'::uuid, '72b362c6-5874-5eb5-ae33-d322cad13016'::uuid, 3, 'ร', false, null),
  ('c73af469-5e6e-5c91-a349-db9fc9b43c2e'::uuid, '72b362c6-5874-5eb5-ae33-d322cad13016'::uuid, 4, 'ล', false, null),
  ('6d6cc610-16ad-5d7e-aa26-187ccad97d28'::uuid, 'c744f172-4cd7-5f24-a563-6dbefb6498ad'::uuid, 1, 'rice', true, null),
  ('74993ace-2ac0-548a-ab4f-4ad49a69aad1'::uuid, 'c744f172-4cd7-5f24-a563-6dbefb6498ad'::uuid, 2, 'fresh', false, null),
  ('0ed43d04-4a04-546f-a144-3557561c8db6'::uuid, 'c744f172-4cd7-5f24-a563-6dbefb6498ad'::uuid, 3, 'ten', false, null),
  ('c124ea1c-17f1-5779-a4e8-b55570d40dde'::uuid, 'c744f172-4cd7-5f24-a563-6dbefb6498ad'::uuid, 4, 'mother', false, null),
  ('a73203e8-a946-5c17-a6d4-13b17bf80884'::uuid, 'a54b1113-2c41-5e38-a0a6-f4ed6ce3b6f3'::uuid, 1, 'ข้าว', true, null),
  ('cc24b4b4-dbcf-50c7-a64a-e8c334b03e10'::uuid, 'a54b1113-2c41-5e38-a0a6-f4ed6ce3b6f3'::uuid, 2, 'ขาว', false, null),
  ('9b5d872b-55ad-549b-a06b-39a3b3ef16a0'::uuid, 'a54b1113-2c41-5e38-a0a6-f4ed6ce3b6f3'::uuid, 3, 'ข้า', false, null),
  ('56ed8f09-97e4-541f-aec3-290655c1ac95'::uuid, 'a54b1113-2c41-5e38-a0a6-f4ed6ce3b6f3'::uuid, 4, 'ขน', false, null),
  ('9bb5af0b-5f06-531f-a052-d34181fe1010'::uuid, '62a04a09-d6ca-5d0c-a968-c3a5a904b052'::uuid, 1, 'ก is nasal and ข is silent', false, null),
  ('e0b2da25-729f-565c-af4d-dd7b81cf6ed0'::uuid, '62a04a09-d6ca-5d0c-a968-c3a5a904b052'::uuid, 2, 'ข has a puff of air and ก does not', true, null),
  ('cd665855-31ce-5423-a834-2d0342fd16ed'::uuid, '62a04a09-d6ca-5d0c-a968-c3a5a904b052'::uuid, 3, 'they sound the same', false, null),
  ('c3b02ae5-be37-5e98-a4a4-2251969a6b15'::uuid, '62a04a09-d6ca-5d0c-a968-c3a5a904b052'::uuid, 4, 'ข is only used at the end of words', false, null),
  ('d6f15cce-6847-5328-a17e-857a6e4f21f7'::uuid, 'aee4f232-92da-5ff9-ab9a-4f6159e0013a'::uuid, 1, 'ห', true, null),
  ('c141ce0f-8b1e-5dac-ae80-63158b09c2a1'::uuid, 'aee4f232-92da-5ff9-ab9a-4f6159e0013a'::uuid, 2, 'ม', false, null),
  ('c28be4b6-bf7f-53bb-a2d4-b53d50b05d89'::uuid, 'aee4f232-92da-5ff9-ab9a-4f6159e0013a'::uuid, 3, 'ข', false, null),
  ('f33b05ac-142d-5404-a9cb-7f920e256682'::uuid, 'aee4f232-92da-5ff9-ab9a-4f6159e0013a'::uuid, 4, 'อ', false, null),
  ('f4c0bc5e-dae0-573a-a8ac-3e26dac103ee'::uuid, '88afeac6-4549-51f2-a692-0619b08828d8'::uuid, 1, 'ุ', false, null),
  ('c5d6e2d3-b9da-5983-aa86-501b305944df'::uuid, '88afeac6-4549-51f2-a692-0619b08828d8'::uuid, 2, 'ู', true, null),
  ('2eefc4ca-7df9-5b8a-ad63-5adaab37ee77'::uuid, '88afeac6-4549-51f2-a692-0619b08828d8'::uuid, 3, 'ิ', false, null),
  ('d8cd4809-11ba-5f2f-af9f-55728dd9844e'::uuid, '88afeac6-4549-51f2-a692-0619b08828d8'::uuid, 4, 'ี', false, null),
  ('5ab40373-febd-5c7c-a774-5273fa16d0c1'::uuid, '8b2a3c3c-c41d-5097-afcd-6ae79c70b553'::uuid, 1, 'pork', true, null),
  ('bbbe2f86-2eb9-5cad-af4f-ca118fab9967'::uuid, '8b2a3c3c-c41d-5097-afcd-6ae79c70b553'::uuid, 2, 'rice', false, null),
  ('8abb1470-2776-5c8f-ab1d-3643298c2599'::uuid, '8b2a3c3c-c41d-5097-afcd-6ae79c70b553'::uuid, 3, 'shop', false, null),
  ('328f6af1-363d-5995-a581-778aa86fd19e'::uuid, '8b2a3c3c-c41d-5097-afcd-6ae79c70b553'::uuid, 4, 'food', false, null),
  ('ce9728bb-eb59-5b08-a233-9d09060e04b1'::uuid, 'de1ce793-e310-5856-a6da-cabd69b2e3d9'::uuid, 1, 'หมู', true, null),
  ('d03d773e-c009-5ad1-a628-0308466dee6f'::uuid, 'de1ce793-e310-5856-a6da-cabd69b2e3d9'::uuid, 2, 'มู', false, null),
  ('4649bff9-3a61-556a-a365-5a2152a141d1'::uuid, 'de1ce793-e310-5856-a6da-cabd69b2e3d9'::uuid, 3, 'หมา', false, null),
  ('ce3ddcbf-9c8a-5747-a81d-642aafec5f7a'::uuid, 'de1ce793-e310-5856-a6da-cabd69b2e3d9'::uuid, 4, 'ขู', false, null),
  ('3f46fb46-3a92-5e21-ab0e-cd7af9d6d83b'::uuid, '81bb588d-fda4-5b93-ac8d-d7b10794035c'::uuid, 1, 'It adds a final consonant', false, null),
  ('fb115023-184c-56ac-a048-233e478bb279'::uuid, '81bb588d-fda4-5b93-ac8d-d7b10794035c'::uuid, 2, 'It changes the tone pattern of the low consonant that follows', true, null),
  ('6237f083-2fe7-57c6-aaae-62e89e294441'::uuid, '81bb588d-fda4-5b93-ac8d-d7b10794035c'::uuid, 3, 'It marks plural', false, null),
  ('d9472731-7d99-5514-af0d-75e1faa9fd03'::uuid, '81bb588d-fda4-5b93-ac8d-d7b10794035c'::uuid, 4, 'It makes the vowel longer all by itself', false, null),
  ('eea7a9be-7dd8-5f05-a327-55d5fb2efda0'::uuid, '1b4dcf0d-6c4b-508e-a299-8c8d60f12f33'::uuid, 1, 'อ', true, null),
  ('fd188df1-723b-58ef-a900-aeab3036baca'::uuid, '1b4dcf0d-6c4b-508e-a299-8c8d60f12f33'::uuid, 2, 'ห', false, null),
  ('966f4371-7751-5ad7-a484-f4786fb85d09'::uuid, '1b4dcf0d-6c4b-508e-a299-8c8d60f12f33'::uuid, 3, 'ร', false, null),
  ('daad1121-1f71-5eea-a948-0615df9d8fd6'::uuid, '1b4dcf0d-6c4b-508e-a299-8c8d60f12f33'::uuid, 4, 'ว', false, null),
  ('7ad11d04-7cb0-5f1c-a1d8-49fd090fc16e'::uuid, 'f802dbbd-32dc-5fc5-a3ec-03038e9fe5c8'::uuid, 1, 'food', true, null),
  ('2b1aa399-e28c-5fa6-a6dd-4cc116049e26'::uuid, 'f802dbbd-32dc-5fc5-a3ec-03038e9fe5c8'::uuid, 2, 'set menu', false, null),
  ('c0612217-5808-5bec-a738-efc4a35ce492'::uuid, 'f802dbbd-32dc-5fc5-a3ec-03038e9fe5c8'::uuid, 3, 'mother', false, null),
  ('0800f8e5-3cf9-58c9-a957-c253f8a13822'::uuid, 'f802dbbd-32dc-5fc5-a3ec-03038e9fe5c8'::uuid, 4, 'to fly', false, null),
  ('7c188e95-1f24-548f-a14d-a09d2e02a4ac'::uuid, '143f1ddd-6c90-53a5-aca3-03d10ecb8226'::uuid, 1, 'อาหาร', true, null),
  ('4820aff1-01c1-52ca-afce-e80a944b3c4f'::uuid, '143f1ddd-6c90-53a5-aca3-03d10ecb8226'::uuid, 2, 'หารอา', false, null),
  ('2b21df40-4bef-59ff-a217-ae65db7b5e84'::uuid, '143f1ddd-6c90-53a5-aca3-03d10ecb8226'::uuid, 3, 'หมู', false, null),
  ('3443f53a-f689-55b8-aefa-01f78b3b3369'::uuid, '143f1ddd-6c90-53a5-aca3-03d10ecb8226'::uuid, 4, 'ผัด', false, null),
  ('a8befabb-76a7-5c7c-ae35-c8abe2eddd92'::uuid, 'afd544e1-be46-5ddc-a9bb-a97a33eee37a'::uuid, 1, 'r', false, null),
  ('e256c06b-0cad-5909-af9f-3701800c98e8'::uuid, 'afd544e1-be46-5ddc-a9bb-a97a33eee37a'::uuid, 2, 'l', false, null),
  ('1d4e434c-bcd9-5485-a3d8-2650d65b7ebe'::uuid, 'afd544e1-be46-5ddc-a9bb-a97a33eee37a'::uuid, 3, 'n', true, null),
  ('0ed358c5-a41c-5abc-ab0a-1318d576445a'::uuid, 'afd544e1-be46-5ddc-a9bb-a97a33eee37a'::uuid, 4, 'silent', false, null),
  ('c3f5cfcf-16f7-5e13-a609-848f78753ac6'::uuid, 'b917b9b7-a124-51ac-a09a-ac2df18d12cd'::uuid, 1, 'It marks plural', false, null),
  ('f02a363c-c3e9-591c-a974-a6d8dfd32b7a'::uuid, 'b917b9b7-a124-51ac-a09a-ac2df18d12cd'::uuid, 2, 'Thai needs a consonant slot, so อ carries the opening vowel', true, null),
  ('0f978a07-b980-5440-adf9-c07dbd1f60b3'::uuid, 'b917b9b7-a124-51ac-a09a-ac2df18d12cd'::uuid, 3, 'It is only decorative', false, null),
  ('39af262b-1995-54d3-adbe-48b75a9758c8'::uuid, 'b917b9b7-a124-51ac-a09a-ac2df18d12cd'::uuid, 4, 'It always means the word is formal', false, null),
  ('cb82ef08-177b-5613-a5a8-7efbd2720fe3'::uuid, '62ec9ab5-e2a5-5a39-afa3-ecd5bb5329e4'::uuid, 1, 'ผ', true, null),
  ('db723cae-260b-5b0c-abda-39729e735794'::uuid, '62ec9ab5-e2a5-5a39-afa3-ecd5bb5329e4'::uuid, 2, 'บ', false, null),
  ('9a6c3aa2-9105-5c95-aae6-74c5f64d0f0c'::uuid, '62ec9ab5-e2a5-5a39-afa3-ecd5bb5329e4'::uuid, 3, 'ห', false, null),
  ('98565824-d8fc-5c58-ab32-ef31612737bf'::uuid, '62ec9ab5-e2a5-5a39-afa3-ecd5bb5329e4'::uuid, 4, 'ข', false, null),
  ('d0e8efe9-bdb8-5ed1-ae1a-9bff3d106be4'::uuid, '9f452601-a03f-5cae-adc1-7dd3fa1f3114'::uuid, 1, 'ั', true, null),
  ('b2c0103b-5500-552b-ac79-9e54f1d4ab0d'::uuid, '9f452601-a03f-5cae-adc1-7dd3fa1f3114'::uuid, 2, 'า', false, null),
  ('01d74f58-6b75-50d2-a1eb-aa106dd2cc71'::uuid, '9f452601-a03f-5cae-adc1-7dd3fa1f3114'::uuid, 3, 'แ', false, null),
  ('a1e45e46-31ba-5b39-acd8-7d6950e6c6b9'::uuid, '9f452601-a03f-5cae-adc1-7dd3fa1f3114'::uuid, 4, 'ุ', false, null),
  ('d17089bc-06d4-5ab9-aec2-76393f575c63'::uuid, '9439e02a-87e1-5211-a4e0-618142290f68'::uuid, 1, 'stir-fry', true, null),
  ('ac59f8e6-2fca-536c-ab71-2cb333e203d9'::uuid, '9439e02a-87e1-5211-a4e0-618142290f68'::uuid, 2, 'food court', false, null),
  ('9cfd43bf-42cc-5c5f-a162-ff3529f5cb9b'::uuid, '9439e02a-87e1-5211-a4e0-618142290f68'::uuid, 3, 'shop', false, null),
  ('b30ae041-193e-52b3-a7e1-fe02f0b5c8bb'::uuid, '9439e02a-87e1-5211-a4e0-618142290f68'::uuid, 4, 'ten', false, null),
  ('86f468ad-e05b-5e21-a5a3-98194c14fda5'::uuid, 'd7f90549-40dd-5a16-a101-e7f33354bfaf'::uuid, 1, 'ผัด', true, null),
  ('9fe85464-521d-55c7-abe5-5fc4e55175ae'::uuid, 'd7f90549-40dd-5a16-a101-e7f33354bfaf'::uuid, 2, 'ผาด', false, null),
  ('6def9a61-5e0c-571f-a959-9ad7e80dae0f'::uuid, 'd7f90549-40dd-5a16-a101-e7f33354bfaf'::uuid, 3, 'ผาก', false, null),
  ('988bd059-2b47-50b1-a9c6-1307120e9422'::uuid, 'd7f90549-40dd-5a16-a101-e7f33354bfaf'::uuid, 4, 'ชุด', false, null),
  ('513b812c-e485-5c6d-aa23-559e8ad83619'::uuid, 'b9806e17-7198-5645-a174-7f5434e9b97c'::uuid, 1, 'ผัก', true, null),
  ('6402ef67-ed49-5406-a7f3-2dc9edd126d5'::uuid, 'b9806e17-7198-5645-a174-7f5434e9b97c'::uuid, 2, 'ข้าว', false, null),
  ('1c7b96b7-75dd-5c00-a70a-f2e891a2d7fd'::uuid, 'b9806e17-7198-5645-a174-7f5434e9b97c'::uuid, 3, 'บิน', false, null),
  ('b9ceb577-1631-5218-a9c5-3a83d23ffca9'::uuid, 'b9806e17-7198-5645-a174-7f5434e9b97c'::uuid, 4, 'แม่', false, null);

insert into curriculum.lesson_drills (
  lesson_id,
  drill_id,
  drill_order
)
values
  ('b248fb0f-5294-57b4-af76-9938cb3f905c'::uuid, 'b0af3b43-477d-5797-a482-fc941bb4fbbb'::uuid, 1),
  ('b248fb0f-5294-57b4-af76-9938cb3f905c'::uuid, 'a0aec10d-b933-52ac-ae60-d65d2f0db0a4'::uuid, 2),
  ('b248fb0f-5294-57b4-af76-9938cb3f905c'::uuid, 'b5470778-c016-50d4-a379-30ba09788aae'::uuid, 3),
  ('b248fb0f-5294-57b4-af76-9938cb3f905c'::uuid, 'd6132d4b-1e57-5b24-a79c-d02969f8deab'::uuid, 4),
  ('b248fb0f-5294-57b4-af76-9938cb3f905c'::uuid, 'cb5ae9af-f16f-5910-a61b-6723a6b8426c'::uuid, 5),
  ('b248fb0f-5294-57b4-af76-9938cb3f905c'::uuid, '15c40127-56bf-5ed3-ab07-b320a84892c8'::uuid, 6),
  ('4497309f-83d5-5cfd-ae20-98d182c44e7a'::uuid, 'e8605038-8125-5bf0-a42d-a92a76a6065d'::uuid, 1),
  ('4497309f-83d5-5cfd-ae20-98d182c44e7a'::uuid, 'c511cbcf-61d9-5c02-a71c-24ca1cfd5e33'::uuid, 2),
  ('4497309f-83d5-5cfd-ae20-98d182c44e7a'::uuid, '44769f12-1ed6-5a6d-afa4-1279fd796379'::uuid, 3),
  ('4497309f-83d5-5cfd-ae20-98d182c44e7a'::uuid, '0917c93d-dc41-5020-af12-5b2ec5e09d5d'::uuid, 4),
  ('4497309f-83d5-5cfd-ae20-98d182c44e7a'::uuid, 'a33c2908-8601-5a15-aa02-1d63eeadeb59'::uuid, 5),
  ('3be425cd-ea3e-5f8a-ab88-b1efae8eb80f'::uuid, '039886d4-14ad-5d4d-a3b4-b8b5dcacec12'::uuid, 1),
  ('3be425cd-ea3e-5f8a-ab88-b1efae8eb80f'::uuid, '972fb085-b457-5749-a79c-437d4a4536ec'::uuid, 2),
  ('3be425cd-ea3e-5f8a-ab88-b1efae8eb80f'::uuid, '7a6c6175-e8ba-5554-adc7-26bebbdd137e'::uuid, 3),
  ('3be425cd-ea3e-5f8a-ab88-b1efae8eb80f'::uuid, '9e64189d-5baf-5d61-a29d-2f09f206301d'::uuid, 4),
  ('3be425cd-ea3e-5f8a-ab88-b1efae8eb80f'::uuid, '266b3b73-cd8c-59fc-a698-3e9422669870'::uuid, 5),
  ('4de66997-87a5-56cb-a66f-7b2cce6228ed'::uuid, '02ce9efb-92b9-5876-aef7-7cab864cfe66'::uuid, 1),
  ('4de66997-87a5-56cb-a66f-7b2cce6228ed'::uuid, '8692dc1d-2f3e-5efd-a5d4-b0019e801fa2'::uuid, 2),
  ('4de66997-87a5-56cb-a66f-7b2cce6228ed'::uuid, '0ef86fb7-0bfe-50c2-a601-f21c887e9815'::uuid, 3),
  ('4de66997-87a5-56cb-a66f-7b2cce6228ed'::uuid, '98fee299-f831-5c87-ae8f-1432c5119075'::uuid, 4),
  ('4de66997-87a5-56cb-a66f-7b2cce6228ed'::uuid, '67fb27d1-1746-5a08-aec8-8dac1b69edad'::uuid, 5),
  ('0afff15b-0b20-53d3-ae86-21d3fe37de52'::uuid, '52738597-5de3-55d7-a39c-34c088805b8d'::uuid, 1),
  ('0afff15b-0b20-53d3-ae86-21d3fe37de52'::uuid, '524e2383-96d9-5f31-a5c1-4e4d5ae62344'::uuid, 2),
  ('0afff15b-0b20-53d3-ae86-21d3fe37de52'::uuid, '2db2aeae-50e6-5409-ac53-a294a0bdec82'::uuid, 3),
  ('0afff15b-0b20-53d3-ae86-21d3fe37de52'::uuid, '7946c7ee-41fe-5b34-acf3-07bd08891c89'::uuid, 4),
  ('0afff15b-0b20-53d3-ae86-21d3fe37de52'::uuid, '349b3282-167a-5e03-ac9d-dc39ff2c806f'::uuid, 5),
  ('dc5e9698-631e-5ce9-a0da-6c7fb1abd338'::uuid, '5bc9e17a-4a8a-51bb-a316-aa0a0aa74608'::uuid, 1),
  ('dc5e9698-631e-5ce9-a0da-6c7fb1abd338'::uuid, '1b86c74a-d1ff-548e-a833-04ecf6f7c281'::uuid, 2),
  ('dc5e9698-631e-5ce9-a0da-6c7fb1abd338'::uuid, '5b514efd-9fe0-52b0-a98d-87af1c9de60c'::uuid, 3),
  ('dc5e9698-631e-5ce9-a0da-6c7fb1abd338'::uuid, 'f0776231-13a2-56ed-a053-5092778712f0'::uuid, 4),
  ('dc5e9698-631e-5ce9-a0da-6c7fb1abd338'::uuid, '87008ac4-4fa4-5eda-a86a-fbd12791e726'::uuid, 5),
  ('5f706588-560c-598f-ab7a-52a47ecb2015'::uuid, '7552ce0b-c30c-52bc-a88e-872c25d657d5'::uuid, 1),
  ('5f706588-560c-598f-ab7a-52a47ecb2015'::uuid, 'de5ad6bb-5b0c-5ede-a4f5-6266b4601f04'::uuid, 2),
  ('5f706588-560c-598f-ab7a-52a47ecb2015'::uuid, '565b7d5e-735f-5050-ad09-71fed55ac6a7'::uuid, 3),
  ('5f706588-560c-598f-ab7a-52a47ecb2015'::uuid, 'd7002b7d-1e35-5a0f-ae7e-e26a33f09a90'::uuid, 4),
  ('5f706588-560c-598f-ab7a-52a47ecb2015'::uuid, '29a3d27f-d998-532c-abcd-12564e689931'::uuid, 5),
  ('a85af404-45e0-50ae-a491-e082f54018a8'::uuid, '3618386b-665b-5416-a461-d0ef90065f36'::uuid, 1),
  ('a85af404-45e0-50ae-a491-e082f54018a8'::uuid, 'd59be859-7c84-5a9e-a350-e26e03ab8e12'::uuid, 2),
  ('a85af404-45e0-50ae-a491-e082f54018a8'::uuid, '477d26d8-9e21-5d7c-a3c0-a8424c722db5'::uuid, 3),
  ('a85af404-45e0-50ae-a491-e082f54018a8'::uuid, '6e35c2ec-6361-5a90-a52b-2b9af1fc07a5'::uuid, 4),
  ('a85af404-45e0-50ae-a491-e082f54018a8'::uuid, 'f533d512-ef1d-59d1-a42b-a53b713e4eeb'::uuid, 5),
  ('fb4954f1-e326-56e2-a3d1-b4132b60e254'::uuid, 'acc21424-6128-5919-a890-2a2c4ac0c784'::uuid, 1),
  ('fb4954f1-e326-56e2-a3d1-b4132b60e254'::uuid, 'f12da006-4547-53fe-ac15-725c30c4746c'::uuid, 2),
  ('fb4954f1-e326-56e2-a3d1-b4132b60e254'::uuid, '106c959c-12be-57d5-ae47-989845755e78'::uuid, 3),
  ('fb4954f1-e326-56e2-a3d1-b4132b60e254'::uuid, '02af70d4-c198-587f-aa33-3b8717f34737'::uuid, 4),
  ('fb4954f1-e326-56e2-a3d1-b4132b60e254'::uuid, 'df92c923-c1a1-513a-a6ab-ea02c5bf16df'::uuid, 5),
  ('489857d0-a162-5afa-a7bb-c797b5761864'::uuid, '9277e873-bfa3-53f7-a26f-72549d58727a'::uuid, 1),
  ('489857d0-a162-5afa-a7bb-c797b5761864'::uuid, '72b362c6-5874-5eb5-ae33-d322cad13016'::uuid, 2),
  ('489857d0-a162-5afa-a7bb-c797b5761864'::uuid, 'c744f172-4cd7-5f24-a563-6dbefb6498ad'::uuid, 3),
  ('489857d0-a162-5afa-a7bb-c797b5761864'::uuid, 'a54b1113-2c41-5e38-a0a6-f4ed6ce3b6f3'::uuid, 4),
  ('489857d0-a162-5afa-a7bb-c797b5761864'::uuid, '62a04a09-d6ca-5d0c-a968-c3a5a904b052'::uuid, 5),
  ('6a8b53e3-50a0-5db3-a089-a15c56bc01c6'::uuid, 'aee4f232-92da-5ff9-ab9a-4f6159e0013a'::uuid, 1),
  ('6a8b53e3-50a0-5db3-a089-a15c56bc01c6'::uuid, '88afeac6-4549-51f2-a692-0619b08828d8'::uuid, 2),
  ('6a8b53e3-50a0-5db3-a089-a15c56bc01c6'::uuid, '8b2a3c3c-c41d-5097-afcd-6ae79c70b553'::uuid, 3),
  ('6a8b53e3-50a0-5db3-a089-a15c56bc01c6'::uuid, 'de1ce793-e310-5856-a6da-cabd69b2e3d9'::uuid, 4),
  ('6a8b53e3-50a0-5db3-a089-a15c56bc01c6'::uuid, '81bb588d-fda4-5b93-ac8d-d7b10794035c'::uuid, 5),
  ('e387c914-ad75-5a7c-a972-cf079418042d'::uuid, '1b4dcf0d-6c4b-508e-a299-8c8d60f12f33'::uuid, 1),
  ('e387c914-ad75-5a7c-a972-cf079418042d'::uuid, 'f802dbbd-32dc-5fc5-a3ec-03038e9fe5c8'::uuid, 2),
  ('e387c914-ad75-5a7c-a972-cf079418042d'::uuid, '143f1ddd-6c90-53a5-aca3-03d10ecb8226'::uuid, 3),
  ('e387c914-ad75-5a7c-a972-cf079418042d'::uuid, 'afd544e1-be46-5ddc-a9bb-a97a33eee37a'::uuid, 4),
  ('e387c914-ad75-5a7c-a972-cf079418042d'::uuid, 'b917b9b7-a124-51ac-a09a-ac2df18d12cd'::uuid, 5),
  ('227b7204-c818-5c7c-ad68-654e72285cd6'::uuid, '62ec9ab5-e2a5-5a39-afa3-ecd5bb5329e4'::uuid, 1),
  ('227b7204-c818-5c7c-ad68-654e72285cd6'::uuid, '9f452601-a03f-5cae-adc1-7dd3fa1f3114'::uuid, 2),
  ('227b7204-c818-5c7c-ad68-654e72285cd6'::uuid, '9439e02a-87e1-5211-a4e0-618142290f68'::uuid, 3),
  ('227b7204-c818-5c7c-ad68-654e72285cd6'::uuid, 'd7f90549-40dd-5a16-a101-e7f33354bfaf'::uuid, 4),
  ('227b7204-c818-5c7c-ad68-654e72285cd6'::uuid, 'b9806e17-7198-5645-a174-7f5434e9b97c'::uuid, 5);

insert into delivery.course_publications (id, course_version_id, manifest_hash, is_active, created_at)
values ('05ef7f1d-533e-5a74-afe1-17d35390fa15'::uuid, '92c6b63e-6aab-5f26-af3d-30738bdaaf37'::uuid, '4944fed4f92594bfa1431c651cc83cc56726225abedc483122566d73400c7a6f', true, '2026-04-30T00:00:00+00:00'::timestamptz);

insert into delivery.course_publication_lessons (
  id,
  publication_id,
  lesson_id,
  lesson_slug,
  lesson_ordinal,
  payload,
  payload_hash,
  created_at
)
values
  ('2b08fe9f-7330-561e-a49c-f0e155dbdd71'::uuid, '05ef7f1d-533e-5a74-afe1-17d35390fa15'::uuid, 'b248fb0f-5294-57b4-af76-9938cb3f905c'::uuid, 'maak', 1, '{"course":{"id":"7bd9a3e7-a301-5ba5-a796-b90d39498730","slug":"thai","versionId":"92c6b63e-6aab-5f26-af3d-30738bdaaf37","displayVersion":"1.0.0"},"lesson":{"id":"b248fb0f-5294-57b4-af76-9938cb3f905c","slug":"maak","lessonOrdinal":1,"stage":1,"title":"มาก — Your First High-Payoff Word","anchor":{"id":"1369806e-4ea8-5225-af4b-53d528e72fd4","slug":"maak","text":"มาก","meaning":"very / a lot","pronunciation":"mâak","categoryKey":"daily","contextNote":"You''ll hear and read มาก everywhere: ดีมาก (very good), เผ็ดมาก (very spicy), and discount copy that promises a lot.","segments":[{"text":"มา","sound":"maa"},{"text":"ก","sound":"k"}]},"vocabulary":[{"roleKey":"practice_core","ordinalInRole":1,"isDrillTarget":true,"item":{"id":"c3faa381-054e-5dd0-a64b-fe084d0afe2e","key":"word-0e21-0e32","text":"มา","meaning":"to come","pronunciation":"maa","categoryKey":"daily","contextNote":"A basic movement verb you will hear in invitations, directions, and casual conversation.","segments":[{"text":"มา","sound":"maa"}],"metadata":{"sourceType":"real"}}},{"roleKey":"practice_core","ordinalInRole":2,"isDrillTarget":true,"item":{"id":"c8d1b913-736c-5dcd-a387-f779532f980e","key":"word-0e01-0e32","text":"กา","meaning":"crow / kettle / mark","pronunciation":"gaa","categoryKey":"daily","contextNote":"A compact real word that reuses the same long-aa frame with no extra letters added.","segments":[{"text":"กา","sound":"gaa"}],"metadata":{"sourceType":"real"}}},{"roleKey":"practice_core","ordinalInRole":3,"isDrillTarget":true,"item":{"id":"d548bc58-bb46-5e64-a208-ccd84400c5b7","key":"word-0e01-0e32-0e01","text":"กาก","meaning":"dregs / residue","pronunciation":"gaak","categoryKey":"daily","contextNote":"A real dictionary word that gives early final-k practice without adding extra glyphs.","segments":[{"text":"กาก","sound":"gaak"}],"metadata":{"sourceType":"real"}}},{"roleKey":"practice_core","ordinalInRole":4,"isDrillTarget":true,"item":{"id":"cae6f954-ee78-5cc6-a2f8-377592ff4bfa","key":"word-0e21-0e32-0e21","text":"มาม","meaning":"sound-only practice","pronunciation":"maam","categoryKey":"daily","contextNote":"A clearly flagged pronunciation drill for an otherwise tiny early lesson pool.","segments":[{"text":"มาม","sound":"maam"}],"metadata":{"sourceType":"nonsense"}}}],"newGraphemes":[{"id":"155d0198-aac0-5a9d-a8ab-fb839ccab4f9","text":"ม","kind":"consonant","romanization":"m","pronunciationHint":"m as in \"mother\"","mnemonic":"ม is ม ม้า (mor ma, horse). Picture the tall middle stroke as a horse''s neck and the small loop as its head, then tie that horse word to the m sound.","position":"standalone","details":{"class":"low"},"tags":[]},{"id":"f9127074-00ba-5295-aac0-01022b890b89","text":"า","kind":"vowel","romanization":"aa","pronunciationHint":"long \"aa\" as in \"father\"","mnemonic":"า is the right-side long aa stroke. It stands after the consonant and stretches the syllable into the long vowel you hear in มา and กา.","position":"right","details":{},"tags":[]},{"id":"0323b564-2380-5449-aa92-cc5f6772a1a0","text":"ก","kind":"consonant","romanization":"g/k","pronunciationHint":"hard g/k sound; final ก closes like \"k\"","mnemonic":"ก is ก ไก่ (gor gai, chicken), the classic Thai alphabet anchor. Picture the hook as the chicken''s head and beak for the hard g/k sound.","position":"standalone","details":{"class":"mid"},"tags":[]}],"reviewGraphemes":[],"rules":[{"id":"671ddf5e-f429-5a7b-a9a1-f88d61020189","key":"long-aa-right","name":"Long า Stretches Right","shortDescription":"า is written after the consonant and gives you a long aa sound","explanation":"Thai often places vowels around a consonant instead of in a straight line like English. The long vowel า sits to the right of the consonant and stretches the syllable into a clear aa sound.","examples":[{"text":"มาก = mâak"},{"text":"ตา = taa"}]},{"id":"884e5d37-78f3-5c0d-abda-be4ea9b3b8a5","key":"final-k-stop","name":"Final ก Ends in a Stop","shortDescription":"At the end of a syllable, ก closes sharply as a k sound","explanation":"Thai final consonants are often clipped. In มาก, the last ก does not open into a full English g. It closes the syllable with a short unreleased k sound.","examples":[{"text":"มาก = mâak"}]},{"id":"4438b9e5-0dad-5fb9-a65e-f29a4cc6a62a","key":"implied-short-o","name":"Two Bare Consonants Often Add a Short \"o\"","shortDescription":"When Thai stacks two consonants with no written vowel, a short o often appears between them","explanation":"Once you know a few consonants, you can read more than long-vowel forms. In many short Thai syllables, two consonants written together with no vowel sign are read with an implied short o sound between them.","examples":[{"text":"นก = nok"},{"text":"รถ = rot"}]}],"drills":[{"id":"b0af3b43-477d-5797-a482-fc941bb4fbbb","key":"maak-drill-01-recognize","type":"recognize","prompt":"Which letter makes the \"m\" sound?","payload":{},"options":[{"text":"ก"},{"text":"ม","isCorrect":true},{"text":"น"},{"text":"ด"}]},{"id":"a0aec10d-b933-52ac-ae60-d65d2f0db0a4","key":"maak-drill-02-recognize","type":"recognize","prompt":"Which symbol makes the long \"aa\" sound?","payload":{},"options":[{"text":"า","isCorrect":true},{"text":"ิ"},{"text":"ี"},{"text":"ั"}]},{"id":"b5470778-c016-50d4-a379-30ba09788aae","key":"maak-drill-03-match","type":"match","prompt":"What does มาก mean?","payload":{},"options":[{"text":"mother"},{"text":"very / a lot","isCorrect":true},{"text":"shop"},{"text":"rice"}]},{"id":"d6132d4b-1e57-5b24-a79c-d02969f8deab","key":"maak-drill-04-spot","type":"spot","prompt":"Which Thai spelling means \"very / a lot\"?","payload":{},"options":[{"text":"มาก","isCorrect":true},{"text":"กาม"},{"text":"มกา"},{"text":"ดาก"}]},{"id":"cb5ae9af-f16f-5910-a61b-6723a6b8426c","key":"maak-drill-05-sound","type":"sound","prompt":"How does the final ก sound in มาก?","payload":{},"options":[{"text":"m"},{"text":"k","isCorrect":true},{"text":"g"},{"text":"n"}]},{"id":"15c40127-56bf-5ed3-ab07-b320a84892c8","key":"maak-drill-06-sound","type":"sound","prompt":"If two consonants appear together with no written vowel, what sound often shows up between them?","payload":{},"options":[{"text":"long \"aa\""},{"text":"long \"ee\""},{"text":"short \"o\"","isCorrect":true},{"text":"long \"oo\""}]}]}}'::jsonb, 'b82d76fa7e0bf4fbc83d443b2d072eb85eeeb5bef3342774f31f91949000866f', '2026-04-30T00:00:00+00:00'::timestamptz),
  ('2858cfe0-23c6-5ef7-ab75-58205949476e'::uuid, '05ef7f1d-533e-5a74-afe1-17d35390fa15'::uuid, '4497309f-83d5-5cfd-ae20-98d182c44e7a'::uuid, 'dii', 2, '{"course":{"id":"7bd9a3e7-a301-5ba5-a796-b90d39498730","slug":"thai","versionId":"92c6b63e-6aab-5f26-af3d-30738bdaaf37","displayVersion":"1.0.0"},"lesson":{"id":"4497309f-83d5-5cfd-ae20-98d182c44e7a","slug":"dii","lessonOrdinal":2,"stage":1,"title":"ดี — A Core Word for Good Things","anchor":{"id":"134aa101-deb6-53f4-ab45-73b08ff1f542","slug":"dii","text":"ดี","meaning":"good","pronunciation":"dii","categoryKey":"daily","contextNote":"You''ll see ดี inside greetings, reviews, and product copy. It is one of the most reusable positive words in beginner Thai.","segments":[{"text":"ดี","sound":"dii"}]},"vocabulary":[{"roleKey":"practice_core","ordinalInRole":1,"isDrillTarget":true,"item":{"id":"da9766d5-9cc7-5389-a981-8f9306e6b805","key":"word-0e14-0e35-0e14","text":"ดีด","meaning":"to flick / pluck","pronunciation":"diit","categoryKey":"daily","segments":[{"text":"ดีด","sound":"diit"}],"metadata":{"sourceType":"real"}}},{"roleKey":"practice_core","ordinalInRole":2,"isDrillTarget":true,"item":{"id":"d0ef507d-f79d-5a6e-af15-15389b449c25","key":"word-0e21-0e35","text":"มี","meaning":"to have","pronunciation":"mii","categoryKey":"daily","segments":[{"text":"มี","sound":"mii"}],"metadata":{"sourceType":"real"}}},{"roleKey":"practice_core","ordinalInRole":3,"isDrillTarget":true,"item":{"id":"2fb0d7d0-e813-5ed3-a01c-11e7b9cb22cd","key":"word-0e21-0e35-0e14","text":"มีด","meaning":"knife","pronunciation":"miit","categoryKey":"food","segments":[{"text":"มีด","sound":"miit"}],"metadata":{"sourceType":"real"}}},{"roleKey":"practice_core","ordinalInRole":4,"isDrillTarget":true,"item":{"id":"f932c1d2-de4f-5a71-a5c9-aa0acbd6f665","key":"word-0e14-0e35-0e21-0e32-0e01","text":"ดีมาก","meaning":"very good","pronunciation":"dii maak","categoryKey":"daily","segments":[{"text":"ดี","sound":"dii"},{"text":"มาก","sound":"maak"}],"metadata":{"sourceType":"phrase"}}},{"roleKey":"practice_core","ordinalInRole":5,"isDrillTarget":true,"item":{"id":"c3faa381-054e-5dd0-a64b-fe084d0afe2e","key":"word-0e21-0e32","text":"มา","meaning":"to come","pronunciation":"maa","categoryKey":"daily","segments":[{"text":"มา","sound":"maa"}],"metadata":{"sourceType":"real"}}},{"roleKey":"practice_core","ordinalInRole":6,"isDrillTarget":true,"item":{"id":"ed1aa82b-1c19-59de-ad16-fcc1669fd68b","key":"word-0e21-0e32-0e01","text":"มาก","meaning":"very / a lot","pronunciation":"maak","categoryKey":"daily","segments":[{"text":"มาก","sound":"maak"}],"metadata":{"sourceType":"real"}}},{"roleKey":"practice_core","ordinalInRole":7,"isDrillTarget":true,"item":{"id":"c8d1b913-736c-5dcd-a387-f779532f980e","key":"word-0e01-0e32","text":"กา","meaning":"crow / kettle / mark","pronunciation":"gaa","categoryKey":"daily","segments":[{"text":"กา","sound":"gaa"}],"metadata":{"sourceType":"real"}}}],"newGraphemes":[{"id":"4cd66937-cf81-571b-ae18-6ae1055dd3ae","text":"ด","kind":"consonant","romanization":"d/t","pronunciationHint":"d as in \"dog\" at the start; clipped t at the end","mnemonic":"ด is ด เด็ก (dor dek, child). Picture the loop as a child''s round head beside a small body; ด starts words with d and closes as t.","position":"standalone","details":{"class":"mid"},"tags":[]},{"id":"ee1f3cf4-8315-510e-a613-dfc5ec42d2f5","text":"ี","kind":"vowel","romanization":"ii","pronunciationHint":"long \"ee\" as in \"see\"","mnemonic":"ี is ิ with an extra length stroke on top. That extra stroke is your clue to hold the sound longer: short i becomes long ii.","position":"above","details":{},"tags":[]}],"reviewGraphemes":[{"id":"155d0198-aac0-5a9d-a8ab-fb839ccab4f9","text":"ม","kind":"consonant","romanization":"m","pronunciationHint":"m as in \"mother\"","mnemonic":"ม is ม ม้า (mor ma, horse). Picture the tall middle stroke as a horse''s neck and the small loop as its head, then tie that horse word to the m sound.","position":"standalone","details":{"class":"low"},"tags":[]},{"id":"f9127074-00ba-5295-aac0-01022b890b89","text":"า","kind":"vowel","romanization":"aa","pronunciationHint":"long \"aa\" as in \"father\"","mnemonic":"า is the right-side long aa stroke. It stands after the consonant and stretches the syllable into the long vowel you hear in มา and กา.","position":"right","details":{},"tags":[]},{"id":"0323b564-2380-5449-aa92-cc5f6772a1a0","text":"ก","kind":"consonant","romanization":"g/k","pronunciationHint":"hard g/k sound; final ก closes like \"k\"","mnemonic":"ก is ก ไก่ (gor gai, chicken), the classic Thai alphabet anchor. Picture the hook as the chicken''s head and beak for the hard g/k sound.","position":"standalone","details":{"class":"mid"},"tags":[]}],"rules":[{"id":"08d94ec2-a20e-5de1-a856-70fd4d44ffe2","key":"long-ii-above","name":"Long ี Sits Above","shortDescription":"ี is written above the consonant and gives you a long ee sound","explanation":"Thai vowels are often placed above, below, or around the consonant. In ดี, the consonant comes first and the long vowel ี sits above it, so you read ด then stretch into ee.","examples":[{"text":"ดี = dii"},{"text":"สี = sii"}]},{"id":"6d95fd8f-f8f2-57a9-a0e0-6895baa2f935","key":"initial-d-sound","name":"Initial ด Starts Cleanly","shortDescription":"At the start of a syllable, ด gives you a plain d sound","explanation":"Thai consonants can behave differently at the start and the end of a syllable. In ดี, ด is initial, so you read it as a straightforward d sound before the vowel.","examples":[{"text":"ดี = dii"},{"text":"ดา = daa"}]}],"drills":[{"id":"e8605038-8125-5bf0-a42d-a92a76a6065d","key":"dii-drill-01-recognize","type":"recognize","prompt":"Which letter starts with the \"d\" sound?","payload":{},"options":[{"text":"ก"},{"text":"ด","isCorrect":true},{"text":"ม"},{"text":"น"}]},{"id":"c511cbcf-61d9-5c02-a71c-24ca1cfd5e33","key":"dii-drill-02-recognize","type":"recognize","prompt":"Which vowel gives the long \"ee\" sound?","payload":{},"options":[{"text":"ี","isCorrect":true},{"text":"า"},{"text":"ิ"},{"text":"ั"}]},{"id":"44769f12-1ed6-5a6d-afa4-1279fd796379","key":"dii-drill-03-match","type":"match","prompt":"What does ดี mean?","payload":{},"options":[{"text":"good","isCorrect":true},{"text":"road"},{"text":"eat"},{"text":"shop"}]},{"id":"0917c93d-dc41-5020-af12-5b2ec5e09d5d","key":"dii-drill-04-spot","type":"spot","prompt":"Which Thai spelling means \"good\"?","payload":{},"options":[{"text":"ดี","isCorrect":true},{"text":"ดิ"},{"text":"ดา"},{"text":"มี"}]},{"id":"a33c2908-8601-5a15-aa02-1d63eeadeb59","key":"dii-drill-05-sound","type":"sound","prompt":"In ดี, where is the vowel written?","payload":{},"options":[{"text":"before the consonant"},{"text":"after the consonant"},{"text":"above the consonant","isCorrect":true},{"text":"below the consonant"}]}]}}'::jsonb, 'f7bfab16cf7447764e22064fb10c6109d15d5300b44a1842e598a26e4564f16a', '2026-04-30T00:00:00+00:00'::timestamptz),
  ('9fd4f5c2-b819-551c-ad9a-c00d4ba7b65d'::uuid, '05ef7f1d-533e-5a74-afe1-17d35390fa15'::uuid, '3be425cd-ea3e-5f8a-ab88-b1efae8eb80f'::uuid, 'gin', 3, '{"course":{"id":"7bd9a3e7-a301-5ba5-a796-b90d39498730","slug":"thai","versionId":"92c6b63e-6aab-5f26-af3d-30738bdaaf37","displayVersion":"1.0.0"},"lesson":{"id":"3be425cd-ea3e-5f8a-ab88-b1efae8eb80f","slug":"gin","lessonOrdinal":3,"stage":1,"title":"กิน — The Everyday Food Verb","anchor":{"id":"9aa0d234-007d-5705-abe6-013ec5322296","slug":"gin","text":"กิน","meaning":"to eat","pronunciation":"gin","categoryKey":"food","contextNote":"กิน appears everywhere in daily life, from restaurant invitations to questions about what you want to eat.","segments":[{"text":"กิ","sound":"gi"},{"text":"น","sound":"n"}]},"vocabulary":[{"roleKey":"practice_core","ordinalInRole":1,"isDrillTarget":true,"item":{"id":"d7782977-ee79-5e00-ae86-265f4b4e9034","key":"word-0e19-0e34-0e14","text":"นิด","meaning":"a little bit","pronunciation":"nit","categoryKey":"daily","segments":[{"text":"นิด","sound":"nit"}],"metadata":{"sourceType":"real"}}},{"roleKey":"practice_core","ordinalInRole":2,"isDrillTarget":true,"item":{"id":"142df77a-2c8f-5948-af3f-26e5778ff982","key":"word-0e14-0e34-0e19","text":"ดิน","meaning":"soil / earth","pronunciation":"din","categoryKey":"daily","segments":[{"text":"ดิน","sound":"din"}],"metadata":{"sourceType":"real"}}},{"roleKey":"practice_core","ordinalInRole":3,"isDrillTarget":true,"item":{"id":"86538398-e5ca-5917-a618-e7586d124894","key":"word-0e19-0e32","text":"นา","meaning":"rice field","pronunciation":"naa","categoryKey":"place","segments":[{"text":"นา","sound":"naa"}],"metadata":{"sourceType":"real"}}},{"roleKey":"practice_core","ordinalInRole":4,"isDrillTarget":true,"item":{"id":"d23e29b9-adb5-5ff0-a665-1a2096af5bc1","key":"word-0e19-0e32-0e21","text":"นาม","meaning":"name / noun","pronunciation":"naam","categoryKey":"sign","segments":[{"text":"นาม","sound":"naam"}],"metadata":{"sourceType":"real"}}},{"roleKey":"practice_core","ordinalInRole":5,"isDrillTarget":true,"item":{"id":"d0ef507d-f79d-5a6e-af15-15389b449c25","key":"word-0e21-0e35","text":"มี","meaning":"to have","pronunciation":"mii","categoryKey":"daily","segments":[{"text":"มี","sound":"mii"}],"metadata":{"sourceType":"real"}}},{"roleKey":"practice_core","ordinalInRole":6,"isDrillTarget":true,"item":{"id":"c321b707-4346-5fb4-a2ec-ef4ae570730a","key":"word-0e14-0e35","text":"ดี","meaning":"good","pronunciation":"dii","categoryKey":"daily","segments":[{"text":"ดี","sound":"dii"}],"metadata":{"sourceType":"real"}}},{"roleKey":"practice_core","ordinalInRole":7,"isDrillTarget":true,"item":{"id":"2fb0d7d0-e813-5ed3-a01c-11e7b9cb22cd","key":"word-0e21-0e35-0e14","text":"มีด","meaning":"knife","pronunciation":"miit","categoryKey":"food","segments":[{"text":"มีด","sound":"miit"}],"metadata":{"sourceType":"real"}}},{"roleKey":"practice_core","ordinalInRole":8,"isDrillTarget":true,"item":{"id":"ed1aa82b-1c19-59de-ad16-fcc1669fd68b","key":"word-0e21-0e32-0e01","text":"มาก","meaning":"very / a lot","pronunciation":"maak","categoryKey":"daily","segments":[{"text":"มาก","sound":"maak"}],"metadata":{"sourceType":"real"}}}],"newGraphemes":[{"id":"02613447-13c2-5348-aad7-857e5e6ae103","text":"น","kind":"consonant","romanization":"n","pronunciationHint":"n as in \"no\"","mnemonic":"น is น หนู (nor nuu, mouse). Picture the curl as a little mouse body and tail, and use หนู to lock in the n sound.","position":"standalone","details":{"class":"low"},"tags":[]},{"id":"7dba55ea-1ad4-5d3c-a85d-9c7b7a6f3553","text":"ิ","kind":"vowel","romanization":"i","pronunciationHint":"short \"i\" as in \"sit\"","mnemonic":"ิ is the short i mark above the consonant. It has no extra length stroke, so keep the vowel quick in words like กิน.","position":"above","details":{},"tags":[]}],"reviewGraphemes":[{"id":"0323b564-2380-5449-aa92-cc5f6772a1a0","text":"ก","kind":"consonant","romanization":"g/k","pronunciationHint":"hard g/k sound; final ก closes like \"k\"","mnemonic":"ก is ก ไก่ (gor gai, chicken), the classic Thai alphabet anchor. Picture the hook as the chicken''s head and beak for the hard g/k sound.","position":"standalone","details":{"class":"mid"},"tags":[]},{"id":"4cd66937-cf81-571b-ae18-6ae1055dd3ae","text":"ด","kind":"consonant","romanization":"d/t","pronunciationHint":"d as in \"dog\" at the start; clipped t at the end","mnemonic":"ด is ด เด็ก (dor dek, child). Picture the loop as a child''s round head beside a small body; ด starts words with d and closes as t.","position":"standalone","details":{"class":"mid"},"tags":[]},{"id":"ee1f3cf4-8315-510e-a613-dfc5ec42d2f5","text":"ี","kind":"vowel","romanization":"ii","pronunciationHint":"long \"ee\" as in \"see\"","mnemonic":"ี is ิ with an extra length stroke on top. That extra stroke is your clue to hold the sound longer: short i becomes long ii.","position":"above","details":{},"tags":[]},{"id":"155d0198-aac0-5a9d-a8ab-fb839ccab4f9","text":"ม","kind":"consonant","romanization":"m","pronunciationHint":"m as in \"mother\"","mnemonic":"ม is ม ม้า (mor ma, horse). Picture the tall middle stroke as a horse''s neck and the small loop as its head, then tie that horse word to the m sound.","position":"standalone","details":{"class":"low"},"tags":[]},{"id":"f9127074-00ba-5295-aac0-01022b890b89","text":"า","kind":"vowel","romanization":"aa","pronunciationHint":"long \"aa\" as in \"father\"","mnemonic":"า is the right-side long aa stroke. It stands after the consonant and stretches the syllable into the long vowel you hear in มา and กา.","position":"right","details":{},"tags":[]}],"rules":[{"id":"90dd223e-c255-5285-a129-360e6205288e","key":"short-i-above","name":"Short ิ Sits Above","shortDescription":"The short i vowel appears above the consonant you read first","explanation":"Thai often asks you to scan above the line as you read. In กิน, the consonant ก comes first and the short vowel ิ is written above it, giving you gi before the final consonant closes the syllable.","examples":[{"text":"กิน = gin"},{"text":"บิน = bin"}]},{"id":"23dac35f-4b61-566e-a6f9-3ba53bd27a9d","key":"final-n-stays-n","name":"Final น Stays N","shortDescription":"At the end of a syllable, น keeps a clear n sound","explanation":"Not every Thai final consonant gets clipped into a stop. Final น stays nasal and easy to hear, so กิน closes with a clear n sound.","examples":[{"text":"กิน = gin"},{"text":"บิน = bin"}]}],"drills":[{"id":"039886d4-14ad-5d4d-a3b4-b8b5dcacec12","key":"gin-drill-01-recognize","type":"recognize","prompt":"Which letter makes the \"n\" sound?","payload":{},"options":[{"text":"ก"},{"text":"น","isCorrect":true},{"text":"ด"},{"text":"ม"}]},{"id":"972fb085-b457-5749-a79c-437d4a4536ec","key":"gin-drill-02-recognize","type":"recognize","prompt":"Which vowel gives the short \"i\" sound?","payload":{},"options":[{"text":"ิ","isCorrect":true},{"text":"ี"},{"text":"า"},{"text":"ั"}]},{"id":"7a6c6175-e8ba-5554-adc7-26bebbdd137e","key":"gin-drill-03-match","type":"match","prompt":"What does กิน mean?","payload":{},"options":[{"text":"to eat","isCorrect":true},{"text":"market"},{"text":"ten"},{"text":"fresh"}]},{"id":"9e64189d-5baf-5d61-a29d-2f09f206301d","key":"gin-drill-04-spot","type":"spot","prompt":"Which Thai spelling means \"to eat\"?","payload":{},"options":[{"text":"กิน","isCorrect":true},{"text":"กีน"},{"text":"นิก"},{"text":"มิน"}]},{"id":"266b3b73-cd8c-59fc-a698-3e9422669870","key":"gin-drill-05-sound","type":"sound","prompt":"How do you read the end of กิน?","payload":{},"options":[{"text":"gii"},{"text":"gin","isCorrect":true},{"text":"git"},{"text":"gim"}]}]}}'::jsonb, '45542969b6c3a8f84cab80f63120c05dd405459cd7cadb486b344662046ba5bb', '2026-04-30T00:00:00+00:00'::timestamptz),
  ('aa04e55f-f9d0-5f1c-aa13-4dfdf4170fc0'::uuid, '05ef7f1d-533e-5a74-afe1-17d35390fa15'::uuid, '4de66997-87a5-56cb-a66f-7b2cce6228ed'::uuid, 'talat', 4, '{"course":{"id":"7bd9a3e7-a301-5ba5-a796-b90d39498730","slug":"thai","versionId":"92c6b63e-6aab-5f26-af3d-30738bdaaf37","displayVersion":"1.0.0"},"lesson":{"id":"4de66997-87a5-56cb-a66f-7b2cce6228ed","slug":"talat","lessonOrdinal":4,"stage":2,"title":"ตลาด — Read the Market Sign","anchor":{"id":"e2ffdcfe-2699-53cb-aa90-ef775738a0b3","slug":"talat","text":"ตลาด","meaning":"market","pronunciation":"tà-làat","categoryKey":"place","contextNote":"Markets are everywhere in Thailand. You''ll see ตลาด on signs for night markets, floating markets, and neighborhood markets.","segments":[{"text":"ตล","sound":"tà-l"},{"text":"า","sound":"aa"},{"text":"ด","sound":"t"}]},"vocabulary":[{"roleKey":"practice_core","ordinalInRole":1,"isDrillTarget":true,"item":{"id":"85fd9b41-dc44-5bee-a89e-eba19102c6fe","key":"word-0e15-0e25-0e01","text":"ตลก","meaning":"funny","pronunciation":"dta-lok","categoryKey":"daily","segments":[{"text":"ตะ","sound":"dta"},{"text":"ลก","sound":"lok"}],"metadata":{"sourceType":"real"}}},{"roleKey":"practice_core","ordinalInRole":2,"isDrillTarget":true,"item":{"id":"d512d636-b40f-5d24-acc3-1e7a586086fc","key":"word-0e15-0e32-0e25","text":"ตาล","meaning":"sugar palm","pronunciation":"dtaan","categoryKey":"daily","segments":[{"text":"ตาล","sound":"dtaan"}],"metadata":{"sourceType":"real"}}},{"roleKey":"practice_core","ordinalInRole":3,"isDrillTarget":true,"item":{"id":"ce9a0864-6fa5-5db8-aa3f-620547a527ab","key":"word-0e15-0e32","text":"ตา","meaning":"eye","pronunciation":"dtaa","categoryKey":"daily","segments":[{"text":"ตา","sound":"dtaa"}],"metadata":{"sourceType":"real"}}},{"roleKey":"practice_core","ordinalInRole":4,"isDrillTarget":true,"item":{"id":"f52a4423-3825-5d2f-a688-dd7536f28b92","key":"word-0e25-0e32","text":"ลา","meaning":"to leave","pronunciation":"laa","categoryKey":"daily","segments":[{"text":"ลา","sound":"laa"}],"metadata":{"sourceType":"real"}}},{"roleKey":"practice_core","ordinalInRole":5,"isDrillTarget":true,"item":{"id":"b95dc95e-c0a9-5d38-a6a4-2b85377bed24","key":"word-0e15-0e35","text":"ตี","meaning":"to hit","pronunciation":"dtii","categoryKey":"daily","segments":[{"text":"ตี","sound":"dtii"}],"metadata":{"sourceType":"real"}}},{"roleKey":"practice_core","ordinalInRole":6,"isDrillTarget":true,"item":{"id":"8bb882a2-df23-530c-ac76-254c1ece38f1","key":"word-0e15-0e32-0e21","text":"ตาม","meaning":"to follow","pronunciation":"dtaam","categoryKey":"daily","segments":[{"text":"ตาม","sound":"dtaam"}],"metadata":{"sourceType":"real"}}},{"roleKey":"practice_core","ordinalInRole":7,"isDrillTarget":true,"item":{"id":"5bd76382-990f-518b-a22d-2c2d1a9b68f5","key":"word-0e25-0e21","text":"ลม","meaning":"wind / air","pronunciation":"lom","categoryKey":"daily","segments":[{"text":"ลม","sound":"lom"}],"metadata":{"sourceType":"real"}}},{"roleKey":"practice_core","ordinalInRole":8,"isDrillTarget":true,"item":{"id":"6f963964-1641-57fc-a3f1-b1e43e5bc3fa","key":"word-0e25-0e14","text":"ลด","meaning":"to reduce","pronunciation":"lot","categoryKey":"sign","segments":[{"text":"ลด","sound":"lot"}],"metadata":{"sourceType":"real"}}},{"roleKey":"practice_core","ordinalInRole":9,"isDrillTarget":true,"item":{"id":"b1e8228c-b6a4-54d2-a459-0b207dc222b1","key":"word-0e15-0e01","text":"ตก","meaning":"to fall","pronunciation":"dtok","categoryKey":"daily","segments":[{"text":"ตก","sound":"dtok"}],"metadata":{"sourceType":"real"}}},{"roleKey":"practice_core","ordinalInRole":10,"isDrillTarget":true,"item":{"id":"3237ade6-2a5b-50e9-a5c7-37cbdf3d442d","key":"word-0e21-0e14","text":"มด","meaning":"ant","pronunciation":"mot","categoryKey":"daily","segments":[{"text":"มด","sound":"mot"}],"metadata":{"sourceType":"real"}}}],"newGraphemes":[{"id":"5b347f02-b891-5f29-ad35-11da91e7b87c","text":"ต","kind":"consonant","romanization":"t","pronunciationHint":"t as in \"stop\" (unaspirated)","mnemonic":"ต is ต เต่า (tor tao, turtle). Picture the rounded part as a turtle shell with a small head, then read it as the plain t/dt sound.","position":"standalone","details":{"class":"mid"},"tags":[]},{"id":"50ada581-79e7-5549-a9a8-77693569d9b8","text":"ล","kind":"consonant","romanization":"l","pronunciationHint":"l as in \"love\"","mnemonic":"ล is ล ลิง (lor ling, monkey). Let the long lower curve be the monkey''s tail, and connect ลิง to the l sound.","position":"standalone","details":{"class":"low"},"tags":[]}],"reviewGraphemes":[{"id":"0323b564-2380-5449-aa92-cc5f6772a1a0","text":"ก","kind":"consonant","romanization":"g/k","pronunciationHint":"hard g/k sound; final ก closes like \"k\"","mnemonic":"ก is ก ไก่ (gor gai, chicken), the classic Thai alphabet anchor. Picture the hook as the chicken''s head and beak for the hard g/k sound.","position":"standalone","details":{"class":"mid"},"tags":[]},{"id":"155d0198-aac0-5a9d-a8ab-fb839ccab4f9","text":"ม","kind":"consonant","romanization":"m","pronunciationHint":"m as in \"mother\"","mnemonic":"ม is ม ม้า (mor ma, horse). Picture the tall middle stroke as a horse''s neck and the small loop as its head, then tie that horse word to the m sound.","position":"standalone","details":{"class":"low"},"tags":[]},{"id":"f9127074-00ba-5295-aac0-01022b890b89","text":"า","kind":"vowel","romanization":"aa","pronunciationHint":"long \"aa\" as in \"father\"","mnemonic":"า is the right-side long aa stroke. It stands after the consonant and stretches the syllable into the long vowel you hear in มา and กา.","position":"right","details":{},"tags":[]},{"id":"4cd66937-cf81-571b-ae18-6ae1055dd3ae","text":"ด","kind":"consonant","romanization":"d/t","pronunciationHint":"d as in \"dog\" at the start; clipped t at the end","mnemonic":"ด is ด เด็ก (dor dek, child). Picture the loop as a child''s round head beside a small body; ด starts words with d and closes as t.","position":"standalone","details":{"class":"mid"},"tags":[]},{"id":"02613447-13c2-5348-aad7-857e5e6ae103","text":"น","kind":"consonant","romanization":"n","pronunciationHint":"n as in \"no\"","mnemonic":"น is น หนู (nor nuu, mouse). Picture the curl as a little mouse body and tail, and use หนู to lock in the n sound.","position":"standalone","details":{"class":"low"},"tags":[]},{"id":"7dba55ea-1ad4-5d3c-a85d-9c7b7a6f3553","text":"ิ","kind":"vowel","romanization":"i","pronunciationHint":"short \"i\" as in \"sit\"","mnemonic":"ิ is the short i mark above the consonant. It has no extra length stroke, so keep the vowel quick in words like กิน.","position":"above","details":{},"tags":[]},{"id":"ee1f3cf4-8315-510e-a613-dfc5ec42d2f5","text":"ี","kind":"vowel","romanization":"ii","pronunciationHint":"long \"ee\" as in \"see\"","mnemonic":"ี is ิ with an extra length stroke on top. That extra stroke is your clue to hold the sound longer: short i becomes long ii.","position":"above","details":{},"tags":[]}],"rules":[{"id":"b87f5a0a-c8ed-581b-a6ec-928cce42fde3","key":"hidden-vowel-market","name":"Hidden Short \"a\" Vowel","shortDescription":"When two consonants can''t blend, a short \"a\" hides between them","explanation":"In Thai, when two consonants appear next to each other but can''t form a natural cluster, a short \"a\" sound is inserted between them. In ตลาด, the ต and ล can''t blend, so you say \"tà-làat\" not \"tlàat\". This hidden vowel is never written.","examples":[{"text":"ตล = tà-l (hidden \"a\" between ต and ล)"},{"text":"ถนน = thà-nǒn (hidden \"a\" between ถ and น)"}]},{"id":"06f3f841-d7df-5644-a11e-3c5cdebae18c","key":"final-stop-market","name":"Final Consonants are Stopped","shortDescription":"Consonants at the end of a syllable are \"swallowed\"","explanation":"When ด appears at the end of a word, it doesn''t make a full \"d\" sound. Instead, your tongue touches the roof of your mouth but you don''t release it. This is why ตลาด sounds like \"tà-làat\" and not \"tà-làad\".","examples":[{"text":"ตลาด = tà-làat"},{"text":"หมด = mòt"}]}],"drills":[{"id":"02ce9efb-92b9-5876-aef7-7cab864cfe66","key":"talat-drill-01-recognize","type":"recognize","prompt":"Which letter makes the plain \"t\" sound?","payload":{},"options":[{"text":"ถ"},{"text":"ต","isCorrect":true},{"text":"ด"},{"text":"ล"}]},{"id":"8692dc1d-2f3e-5efd-a5d4-b0019e801fa2","key":"talat-drill-02-recognize","type":"recognize","prompt":"Which letter makes the \"l\" sound?","payload":{},"options":[{"text":"ม"},{"text":"น"},{"text":"ล","isCorrect":true},{"text":"ก"}]},{"id":"0ef86fb7-0bfe-50c2-a601-f21c887e9815","key":"talat-drill-03-match","type":"match","prompt":"What does ตลาด mean?","payload":{},"options":[{"text":"road"},{"text":"market","isCorrect":true},{"text":"mother"},{"text":"airport"}]},{"id":"98fee299-f831-5c87-ae8f-1432c5119075","key":"talat-drill-04-sound","type":"sound","prompt":"Why is there an \"a\" between ต and ล in ตลาด?","payload":{},"options":[{"text":"Because it is written but invisible"},{"text":"Because Thai inserts a short \"a\" when the consonants do not blend naturally","isCorrect":true},{"text":"Because the tone mark creates it"},{"text":"Because ล always starts with a vowel"}]},{"id":"67fb27d1-1746-5a08-aec8-8dac1b69edad","key":"talat-drill-05-spot","type":"spot","prompt":"Which Thai spelling means \"market\"?","payload":{},"options":[{"text":"ตลาด","isCorrect":true},{"text":"ตาลด"},{"text":"ลาดต"},{"text":"ดาลต"}]}]}}'::jsonb, '677b388570d01ec8e47c85cfc2f79d01baecbf467619d0cf4cd70946c78aa4e6', '2026-04-30T00:00:00+00:00'::timestamptz),
  ('4cd0ebf5-d946-51b1-af06-0011cef5d048'::uuid, '05ef7f1d-533e-5a74-afe1-17d35390fa15'::uuid, '0afff15b-0b20-53d3-ae86-21d3fe37de52'::uuid, 'bin', 5, '{"course":{"id":"7bd9a3e7-a301-5ba5-a796-b90d39498730","slug":"thai","versionId":"92c6b63e-6aab-5f26-af3d-30738bdaaf37","displayVersion":"1.0.0"},"lesson":{"id":"0afff15b-0b20-53d3-ae86-21d3fe37de52","slug":"bin","lessonOrdinal":5,"stage":2,"title":"บิน — Reuse the -ิน Pattern","anchor":{"id":"689621ae-0664-5f67-abdf-69572aa9cd01","slug":"bin","text":"บิน","meaning":"to fly","pronunciation":"bin","categoryKey":"transport","contextNote":"บิน appears in airport language, travel offers, and casual talk about planes and trips. It also helps you see how reusable the -ิน frame is.","segments":[{"text":"บิ","sound":"bi"},{"text":"น","sound":"n"}]},"vocabulary":[{"roleKey":"practice_core","ordinalInRole":1,"isDrillTarget":true,"item":{"id":"0cdff46d-d2ce-57e2-ae77-8a5e3d6dbf7a","key":"word-0e01-0e1a","text":"กบ","meaning":"frog","pronunciation":"gop","categoryKey":"daily","segments":[{"text":"กบ","sound":"gop"}],"metadata":{"sourceType":"real"}}},{"roleKey":"practice_core","ordinalInRole":2,"isDrillTarget":true,"item":{"id":"9097f5cb-6e39-542d-ab00-4606cacae615","key":"word-0e25-0e32-0e1a","text":"ลาบ","meaning":"laab salad","pronunciation":"laap","categoryKey":"food","segments":[{"text":"ลาบ","sound":"laap"}],"metadata":{"sourceType":"real"}}},{"roleKey":"practice_core","ordinalInRole":3,"isDrillTarget":true,"item":{"id":"26d4022b-01d5-5d00-ae7b-c10243eebf3b","key":"word-0e14-0e34-0e1a","text":"ดิบ","meaning":"raw / unripe","pronunciation":"dip","categoryKey":"food","segments":[{"text":"ดิบ","sound":"dip"}],"metadata":{"sourceType":"real"}}},{"roleKey":"practice_core","ordinalInRole":4,"isDrillTarget":true,"item":{"id":"82cad9f2-05d2-56aa-a194-fa4c6dfe85ff","key":"word-0e1a-0e35-0e1a","text":"บีบ","meaning":"to squeeze","pronunciation":"biip","categoryKey":"daily","segments":[{"text":"บีบ","sound":"biip"}],"metadata":{"sourceType":"real"}}},{"roleKey":"practice_core","ordinalInRole":5,"isDrillTarget":true,"item":{"id":"43928d42-5009-56d4-aeaf-c3d01a2bffd0","key":"word-0e1a-0e32-0e19","text":"บาน","meaning":"to bloom / open out","pronunciation":"baan","categoryKey":"daily","segments":[{"text":"บาน","sound":"baan"}],"metadata":{"sourceType":"real"}}},{"roleKey":"practice_core","ordinalInRole":6,"isDrillTarget":true,"item":{"id":"b64d7172-1785-5bf4-aba4-37cc44d18d39","key":"word-0e1a-0e14","text":"บด","meaning":"to grind","pronunciation":"bot","categoryKey":"food","segments":[{"text":"บด","sound":"bot"}],"metadata":{"sourceType":"real"}}},{"roleKey":"practice_core","ordinalInRole":7,"isDrillTarget":true,"item":{"id":"80361b23-0c1c-5fea-a406-7c820e2c35c5","key":"word-0e1a-0e34-0e14-0e32","text":"บิดา","meaning":"father (formal)","pronunciation":"bi-daa","categoryKey":"sign","segments":[{"text":"บิ","sound":"bi"},{"text":"ดา","sound":"daa"}],"metadata":{"sourceType":"real"}}},{"roleKey":"practice_core","ordinalInRole":8,"isDrillTarget":true,"item":{"id":"f1c203bb-50b5-5872-a1b8-40cdaae0eb02","key":"word-0e15-0e25-0e32-0e14","text":"ตลาด","meaning":"market","pronunciation":"dta-laat","categoryKey":"place","segments":[{"text":"ตะ","sound":"dta"},{"text":"ลาด","sound":"laat"}],"metadata":{"sourceType":"real"}}},{"roleKey":"practice_core","ordinalInRole":9,"isDrillTarget":true,"item":{"id":"85fd9b41-dc44-5bee-a89e-eba19102c6fe","key":"word-0e15-0e25-0e01","text":"ตลก","meaning":"funny","pronunciation":"dta-lok","categoryKey":"daily","segments":[{"text":"ตะ","sound":"dta"},{"text":"ลก","sound":"lok"}],"metadata":{"sourceType":"real"}}},{"roleKey":"practice_core","ordinalInRole":10,"isDrillTarget":true,"item":{"id":"c1a868cf-2bdf-5f27-acd2-86fa5162beb3","key":"word-0e01-0e34-0e19","text":"กิน","meaning":"to eat","pronunciation":"gin","categoryKey":"food","segments":[{"text":"กิน","sound":"gin"}],"metadata":{"sourceType":"real"}}},{"roleKey":"practice_extension","ordinalInRole":1,"isDrillTarget":true,"item":{"id":"c321b707-4346-5fb4-a2ec-ef4ae570730a","key":"word-0e14-0e35","text":"ดี","meaning":"good","pronunciation":"dii","categoryKey":"daily","segments":[{"text":"ดี","sound":"dii"}],"metadata":{"sourceType":"real"}}},{"roleKey":"practice_extension","ordinalInRole":2,"isDrillTarget":true,"item":{"id":"6f963964-1641-57fc-a3f1-b1e43e5bc3fa","key":"word-0e25-0e14","text":"ลด","meaning":"to reduce","pronunciation":"lot","categoryKey":"sign","segments":[{"text":"ลด","sound":"lot"}],"metadata":{"sourceType":"real"}}}],"newGraphemes":[{"id":"dddb2e02-9aa3-5dde-a2ab-25524fc96559","text":"บ","kind":"consonant","romanization":"b/p","pronunciationHint":"b as in \"bat\" at the start; clipped p at the end","mnemonic":"บ is บ ใบไม้ (bor bai mai, leaf). The open bowl shape can hold a leaf, and ใบไม้ gives you the b sound at the start.","position":"standalone","details":{"class":"mid"},"tags":[]}],"reviewGraphemes":[{"id":"0323b564-2380-5449-aa92-cc5f6772a1a0","text":"ก","kind":"consonant","romanization":"g/k","pronunciationHint":"hard g/k sound; final ก closes like \"k\"","mnemonic":"ก is ก ไก่ (gor gai, chicken), the classic Thai alphabet anchor. Picture the hook as the chicken''s head and beak for the hard g/k sound.","position":"standalone","details":{"class":"mid"},"tags":[]},{"id":"02613447-13c2-5348-aad7-857e5e6ae103","text":"น","kind":"consonant","romanization":"n","pronunciationHint":"n as in \"no\"","mnemonic":"น is น หนู (nor nuu, mouse). Picture the curl as a little mouse body and tail, and use หนู to lock in the n sound.","position":"standalone","details":{"class":"low"},"tags":[]},{"id":"7dba55ea-1ad4-5d3c-a85d-9c7b7a6f3553","text":"ิ","kind":"vowel","romanization":"i","pronunciationHint":"short \"i\" as in \"sit\"","mnemonic":"ิ is the short i mark above the consonant. It has no extra length stroke, so keep the vowel quick in words like กิน.","position":"above","details":{},"tags":[]},{"id":"4cd66937-cf81-571b-ae18-6ae1055dd3ae","text":"ด","kind":"consonant","romanization":"d/t","pronunciationHint":"d as in \"dog\" at the start; clipped t at the end","mnemonic":"ด is ด เด็ก (dor dek, child). Picture the loop as a child''s round head beside a small body; ด starts words with d and closes as t.","position":"standalone","details":{"class":"mid"},"tags":[]},{"id":"5b347f02-b891-5f29-ad35-11da91e7b87c","text":"ต","kind":"consonant","romanization":"t","pronunciationHint":"t as in \"stop\" (unaspirated)","mnemonic":"ต is ต เต่า (tor tao, turtle). Picture the rounded part as a turtle shell with a small head, then read it as the plain t/dt sound.","position":"standalone","details":{"class":"mid"},"tags":[]},{"id":"50ada581-79e7-5549-a9a8-77693569d9b8","text":"ล","kind":"consonant","romanization":"l","pronunciationHint":"l as in \"love\"","mnemonic":"ล is ล ลิง (lor ling, monkey). Let the long lower curve be the monkey''s tail, and connect ลิง to the l sound.","position":"standalone","details":{"class":"low"},"tags":[]},{"id":"f9127074-00ba-5295-aac0-01022b890b89","text":"า","kind":"vowel","romanization":"aa","pronunciationHint":"long \"aa\" as in \"father\"","mnemonic":"า is the right-side long aa stroke. It stands after the consonant and stretches the syllable into the long vowel you hear in มา and กา.","position":"right","details":{},"tags":[]}],"rules":[{"id":"6346557e-a6a4-5dac-adcd-4617cd7f09a1","key":"initial-b-sound","name":"Initial บ Starts With B","shortDescription":"At the start of a syllable, บ gives you a plain b sound","explanation":"Thai consonants often shift between initial and final positions. In บิน, บ comes first, so it sounds like a clean b before the short vowel and final consonant close the word.","examples":[{"text":"บิน = bin"},{"text":"บา = baa"}]},{"id":"30f160d3-cbb7-5e8f-ae64-9be8c99ff663","key":"in-frame-pattern","name":"The -ิน Frame Repeats","shortDescription":"Once you know a syllable frame, swapping the first consonant unlocks more words","explanation":"กิน, บิน, and similar short words share the same short-i plus final-น frame. Thai gets much easier once you start seeing these reusable patterns instead of single isolated words.","examples":[{"text":"กิน = gin"},{"text":"บิน = bin"},{"text":"ดิน = din"}]}],"drills":[{"id":"52738597-5de3-55d7-a39c-34c088805b8d","key":"bin-drill-01-recognize","type":"recognize","prompt":"Which letter makes the \"b\" sound at the start?","payload":{},"options":[{"text":"บ","isCorrect":true},{"text":"ด"},{"text":"ม"},{"text":"น"}]},{"id":"524e2383-96d9-5f31-a5c1-4e4d5ae62344","key":"bin-drill-02-match","type":"match","prompt":"What does บิน mean?","payload":{},"options":[{"text":"to fly","isCorrect":true},{"text":"to eat"},{"text":"market"},{"text":"rice"}]},{"id":"2db2aeae-50e6-5409-ac53-a294a0bdec82","key":"bin-drill-03-spot","type":"spot","prompt":"Which Thai spelling means \"to fly\"?","payload":{},"options":[{"text":"บิน","isCorrect":true},{"text":"นบิ"},{"text":"บีน"},{"text":"ดิน"}]},{"id":"7946c7ee-41fe-5b34-acf3-07bd08891c89","key":"bin-drill-04-sound","type":"sound","prompt":"Which word keeps the same -ิน pattern as บิน?","payload":{},"options":[{"text":"กิน","isCorrect":true},{"text":"มาก"},{"text":"แม่"},{"text":"ร้าน"}]},{"id":"349b3282-167a-5e03-ac9d-dc39ff2c806f","key":"bin-drill-05-sound","type":"sound","prompt":"How do you pronounce บิน?","payload":{},"options":[{"text":"bin","isCorrect":true},{"text":"baan"},{"text":"boon"},{"text":"bii"}]}]}}'::jsonb, '11bbb64745ece39e9a049de3b70291f0bb9baab82b2bce57f00f1905f72af969', '2026-04-30T00:00:00+00:00'::timestamptz),
  ('03d24173-40f9-5857-a0f1-59c06a1edb43'::uuid, '05ef7f1d-533e-5a74-afe1-17d35390fa15'::uuid, 'dc5e9698-631e-5ce9-a0da-6c7fb1abd338'::uuid, 'maae', 6, '{"course":{"id":"7bd9a3e7-a301-5ba5-a796-b90d39498730","slug":"thai","versionId":"92c6b63e-6aab-5f26-af3d-30738bdaaf37","displayVersion":"1.0.0"},"lesson":{"id":"dc5e9698-631e-5ce9-a0da-6c7fb1abd338","slug":"maae","lessonOrdinal":6,"stage":3,"title":"แม่ — Before Vowels and First Tone Marks","anchor":{"id":"89d521e3-4d9b-523d-ac4e-65377bfe9338","slug":"maae","text":"แม่","meaning":"mother","pronunciation":"mâae","categoryKey":"daily","contextNote":"You''ll see แม่ in family words, shop names, and cultural phrases. It also gives you your first look at a vowel written before the consonant.","segments":[{"text":"แม","sound":"mae"},{"text":"่","sound":"tone change"}]},"vocabulary":[{"roleKey":"practice_core","ordinalInRole":1,"isDrillTarget":true,"item":{"id":"0e2abce6-bed9-5ca0-a6b2-e09afc124410","key":"word-0e41-0e15-0e48","text":"แต่","meaning":"but / however","pronunciation":"dtae","categoryKey":"daily","segments":[{"text":"แต่","sound":"dtae"}],"metadata":{"sourceType":"real"}}},{"roleKey":"practice_core","ordinalInRole":2,"isDrillTarget":true,"item":{"id":"a23f7435-c081-54d4-abaa-0287352f280f","key":"word-0e41-0e01-0e48","text":"แก่","meaning":"old","pronunciation":"gae","categoryKey":"daily","segments":[{"text":"แก่","sound":"gae"}],"metadata":{"sourceType":"real"}}},{"roleKey":"practice_core","ordinalInRole":3,"isDrillTarget":true,"item":{"id":"999b600f-d3d2-5d5a-aff6-b0db7661510b","key":"word-0e41-0e14-0e14","text":"แดด","meaning":"sunlight","pronunciation":"daet","categoryKey":"daily","segments":[{"text":"แดด","sound":"daet"}],"metadata":{"sourceType":"real"}}},{"roleKey":"practice_core","ordinalInRole":4,"isDrillTarget":true,"item":{"id":"c336b414-7092-5360-afeb-e00fc28829bf","key":"word-0e41-0e15-0e01","text":"แตก","meaning":"to break","pronunciation":"dtaek","categoryKey":"daily","segments":[{"text":"แตก","sound":"dtaek"}],"metadata":{"sourceType":"real"}}},{"roleKey":"practice_core","ordinalInRole":5,"isDrillTarget":true,"item":{"id":"01ce66af-4e79-5b14-a794-033f56ee7e39","key":"word-0e41-0e1a-0e19","text":"แบน","meaning":"flat","pronunciation":"baen","categoryKey":"daily","segments":[{"text":"แบน","sound":"baen"}],"metadata":{"sourceType":"real"}}},{"roleKey":"practice_core","ordinalInRole":6,"isDrillTarget":true,"item":{"id":"0b650405-5f9d-5cc0-ad3f-83a853e24962","key":"word-0e1a-0e48-0e19","text":"บ่น","meaning":"to complain","pronunciation":"bon","categoryKey":"daily","segments":[{"text":"บ่น","sound":"bon"}],"metadata":{"sourceType":"real"}}},{"roleKey":"practice_core","ordinalInRole":7,"isDrillTarget":true,"item":{"id":"28b1a975-232b-5c2f-ae30-832858b634ee","key":"word-0e41-0e01","text":"แก","meaning":"you (casual)","pronunciation":"gae","categoryKey":"daily","segments":[{"text":"แก","sound":"gae"}],"metadata":{"sourceType":"real"}}}],"newGraphemes":[{"id":"1684cb46-8524-51a4-ad84-8dd2fe3b46be","text":"แ","kind":"vowel","romanization":"ae","pronunciationHint":"long \"ae\" as in the vowel of \"care\"","mnemonic":"แ is a double left-side vowel. The two front posts tell your eye to look left first, then come back to the consonant for ae.","position":"left","details":{},"tags":[]},{"id":"13e7c7cd-283c-5d0b-a9cc-ce5b3831e495","text":"่","kind":"tone_mark","romanization":"mai ek","pronunciationHint":"first tone mark written above the consonant","mnemonic":"่ is mai ek, the first tone mark. It is one small stroke above the consonant, so read it as a compact tone cue.","position":"above","details":{},"tags":[]}],"reviewGraphemes":[{"id":"155d0198-aac0-5a9d-a8ab-fb839ccab4f9","text":"ม","kind":"consonant","romanization":"m","pronunciationHint":"m as in \"mother\"","mnemonic":"ม is ม ม้า (mor ma, horse). Picture the tall middle stroke as a horse''s neck and the small loop as its head, then tie that horse word to the m sound.","position":"standalone","details":{"class":"low"},"tags":[]},{"id":"f9127074-00ba-5295-aac0-01022b890b89","text":"า","kind":"vowel","romanization":"aa","pronunciationHint":"long \"aa\" as in \"father\"","mnemonic":"า is the right-side long aa stroke. It stands after the consonant and stretches the syllable into the long vowel you hear in มา and กา.","position":"right","details":{},"tags":[]},{"id":"4cd66937-cf81-571b-ae18-6ae1055dd3ae","text":"ด","kind":"consonant","romanization":"d/t","pronunciationHint":"d as in \"dog\" at the start; clipped t at the end","mnemonic":"ด is ด เด็ก (dor dek, child). Picture the loop as a child''s round head beside a small body; ด starts words with d and closes as t.","position":"standalone","details":{"class":"mid"},"tags":[]},{"id":"ee1f3cf4-8315-510e-a613-dfc5ec42d2f5","text":"ี","kind":"vowel","romanization":"ii","pronunciationHint":"long \"ee\" as in \"see\"","mnemonic":"ี is ิ with an extra length stroke on top. That extra stroke is your clue to hold the sound longer: short i becomes long ii.","position":"above","details":{},"tags":[]},{"id":"0323b564-2380-5449-aa92-cc5f6772a1a0","text":"ก","kind":"consonant","romanization":"g/k","pronunciationHint":"hard g/k sound; final ก closes like \"k\"","mnemonic":"ก is ก ไก่ (gor gai, chicken), the classic Thai alphabet anchor. Picture the hook as the chicken''s head and beak for the hard g/k sound.","position":"standalone","details":{"class":"mid"},"tags":[]},{"id":"02613447-13c2-5348-aad7-857e5e6ae103","text":"น","kind":"consonant","romanization":"n","pronunciationHint":"n as in \"no\"","mnemonic":"น is น หนู (nor nuu, mouse). Picture the curl as a little mouse body and tail, and use หนู to lock in the n sound.","position":"standalone","details":{"class":"low"},"tags":[]},{"id":"7dba55ea-1ad4-5d3c-a85d-9c7b7a6f3553","text":"ิ","kind":"vowel","romanization":"i","pronunciationHint":"short \"i\" as in \"sit\"","mnemonic":"ิ is the short i mark above the consonant. It has no extra length stroke, so keep the vowel quick in words like กิน.","position":"above","details":{},"tags":[]}],"rules":[{"id":"339f3a02-f34d-5263-a796-4d45cd2e4b7f","key":"before-vowels-left","name":"Some Vowels Sit on the Left","shortDescription":"The vowel แ is written before the consonant you pronounce first","explanation":"Thai does not always place vowels after the consonant. In แม่, your eye has to notice แ on the left, then come back to read ม with that vowel sound attached.","examples":[{"text":"แม = mae"},{"text":"แต่ = dtàae"}]},{"id":"c360364a-3f7a-5b8d-a892-563359ef7e9e","key":"mai-ek-tone-mark","name":"Meet Your First Tone Mark","shortDescription":"Tone marks sit above the consonant and change the sound of the whole syllable","explanation":"You do not need the full tone system at once. Start by recognizing that ่ lives above the consonant and changes the word you say. High-frequency sight words make tone marks easier to remember than abstract charts.","examples":[{"text":"แม่ = mâae"},{"text":"แต่ = dtàae"}]}],"drills":[{"id":"5bc9e17a-4a8a-51bb-a316-aa0a0aa74608","key":"maae-drill-01-recognize","type":"recognize","prompt":"Which vowel is written before the consonant?","payload":{},"options":[{"text":"แ","isCorrect":true},{"text":"า"},{"text":"ิ"},{"text":"ี"}]},{"id":"1b86c74a-d1ff-548e-a833-04ecf6f7c281","key":"maae-drill-02-recognize","type":"recognize","prompt":"Which mark is mai ek?","payload":{},"options":[{"text":"่","isCorrect":true},{"text":"้"},{"text":"แ"},{"text":"ั"}]},{"id":"5b514efd-9fe0-52b0-a98d-87af1c9de60c","key":"maae-drill-03-match","type":"match","prompt":"What does แม่ mean?","payload":{},"options":[{"text":"mother","isCorrect":true},{"text":"shop"},{"text":"road"},{"text":"fresh"}]},{"id":"f0776231-13a2-56ed-a053-5092778712f0","key":"maae-drill-04-spot","type":"spot","prompt":"Which Thai spelling means \"mother\"?","payload":{},"options":[{"text":"แม่","isCorrect":true},{"text":"แม"},{"text":"มา"},{"text":"แน"}]},{"id":"87008ac4-4fa4-5eda-a86a-fbd12791e726","key":"maae-drill-05-recognize","type":"recognize","prompt":"What changes when you add ่ above แม?","payload":{},"options":[{"text":"the vowel disappears"},{"text":"the tone changes","isCorrect":true},{"text":"the final consonant changes"},{"text":"the word becomes longer"}]}]}}'::jsonb, 'c497bb4bb76b0cc72d7eda665e95366ac9c0c2a7b1dfd3bdbb5d19dde094ff2a', '2026-04-30T00:00:00+00:00'::timestamptz),
  ('54ff1cc4-122f-5a46-a56b-ca7ba4b0bdf9'::uuid, '05ef7f1d-533e-5a74-afe1-17d35390fa15'::uuid, '5f706588-560c-598f-ab7a-52a47ecb2015'::uuid, 'raan', 7, '{"course":{"id":"7bd9a3e7-a301-5ba5-a796-b90d39498730","slug":"thai","versionId":"92c6b63e-6aab-5f26-af3d-30738bdaaf37","displayVersion":"1.0.0"},"lesson":{"id":"5f706588-560c-598f-ab7a-52a47ecb2015","slug":"raan","lessonOrdinal":7,"stage":3,"title":"ร้าน — The Word on Every Storefront","anchor":{"id":"c971805c-561a-5000-a9e8-846afac9e80b","slug":"raan","text":"ร้าน","meaning":"shop","pronunciation":"râan","categoryKey":"place","contextNote":"You''ll see ร้าน everywhere: ร้านกาแฟ, ร้านอาหาร, ร้านยา. Learning it early pays off on almost every street.","segments":[{"text":"ร้า","sound":"raa"},{"text":"น","sound":"n"}]},"vocabulary":[{"roleKey":"practice_core","ordinalInRole":1,"isDrillTarget":true,"item":{"id":"6a66a60f-c509-56f7-a54b-bd44a4028c40","key":"word-0e21-0e49-0e32","text":"ม้า","meaning":"horse","pronunciation":"maa","categoryKey":"daily","segments":[{"text":"ม้า","sound":"maa"}],"metadata":{"sourceType":"real"}}},{"roleKey":"practice_core","ordinalInRole":2,"isDrillTarget":true,"item":{"id":"78377bc9-780c-569b-af55-a4e43492b8ac","key":"word-0e1a-0e49-0e32-0e19","text":"บ้าน","meaning":"house / home","pronunciation":"baan","categoryKey":"place","segments":[{"text":"บ้าน","sound":"baan"}],"metadata":{"sourceType":"real"}}},{"roleKey":"practice_core","ordinalInRole":3,"isDrillTarget":true,"item":{"id":"c328a5e5-6749-5e36-acd0-170fffcf5e4d","key":"word-0e19-0e49-0e32","text":"น้า","meaning":"aunt / uncle","pronunciation":"naa","categoryKey":"daily","segments":[{"text":"น้า","sound":"naa"}],"metadata":{"sourceType":"real"}}},{"roleKey":"practice_core","ordinalInRole":4,"isDrillTarget":true,"item":{"id":"8af6bfe1-3b05-5ada-a070-0cafba9b65be","key":"word-0e14-0e49-0e32-0e19","text":"ด้าน","meaning":"side / aspect","pronunciation":"daan","categoryKey":"sign","segments":[{"text":"ด้าน","sound":"daan"}],"metadata":{"sourceType":"real"}}},{"roleKey":"practice_core","ordinalInRole":5,"isDrillTarget":true,"item":{"id":"cccd4ff6-3438-5676-ac28-90cf88fa8941","key":"word-0e23-0e32-0e14","text":"ราด","meaning":"to pour over","pronunciation":"raat","categoryKey":"food","segments":[{"text":"ราด","sound":"raat"}],"metadata":{"sourceType":"real"}}},{"roleKey":"practice_core","ordinalInRole":6,"isDrillTarget":true,"item":{"id":"c56de297-1a8f-5f2e-a9ba-5345ef5540bc","key":"word-0e23-0e35-0e14","text":"รีด","meaning":"to iron","pronunciation":"riit","categoryKey":"daily","segments":[{"text":"รีด","sound":"riit"}],"metadata":{"sourceType":"real"}}},{"roleKey":"practice_core","ordinalInRole":7,"isDrillTarget":true,"item":{"id":"2498f294-f413-5697-a418-9ede9e739f4b","key":"word-0e23-0e14","text":"รด","meaning":"to water","pronunciation":"rot","categoryKey":"daily","segments":[{"text":"รด","sound":"rot"}],"metadata":{"sourceType":"real"}}},{"roleKey":"practice_core","ordinalInRole":8,"isDrillTarget":true,"item":{"id":"d5e43ad2-f9f4-5a78-ac14-995f15b83169","key":"word-0e23-0e49-0e32-0e19-0e14-0e35","text":"ร้านดี","meaning":"good shop","pronunciation":"raan dii","categoryKey":"place","segments":[{"text":"ร้าน","sound":"raan"},{"text":"ดี","sound":"dii"}],"metadata":{"sourceType":"phrase"}}}],"newGraphemes":[{"id":"76e47267-9161-5fee-a1e7-f698d88554f8","text":"ร","kind":"consonant","romanization":"r","pronunciationHint":"r as in \"run\" at the start; n at the end in some words","mnemonic":"ร is ร เรือ (ror ruea, boat). Picture the main curve as a boat hull rocking forward, and use เรือ to remember the r sound.","position":"standalone","details":{"class":"low"},"tags":[]},{"id":"56d6049c-5c20-5436-a5d0-37ea5d73fe05","text":"้","kind":"tone_mark","romanization":"mai tho","pronunciationHint":"second tone mark written above the consonant","mnemonic":"้ is mai tho, the second tone mark. It looks heavier than mai ek, a good cue that this is the second above-letter tone mark.","position":"above","details":{},"tags":[]}],"reviewGraphemes":[{"id":"02613447-13c2-5348-aad7-857e5e6ae103","text":"น","kind":"consonant","romanization":"n","pronunciationHint":"n as in \"no\"","mnemonic":"น is น หนู (nor nuu, mouse). Picture the curl as a little mouse body and tail, and use หนู to lock in the n sound.","position":"standalone","details":{"class":"low"},"tags":[]},{"id":"f9127074-00ba-5295-aac0-01022b890b89","text":"า","kind":"vowel","romanization":"aa","pronunciationHint":"long \"aa\" as in \"father\"","mnemonic":"า is the right-side long aa stroke. It stands after the consonant and stretches the syllable into the long vowel you hear in มา and กา.","position":"right","details":{},"tags":[]},{"id":"155d0198-aac0-5a9d-a8ab-fb839ccab4f9","text":"ม","kind":"consonant","romanization":"m","pronunciationHint":"m as in \"mother\"","mnemonic":"ม is ม ม้า (mor ma, horse). Picture the tall middle stroke as a horse''s neck and the small loop as its head, then tie that horse word to the m sound.","position":"standalone","details":{"class":"low"},"tags":[]},{"id":"4cd66937-cf81-571b-ae18-6ae1055dd3ae","text":"ด","kind":"consonant","romanization":"d/t","pronunciationHint":"d as in \"dog\" at the start; clipped t at the end","mnemonic":"ด is ด เด็ก (dor dek, child). Picture the loop as a child''s round head beside a small body; ด starts words with d and closes as t.","position":"standalone","details":{"class":"mid"},"tags":[]},{"id":"5b347f02-b891-5f29-ad35-11da91e7b87c","text":"ต","kind":"consonant","romanization":"t","pronunciationHint":"t as in \"stop\" (unaspirated)","mnemonic":"ต is ต เต่า (tor tao, turtle). Picture the rounded part as a turtle shell with a small head, then read it as the plain t/dt sound.","position":"standalone","details":{"class":"mid"},"tags":[]},{"id":"50ada581-79e7-5549-a9a8-77693569d9b8","text":"ล","kind":"consonant","romanization":"l","pronunciationHint":"l as in \"love\"","mnemonic":"ล is ล ลิง (lor ling, monkey). Let the long lower curve be the monkey''s tail, and connect ลิง to the l sound.","position":"standalone","details":{"class":"low"},"tags":[]},{"id":"1684cb46-8524-51a4-ad84-8dd2fe3b46be","text":"แ","kind":"vowel","romanization":"ae","pronunciationHint":"long \"ae\" as in the vowel of \"care\"","mnemonic":"แ is a double left-side vowel. The two front posts tell your eye to look left first, then come back to the consonant for ae.","position":"left","details":{},"tags":[]},{"id":"13e7c7cd-283c-5d0b-a9cc-ce5b3831e495","text":"่","kind":"tone_mark","romanization":"mai ek","pronunciationHint":"first tone mark written above the consonant","mnemonic":"่ is mai ek, the first tone mark. It is one small stroke above the consonant, so read it as a compact tone cue.","position":"above","details":{},"tags":[]}],"rules":[{"id":"ba8c4da3-023b-5812-a6fb-0c09b52ce472","key":"initial-r-sound","name":"Initial ร Gives You R","shortDescription":"At the start of a syllable, ร is read as an r sound","explanation":"Thai ร has a few different jobs, but in ร้าน it is straightforward: it starts the word with an r sound before the tone mark and vowel shape do the rest of the work.","examples":[{"text":"รา = raa"},{"text":"ร้าน = râan"}]},{"id":"9d39de17-63e6-5cde-a43b-0d5655df93ec","key":"mai-tho-above","name":"Tone Marks Sit Above the Consonant","shortDescription":"Even when the vowel is on the right, the tone mark still sits above the main consonant","explanation":"In ร้าน, the long vowel า is on the right, but the tone mark ้ still sits above ร. Thai asks you to scan the whole syllable block, not just read from left to right.","examples":[{"text":"ร้า = râa"},{"text":"ร้าน = râan"}]}],"drills":[{"id":"7552ce0b-c30c-52bc-a88e-872c25d657d5","key":"raan-drill-01-recognize","type":"recognize","prompt":"Which letter starts with the \"r\" sound?","payload":{},"options":[{"text":"ร","isCorrect":true},{"text":"ล"},{"text":"น"},{"text":"ม"}]},{"id":"de5ad6bb-5b0c-5ede-a4f5-6266b4601f04","key":"raan-drill-02-recognize","type":"recognize","prompt":"Which mark is mai tho?","payload":{},"options":[{"text":"่"},{"text":"้","isCorrect":true},{"text":"ี"},{"text":"แ"}]},{"id":"565b7d5e-735f-5050-ad09-71fed55ac6a7","key":"raan-drill-03-match","type":"match","prompt":"What does ร้าน mean?","payload":{},"options":[{"text":"mother"},{"text":"shop","isCorrect":true},{"text":"ten"},{"text":"very"}]},{"id":"d7002b7d-1e35-5a0f-ae7e-e26a33f09a90","key":"raan-drill-04-spot","type":"spot","prompt":"Which Thai spelling means \"shop\"?","payload":{},"options":[{"text":"ร้าน","isCorrect":true},{"text":"ร่าน"},{"text":"ราน"},{"text":"น้าร"}]},{"id":"29a3d27f-d998-532c-abcd-12564e689931","key":"raan-drill-05-sound","type":"sound","prompt":"Where is the tone mark written in ร้าน?","payload":{},"options":[{"text":"under the consonant"},{"text":"above the consonant","isCorrect":true},{"text":"before the vowel"},{"text":"after the final consonant"}]}]}}'::jsonb, 'eacb838f671ff872d372c334525651d6c8ca1900c92a40ce4e41103f88b65ec8', '2026-04-30T00:00:00+00:00'::timestamptz),
  ('b54e0d58-84f8-5ea6-a75a-6e3fa02991c2'::uuid, '05ef7f1d-533e-5a74-afe1-17d35390fa15'::uuid, 'a85af404-45e0-50ae-a491-e082f54018a8'::uuid, 'chut', 8, '{"course":{"id":"7bd9a3e7-a301-5ba5-a796-b90d39498730","slug":"thai","versionId":"92c6b63e-6aab-5f26-af3d-30738bdaaf37","displayVersion":"1.0.0"},"lesson":{"id":"a85af404-45e0-50ae-a491-e082f54018a8","slug":"chut","lessonOrdinal":8,"stage":4,"title":"ชุด — Short U in Menu Combos","anchor":{"id":"8888dcb4-b725-5c58-abe7-96cfcb8ab970","slug":"chut","text":"ชุด","meaning":"set / combo","pronunciation":"chút","categoryKey":"food","contextNote":"ชุด shows up in set menus, school uniforms, and clothing signs. On menus, it often means a fixed combo or meal set.","segments":[{"text":"ชุ","sound":"chu"},{"text":"ด","sound":"t"}]},"vocabulary":[{"roleKey":"practice_core","ordinalInRole":1,"isDrillTarget":true,"item":{"id":"04981577-f898-5f42-ab6b-336cc3b526a5","key":"word-0e0a-0e32","text":"ชา","meaning":"tea","pronunciation":"chaa","categoryKey":"food","segments":[{"text":"ชา","sound":"chaa"}],"metadata":{"sourceType":"real"}}},{"roleKey":"practice_core","ordinalInRole":2,"isDrillTarget":true,"item":{"id":"6fef4f01-e1de-53f6-aa34-34c060d1b847","key":"word-0e0a-0e21","text":"ชม","meaning":"to admire","pronunciation":"chom","categoryKey":"daily","segments":[{"text":"ชม","sound":"chom"}],"metadata":{"sourceType":"real"}}},{"roleKey":"practice_core","ordinalInRole":3,"isDrillTarget":true,"item":{"id":"5cded218-1a29-5f43-aa86-0333a6b83802","key":"word-0e0a-0e32-0e21","text":"ชาม","meaning":"bowl","pronunciation":"chaam","categoryKey":"food","segments":[{"text":"ชาม","sound":"chaam"}],"metadata":{"sourceType":"real"}}},{"roleKey":"practice_core","ordinalInRole":4,"isDrillTarget":true,"item":{"id":"f6f40f9d-5920-56c7-ad3c-f8c251f15074","key":"word-0e0a-0e34-0e14","text":"ชิด","meaning":"close together","pronunciation":"chit","categoryKey":"daily","segments":[{"text":"ชิด","sound":"chit"}],"metadata":{"sourceType":"real"}}},{"roleKey":"practice_core","ordinalInRole":5,"isDrillTarget":true,"item":{"id":"123734b3-b6f6-5e91-ad26-b556d9a700d8","key":"word-0e14-0e38","text":"ดุ","meaning":"fierce / strict","pronunciation":"du","categoryKey":"daily","segments":[{"text":"ดุ","sound":"du"}],"metadata":{"sourceType":"real"}}},{"roleKey":"practice_core","ordinalInRole":6,"isDrillTarget":true,"item":{"id":"55b20bc1-ad75-526e-a9b8-5e84c53169f6","key":"word-0e25-0e38-0e01","text":"ลุก","meaning":"to get up","pronunciation":"luk","categoryKey":"daily","segments":[{"text":"ลุก","sound":"luk"}],"metadata":{"sourceType":"real"}}},{"roleKey":"practice_core","ordinalInRole":7,"isDrillTarget":true,"item":{"id":"0faee178-a297-58d6-a92a-2a8f533b4991","key":"word-0e1a-0e38-0e01","text":"บุก","meaning":"to charge in","pronunciation":"buk","categoryKey":"daily","segments":[{"text":"บุก","sound":"buk"}],"metadata":{"sourceType":"real"}}},{"roleKey":"practice_core","ordinalInRole":8,"isDrillTarget":true,"item":{"id":"a4a954e0-6ba3-5292-a173-5ad05f9964ce","key":"word-0e19-0e38-0e48-0e21","text":"นุ่ม","meaning":"soft","pronunciation":"num","categoryKey":"daily","segments":[{"text":"นุ่ม","sound":"num"}],"metadata":{"sourceType":"real"}}},{"roleKey":"practice_extension","ordinalInRole":1,"isDrillTarget":true,"item":{"id":"85fd9b41-dc44-5bee-a89e-eba19102c6fe","key":"word-0e15-0e25-0e01","text":"ตลก","meaning":"funny","pronunciation":"dta-lok","categoryKey":"daily","segments":[{"text":"ตะ","sound":"dta"},{"text":"ลก","sound":"lok"}],"metadata":{"sourceType":"real"}}},{"roleKey":"practice_extension","ordinalInRole":2,"isDrillTarget":true,"item":{"id":"f1c203bb-50b5-5872-a1b8-40cdaae0eb02","key":"word-0e15-0e25-0e32-0e14","text":"ตลาด","meaning":"market","pronunciation":"dta-laat","categoryKey":"place","segments":[{"text":"ตะ","sound":"dta"},{"text":"ลาด","sound":"laat"}],"metadata":{"sourceType":"real"}}},{"roleKey":"practice_extension","ordinalInRole":3,"isDrillTarget":true,"item":{"id":"6a66a60f-c509-56f7-a54b-bd44a4028c40","key":"word-0e21-0e49-0e32","text":"ม้า","meaning":"horse","pronunciation":"maa","categoryKey":"daily","segments":[{"text":"ม้า","sound":"maa"}],"metadata":{"sourceType":"real"}}},{"roleKey":"practice_extension","ordinalInRole":4,"isDrillTarget":true,"item":{"id":"63417404-20b6-5c86-a755-817318929a4c","key":"word-0e23-0e49-0e32-0e19","text":"ร้าน","meaning":"shop","pronunciation":"raan","categoryKey":"place","segments":[{"text":"ร้าน","sound":"raan"}],"metadata":{"sourceType":"real"}}}],"newGraphemes":[{"id":"9593d6a6-13bb-563d-a33d-b01dd74e3528","text":"ช","kind":"consonant","romanization":"ch","pronunciationHint":"ch as in \"check\"","mnemonic":"ช is ช ช้าง (chor chaang, elephant). Picture the long dropping stroke as an elephant trunk, and use ช้าง for the ch sound.","position":"standalone","details":{"class":"low"},"tags":[]},{"id":"a57ca296-4754-50f0-aad0-9856fff5c81d","text":"ุ","kind":"vowel","romanization":"u","pronunciationHint":"short \"u\" as in \"put\"","mnemonic":"ุ is the short u mark tucked under the consonant. Low on the page and short in sound: use it for the quick u in ชุด.","position":"below","details":{},"tags":[]}],"reviewGraphemes":[{"id":"4cd66937-cf81-571b-ae18-6ae1055dd3ae","text":"ด","kind":"consonant","romanization":"d/t","pronunciationHint":"d as in \"dog\" at the start; clipped t at the end","mnemonic":"ด is ด เด็ก (dor dek, child). Picture the loop as a child''s round head beside a small body; ด starts words with d and closes as t.","position":"standalone","details":{"class":"mid"},"tags":[]},{"id":"5b347f02-b891-5f29-ad35-11da91e7b87c","text":"ต","kind":"consonant","romanization":"t","pronunciationHint":"t as in \"stop\" (unaspirated)","mnemonic":"ต is ต เต่า (tor tao, turtle). Picture the rounded part as a turtle shell with a small head, then read it as the plain t/dt sound.","position":"standalone","details":{"class":"mid"},"tags":[]},{"id":"02613447-13c2-5348-aad7-857e5e6ae103","text":"น","kind":"consonant","romanization":"n","pronunciationHint":"n as in \"no\"","mnemonic":"น is น หนู (nor nuu, mouse). Picture the curl as a little mouse body and tail, and use หนู to lock in the n sound.","position":"standalone","details":{"class":"low"},"tags":[]},{"id":"7dba55ea-1ad4-5d3c-a85d-9c7b7a6f3553","text":"ิ","kind":"vowel","romanization":"i","pronunciationHint":"short \"i\" as in \"sit\"","mnemonic":"ิ is the short i mark above the consonant. It has no extra length stroke, so keep the vowel quick in words like กิน.","position":"above","details":{},"tags":[]},{"id":"f9127074-00ba-5295-aac0-01022b890b89","text":"า","kind":"vowel","romanization":"aa","pronunciationHint":"long \"aa\" as in \"father\"","mnemonic":"า is the right-side long aa stroke. It stands after the consonant and stretches the syllable into the long vowel you hear in มา and กา.","position":"right","details":{},"tags":[]},{"id":"76e47267-9161-5fee-a1e7-f698d88554f8","text":"ร","kind":"consonant","romanization":"r","pronunciationHint":"r as in \"run\" at the start; n at the end in some words","mnemonic":"ร is ร เรือ (ror ruea, boat). Picture the main curve as a boat hull rocking forward, and use เรือ to remember the r sound.","position":"standalone","details":{"class":"low"},"tags":[]},{"id":"56d6049c-5c20-5436-a5d0-37ea5d73fe05","text":"้","kind":"tone_mark","romanization":"mai tho","pronunciationHint":"second tone mark written above the consonant","mnemonic":"้ is mai tho, the second tone mark. It looks heavier than mai ek, a good cue that this is the second above-letter tone mark.","position":"above","details":{},"tags":[]}],"rules":[{"id":"215881f9-c7b2-522c-aaea-b676d1f481a5","key":"short-u-below","name":"Short ุ Sits Below","shortDescription":"The short u vowel is written below the consonant you pronounce first","explanation":"Thai keeps asking you to scan vertically. In ชุด, the consonant ช comes first and the short vowel ุ is tucked underneath, so you read chu before the final consonant closes the syllable.","examples":[{"text":"ชุ = chu"},{"text":"ชุด = chút"}]},{"id":"707d8403-783a-58bc-a40e-f63cb7a936d5","key":"dead-syllable-stop","name":"Short Vowels Feel Clipped in Closed Syllables","shortDescription":"A short vowel plus a final stop makes the whole word feel quick and closed","explanation":"ชุด feels short because the vowel is short and the final consonant is stopped. This clipped rhythm shows up in lots of practical Thai words on menus and signs.","examples":[{"text":"ชุด = chút"},{"text":"มุด = mút"}]}],"drills":[{"id":"3618386b-665b-5416-a461-d0ef90065f36","key":"chut-drill-01-recognize","type":"recognize","prompt":"Which letter makes the \"ch\" sound?","payload":{},"options":[{"text":"ช","isCorrect":true},{"text":"ส"},{"text":"บ"},{"text":"ร"}]},{"id":"d59be859-7c84-5a9e-a350-e26e03ab8e12","key":"chut-drill-02-recognize","type":"recognize","prompt":"Which vowel is written below the consonant?","payload":{},"options":[{"text":"ุ","isCorrect":true},{"text":"ิ"},{"text":"า"},{"text":"แ"}]},{"id":"477d26d8-9e21-5d7c-a3c0-a8424c722db5","key":"chut-drill-03-match","type":"match","prompt":"What does ชุด mean on a menu?","payload":{},"options":[{"text":"set / combo","isCorrect":true},{"text":"fresh"},{"text":"rice"},{"text":"to fly"}]},{"id":"6e35c2ec-6361-5a90-a52b-2b9af1fc07a5","key":"chut-drill-04-spot","type":"spot","prompt":"Which Thai spelling means \"set / combo\"?","payload":{},"options":[{"text":"ชุด","isCorrect":true},{"text":"ชาด"},{"text":"สด"},{"text":"ชดุ"}]},{"id":"f533d512-ef1d-59d1-a42b-a53b713e4eeb","key":"chut-drill-05-sound","type":"sound","prompt":"How does the final ด sound in ชุด?","payload":{},"options":[{"text":"d"},{"text":"t","isCorrect":true},{"text":"n"},{"text":"silent"}]}]}}'::jsonb, '7ab5423b022c91afec5c5a575dc6e84eec4183028fcae21c5149e1f43cbd9ad9', '2026-04-30T00:00:00+00:00'::timestamptz),
  ('3785d71c-3918-5276-ad7b-6f6d07fa48c9'::uuid, '05ef7f1d-533e-5a74-afe1-17d35390fa15'::uuid, 'fb4954f1-e326-56e2-a3d1-b4132b60e254'::uuid, 'sip', 9, '{"course":{"id":"7bd9a3e7-a301-5ba5-a796-b90d39498730","slug":"thai","versionId":"92c6b63e-6aab-5f26-af3d-30738bdaaf37","displayVersion":"1.0.0"},"lesson":{"id":"fb4954f1-e326-56e2-a3d1-b4132b60e254","slug":"sip","lessonOrdinal":9,"stage":4,"title":"สิบ — Read Prices Faster","anchor":{"id":"c7f7eeee-be9c-59ec-a5ca-e993cf2d61c4","slug":"sip","text":"สิบ","meaning":"ten","pronunciation":"sìp","categoryKey":"sign","contextNote":"สิบ helps with prices, receipts, and quantity labels. Even one number word gives you real payoff in markets and transit.","segments":[{"text":"สิ","sound":"si"},{"text":"บ","sound":"p"}]},"vocabulary":[{"roleKey":"practice_core","ordinalInRole":1,"isDrillTarget":true,"item":{"id":"19e88090-7511-52e2-a642-6b7417be5672","key":"word-0e2a-0e35","text":"สี","meaning":"color","pronunciation":"sii","categoryKey":"daily","segments":[{"text":"สี","sound":"sii"}],"metadata":{"sourceType":"real"}}},{"roleKey":"practice_core","ordinalInRole":2,"isDrillTarget":true,"item":{"id":"cc6952b1-247e-5295-a69b-5c101bbac32e","key":"word-0e2a-0e32-0e21","text":"สาม","meaning":"three","pronunciation":"saam","categoryKey":"sign","segments":[{"text":"สาม","sound":"saam"}],"metadata":{"sourceType":"real"}}},{"roleKey":"practice_core","ordinalInRole":3,"isDrillTarget":true,"item":{"id":"78a836eb-7d55-50ee-a937-1d175bbb96a6","key":"word-0e2a-0e49-0e21","text":"ส้ม","meaning":"orange","pronunciation":"som","categoryKey":"food","segments":[{"text":"ส้ม","sound":"som"}],"metadata":{"sourceType":"real"}}},{"roleKey":"practice_core","ordinalInRole":4,"isDrillTarget":true,"item":{"id":"3cbedc7a-a552-5f04-a1d8-dcf9b13223e4","key":"word-0e2a-0e19-0e38-0e01","text":"สนุก","meaning":"fun","pronunciation":"sa-nuk","categoryKey":"daily","segments":[{"text":"สะ","sound":"sa"},{"text":"นุก","sound":"nuk"}],"metadata":{"sourceType":"real"}}},{"roleKey":"practice_core","ordinalInRole":5,"isDrillTarget":true,"item":{"id":"8f5f0a36-8b88-5899-a374-902c8ccc7d85","key":"word-0e2a-0e38-0e14","text":"สุด","meaning":"most / end","pronunciation":"sut","categoryKey":"daily","segments":[{"text":"สุด","sound":"sut"}],"metadata":{"sourceType":"real"}}},{"roleKey":"practice_core","ordinalInRole":6,"isDrillTarget":true,"item":{"id":"80d07517-ec44-52c4-a8c0-32a13e8b620f","key":"word-0e2a-0e14","text":"สด","meaning":"fresh","pronunciation":"sot","categoryKey":"food","segments":[{"text":"สด","sound":"sot"}],"metadata":{"sourceType":"real"}}},{"roleKey":"practice_core","ordinalInRole":7,"isDrillTarget":true,"item":{"id":"9bf27553-37c4-5eb4-a25f-3cd94a769825","key":"word-0e2a-0e21-0e38-0e14","text":"สมุด","meaning":"notebook","pronunciation":"sa-mut","categoryKey":"sign","segments":[{"text":"สะ","sound":"sa"},{"text":"มุด","sound":"mut"}],"metadata":{"sourceType":"real"}}},{"roleKey":"practice_extension","ordinalInRole":1,"isDrillTarget":true,"item":{"id":"d9a39e42-58de-53a3-a768-752c144b9c6b","key":"word-0e2a-0e32-0e21-0e2a-0e34-0e1a","text":"สามสิบ","meaning":"thirty","pronunciation":"saam sip","categoryKey":"sign","segments":[{"text":"สาม","sound":"saam"},{"text":"สิบ","sound":"sip"}],"metadata":{"sourceType":"phrase"}}},{"roleKey":"practice_extension","ordinalInRole":2,"isDrillTarget":true,"item":{"id":"79b85f07-1c04-5cf4-aedc-10e88083faf6","key":"word-0e2a-0e49-0e21-0e2a-0e14","text":"ส้มสด","meaning":"fresh oranges","pronunciation":"som sot","categoryKey":"food","segments":[{"text":"ส้ม","sound":"som"},{"text":"สด","sound":"sot"}],"metadata":{"sourceType":"phrase"}}}],"newGraphemes":[{"id":"ae26196d-7a39-57e3-a8c4-061567bf9167","text":"ส","kind":"consonant","romanization":"s","pronunciationHint":"s as in \"sun\"","mnemonic":"ส is ส เสือ (sor suea, tiger). The pointed, striped-looking shape can cue a tiger, and เสือ starts with the crisp s sound.","position":"standalone","details":{"class":"high"},"tags":[]}],"reviewGraphemes":[{"id":"dddb2e02-9aa3-5dde-a2ab-25524fc96559","text":"บ","kind":"consonant","romanization":"b/p","pronunciationHint":"b as in \"bat\" at the start; clipped p at the end","mnemonic":"บ is บ ใบไม้ (bor bai mai, leaf). The open bowl shape can hold a leaf, and ใบไม้ gives you the b sound at the start.","position":"standalone","details":{"class":"mid"},"tags":[]},{"id":"7dba55ea-1ad4-5d3c-a85d-9c7b7a6f3553","text":"ิ","kind":"vowel","romanization":"i","pronunciationHint":"short \"i\" as in \"sit\"","mnemonic":"ิ is the short i mark above the consonant. It has no extra length stroke, so keep the vowel quick in words like กิน.","position":"above","details":{},"tags":[]},{"id":"02613447-13c2-5348-aad7-857e5e6ae103","text":"น","kind":"consonant","romanization":"n","pronunciationHint":"n as in \"no\"","mnemonic":"น is น หนู (nor nuu, mouse). Picture the curl as a little mouse body and tail, and use หนู to lock in the n sound.","position":"standalone","details":{"class":"low"},"tags":[]},{"id":"4cd66937-cf81-571b-ae18-6ae1055dd3ae","text":"ด","kind":"consonant","romanization":"d/t","pronunciationHint":"d as in \"dog\" at the start; clipped t at the end","mnemonic":"ด is ด เด็ก (dor dek, child). Picture the loop as a child''s round head beside a small body; ด starts words with d and closes as t.","position":"standalone","details":{"class":"mid"},"tags":[]},{"id":"9593d6a6-13bb-563d-a33d-b01dd74e3528","text":"ช","kind":"consonant","romanization":"ch","pronunciationHint":"ch as in \"check\"","mnemonic":"ช is ช ช้าง (chor chaang, elephant). Picture the long dropping stroke as an elephant trunk, and use ช้าง for the ch sound.","position":"standalone","details":{"class":"low"},"tags":[]},{"id":"a57ca296-4754-50f0-aad0-9856fff5c81d","text":"ุ","kind":"vowel","romanization":"u","pronunciationHint":"short \"u\" as in \"put\"","mnemonic":"ุ is the short u mark tucked under the consonant. Low on the page and short in sound: use it for the quick u in ชุด.","position":"below","details":{},"tags":[]}],"rules":[{"id":"1a204ee8-b537-5026-a80e-84c60be7b87d","key":"initial-s-sound","name":"Initial ส Gives You S","shortDescription":"At the start of a syllable, ส is a clean s sound","explanation":"Thai has several letters that can map to an s-like sound, but you do not need them all at once. Start with ส because it appears constantly in useful words, labels, and polite formulas.","examples":[{"text":"สิบ = sìp"},{"text":"สด = sòt"}]},{"id":"a81aec16-221e-590d-a79d-ca348451a472","key":"final-b-to-p","name":"Final บ Closes as P","shortDescription":"At the end of a word, บ does not stay a full b sound","explanation":"Like several Thai final consonants, บ gets clipped at the end of a syllable. In สิบ, your lips close for p without the full released English b sound.","examples":[{"text":"สิบ = sìp"},{"text":"บัส = bát"}]}],"drills":[{"id":"acc21424-6128-5919-a890-2a2c4ac0c784","key":"sip-drill-01-recognize","type":"recognize","prompt":"Which letter makes the \"s\" sound?","payload":{},"options":[{"text":"ส","isCorrect":true},{"text":"ช"},{"text":"ร"},{"text":"บ"}]},{"id":"f12da006-4547-53fe-ac15-725c30c4746c","key":"sip-drill-02-match","type":"match","prompt":"What does สิบ mean?","payload":{},"options":[{"text":"rice"},{"text":"shop"},{"text":"ten","isCorrect":true},{"text":"mother"}]},{"id":"106c959c-12be-57d5-ae47-989845755e78","key":"sip-drill-03-sound","type":"sound","prompt":"Why does final บ in สิบ sound like p?","payload":{},"options":[{"text":"Thai drops all final consonants"},{"text":"final บ closes as p in Thai","isCorrect":true},{"text":"the tone mark changes it"},{"text":"the vowel makes it silent"}]},{"id":"02af70d4-c198-587f-aa33-3b8717f34737","key":"sip-drill-04-spot","type":"spot","prompt":"Which Thai spelling means \"ten\"?","payload":{},"options":[{"text":"สิบ","isCorrect":true},{"text":"บิส"},{"text":"สด"},{"text":"สบิ"}]},{"id":"df92c923-c1a1-513a-a6ab-ea02c5bf16df","key":"sip-drill-05-sound","type":"sound","prompt":"How do you pronounce สิบ?","payload":{},"options":[{"text":"sib"},{"text":"sii"},{"text":"sip","isCorrect":true},{"text":"sup"}]}]}}'::jsonb, '348b2920f7029e8661bfe76aa132dbd0a5713973041825575371b461249f7b00', '2026-04-30T00:00:00+00:00'::timestamptz),
  ('a254cee8-2991-5cd1-aac1-883d929d4cd7'::uuid, '05ef7f1d-533e-5a74-afe1-17d35390fa15'::uuid, '489857d0-a162-5afa-a7bb-c797b5761864'::uuid, 'khao', 10, '{"course":{"id":"7bd9a3e7-a301-5ba5-a796-b90d39498730","slug":"thai","versionId":"92c6b63e-6aab-5f26-af3d-30738bdaaf37","displayVersion":"1.0.0"},"lesson":{"id":"489857d0-a162-5afa-a7bb-c797b5761864","slug":"khao","lessonOrdinal":10,"stage":5,"title":"ข้าว — A Survival Food Word","anchor":{"id":"cc47d33e-ee3d-50dc-a6ce-b3d61029996d","slug":"khao","text":"ข้าว","meaning":"rice","pronunciation":"khâao","categoryKey":"food","contextNote":"ข้าว is one of the highest-value food words in Thailand. It appears on menus, in meal names, and in everyday conversation.","segments":[{"text":"ข้า","sound":"khaa"},{"text":"ว","sound":"w glide"}]},"vocabulary":[{"roleKey":"practice_core","ordinalInRole":1,"isDrillTarget":true,"item":{"id":"49d998d8-81d7-509b-ab5c-b6fab9b2e9c3","key":"word-0e02-0e27-0e32","text":"ขวา","meaning":"right side","pronunciation":"khwaa","categoryKey":"sign","segments":[{"text":"ขวา","sound":"khwaa"}],"metadata":{"sourceType":"real"}}},{"roleKey":"practice_core","ordinalInRole":2,"isDrillTarget":true,"item":{"id":"ad5f5493-0875-5b14-a014-ed4c5d2d7a8a","key":"word-0e02-0e48-0e32-0e27","text":"ข่าว","meaning":"news","pronunciation":"khaao","categoryKey":"sign","segments":[{"text":"ข่าว","sound":"khaao"}],"metadata":{"sourceType":"real"}}},{"roleKey":"practice_core","ordinalInRole":3,"isDrillTarget":true,"item":{"id":"4b277ab9-99f9-523d-a6b3-895443e63944","key":"word-0e02-0e32-0e27","text":"ขาว","meaning":"white","pronunciation":"khaao","categoryKey":"daily","segments":[{"text":"ขาว","sound":"khaao"}],"metadata":{"sourceType":"real"}}},{"roleKey":"practice_core","ordinalInRole":4,"isDrillTarget":true,"item":{"id":"8a92dbf1-5054-53f5-a5a4-6a75e342a6ee","key":"word-0e02-0e27-0e14","text":"ขวด","meaning":"bottle","pronunciation":"khuat","categoryKey":"daily","segments":[{"text":"ขวด","sound":"khuat"}],"metadata":{"sourceType":"real"}}},{"roleKey":"practice_core","ordinalInRole":5,"isDrillTarget":true,"item":{"id":"ecee6e47-ebbb-5dae-aad2-38cfec474745","key":"word-0e02-0e32","text":"ขา","meaning":"leg","pronunciation":"khaa","categoryKey":"daily","segments":[{"text":"ขา","sound":"khaa"}],"metadata":{"sourceType":"real"}}},{"roleKey":"practice_core","ordinalInRole":6,"isDrillTarget":true,"item":{"id":"5d489b6f-4e4d-5924-a401-f2c555ed94f8","key":"word-0e02-0e21","text":"ขม","meaning":"bitter","pronunciation":"khom","categoryKey":"food","segments":[{"text":"ขม","sound":"khom"}],"metadata":{"sourceType":"real"}}},{"roleKey":"practice_core","ordinalInRole":7,"isDrillTarget":true,"item":{"id":"1621be98-12f7-5c95-a927-eb04c7ccbdbd","key":"word-0e02-0e32-0e14","text":"ขาด","meaning":"to lack / be torn","pronunciation":"khaat","categoryKey":"daily","segments":[{"text":"ขาด","sound":"khaat"}],"metadata":{"sourceType":"real"}}},{"roleKey":"practice_core","ordinalInRole":8,"isDrillTarget":true,"item":{"id":"27f8a8b4-3ade-5533-a6bc-5a7bb7fdd7f4","key":"word-0e27-0e32-0e14","text":"วาด","meaning":"to draw","pronunciation":"waat","categoryKey":"daily","segments":[{"text":"วาด","sound":"waat"}],"metadata":{"sourceType":"real"}}},{"roleKey":"practice_core","ordinalInRole":9,"isDrillTarget":true,"item":{"id":"04f9ae15-2e7a-57b1-a70e-d8c7c10f10f7","key":"word-0e27-0e48-0e32","text":"ว่า","meaning":"to say / that","pronunciation":"waa","categoryKey":"daily","segments":[{"text":"ว่า","sound":"waa"}],"metadata":{"sourceType":"real"}}},{"roleKey":"practice_core","ordinalInRole":10,"isDrillTarget":true,"item":{"id":"0f38335e-0377-50b9-a08c-34d41e5821ac","key":"word-0e14-0e32-0e27","text":"ดาว","meaning":"star","pronunciation":"daao","categoryKey":"daily","segments":[{"text":"ดาว","sound":"daao"}],"metadata":{"sourceType":"real"}}},{"roleKey":"practice_extension","ordinalInRole":1,"isDrillTarget":true,"item":{"id":"4380bfe9-6e97-500e-afa1-c84528ddd28c","key":"word-0e2a-0e27-0e19","text":"สวน","meaning":"garden / park","pronunciation":"suan","categoryKey":"place","segments":[{"text":"สวน","sound":"suan"}],"metadata":{"sourceType":"real"}}},{"roleKey":"practice_extension","ordinalInRole":2,"isDrillTarget":true,"item":{"id":"bb650142-5eea-5cbe-a533-eaf8abae663d","key":"word-0e02-0e49-0e32-0e27-0e02-0e32-0e27","text":"ข้าวขาว","meaning":"white rice","pronunciation":"khaao khaao","categoryKey":"food","segments":[{"text":"ข้าว","sound":"khaao"},{"text":"ขาว","sound":"khaao"}],"metadata":{"sourceType":"phrase"}}}],"newGraphemes":[{"id":"d9bb0ca4-5089-5ba0-aa79-1bdd09ba86ad","text":"ข","kind":"consonant","romanization":"kh","pronunciationHint":"kh with a puff of air, like the start of \"khaki\"","mnemonic":"ข is ข ไข่ (khor khai, egg). Picture the open curve as an eggshell; ไข่ starts with the puffed kh sound that separates ข from ก.","position":"standalone","details":{"class":"high"},"tags":[]},{"id":"5e1b543b-6be0-5279-a812-4ec61ce2b1dc","text":"ว","kind":"consonant","romanization":"w","pronunciationHint":"w as in \"water\"; can help form vowel glides","mnemonic":"ว is ว แหวน (wor waen, ring). The rounded curl looks like a ring, and แหวน gives you the w sound.","position":"standalone","details":{"class":"low"},"tags":[]}],"reviewGraphemes":[{"id":"f9127074-00ba-5295-aac0-01022b890b89","text":"า","kind":"vowel","romanization":"aa","pronunciationHint":"long \"aa\" as in \"father\"","mnemonic":"า is the right-side long aa stroke. It stands after the consonant and stretches the syllable into the long vowel you hear in มา and กา.","position":"right","details":{},"tags":[]},{"id":"0323b564-2380-5449-aa92-cc5f6772a1a0","text":"ก","kind":"consonant","romanization":"g/k","pronunciationHint":"hard g/k sound; final ก closes like \"k\"","mnemonic":"ก is ก ไก่ (gor gai, chicken), the classic Thai alphabet anchor. Picture the hook as the chicken''s head and beak for the hard g/k sound.","position":"standalone","details":{"class":"mid"},"tags":[]},{"id":"155d0198-aac0-5a9d-a8ab-fb839ccab4f9","text":"ม","kind":"consonant","romanization":"m","pronunciationHint":"m as in \"mother\"","mnemonic":"ม is ม ม้า (mor ma, horse). Picture the tall middle stroke as a horse''s neck and the small loop as its head, then tie that horse word to the m sound.","position":"standalone","details":{"class":"low"},"tags":[]},{"id":"76e47267-9161-5fee-a1e7-f698d88554f8","text":"ร","kind":"consonant","romanization":"r","pronunciationHint":"r as in \"run\" at the start; n at the end in some words","mnemonic":"ร is ร เรือ (ror ruea, boat). Picture the main curve as a boat hull rocking forward, and use เรือ to remember the r sound.","position":"standalone","details":{"class":"low"},"tags":[]},{"id":"56d6049c-5c20-5436-a5d0-37ea5d73fe05","text":"้","kind":"tone_mark","romanization":"mai tho","pronunciationHint":"second tone mark written above the consonant","mnemonic":"้ is mai tho, the second tone mark. It looks heavier than mai ek, a good cue that this is the second above-letter tone mark.","position":"above","details":{},"tags":[]},{"id":"02613447-13c2-5348-aad7-857e5e6ae103","text":"น","kind":"consonant","romanization":"n","pronunciationHint":"n as in \"no\"","mnemonic":"น is น หนู (nor nuu, mouse). Picture the curl as a little mouse body and tail, and use หนู to lock in the n sound.","position":"standalone","details":{"class":"low"},"tags":[]}],"rules":[{"id":"71da4ee2-bbc8-5047-a6bf-bbfd13816bfc","key":"kh-vs-k","name":"ข Adds Air to K","shortDescription":"ข is not the same as ก; it has a stronger puff of air","explanation":"Thai distinguishes plain k sounds from aspirated kh sounds. If you hold your hand in front of your mouth, ข pushes out a little air in a way ก does not.","examples":[{"text":"กา = gaa"},{"text":"ข่าว = khàao"},{"text":"ข้าว = khâao"}]},{"id":"52b3fcea-a418-58db-ad81-2054c133fba1","key":"aaw-glide","name":"ว Can Help Build a Vowel Glide","shortDescription":"In words like ข้าว, ว helps shape the ending vowel sound instead of behaving like a full separate consonant","explanation":"Not every written consonant is heard as a clean standalone consonant. In ข้าว, ว helps form the -าว ending, so you hear a smooth glide rather than a sharp final w.","examples":[{"text":"ข่าว = khàao"},{"text":"ข้าว = khâao"}]}],"drills":[{"id":"9277e873-bfa3-53f7-a26f-72549d58727a","key":"khao-drill-01-recognize","type":"recognize","prompt":"Which letter gives the aspirated \"kh\" sound?","payload":{},"options":[{"text":"ก"},{"text":"ข","isCorrect":true},{"text":"บ"},{"text":"ห"}]},{"id":"72b362c6-5874-5eb5-ae33-d322cad13016","key":"khao-drill-02-recognize","type":"recognize","prompt":"Which letter helps build the -าว ending in ข้าว?","payload":{},"options":[{"text":"น"},{"text":"ว","isCorrect":true},{"text":"ร"},{"text":"ล"}]},{"id":"c744f172-4cd7-5f24-a563-6dbefb6498ad","key":"khao-drill-03-match","type":"match","prompt":"What does ข้าว mean?","payload":{},"options":[{"text":"rice","isCorrect":true},{"text":"fresh"},{"text":"ten"},{"text":"mother"}]},{"id":"a54b1113-2c41-5e38-a0a6-f4ed6ce3b6f3","key":"khao-drill-04-spot","type":"spot","prompt":"Which Thai spelling means \"rice\"?","payload":{},"options":[{"text":"ข้าว","isCorrect":true},{"text":"ขาว"},{"text":"ข้า"},{"text":"ขน"}]},{"id":"62a04a09-d6ca-5d0c-a968-c3a5a904b052","key":"khao-drill-05-sound","type":"sound","prompt":"What is the key difference between ก and ข?","payload":{},"options":[{"text":"ก is nasal and ข is silent"},{"text":"ข has a puff of air and ก does not","isCorrect":true},{"text":"they sound the same"},{"text":"ข is only used at the end of words"}]}]}}'::jsonb, '1170ed354b10d63b0a44abe3b703f8f21a98d6c8eaabda41d8d98ea6bf134cc9', '2026-04-30T00:00:00+00:00'::timestamptz),
  ('a606d673-c171-56e5-a0a8-09a4dee06c2f'::uuid, '05ef7f1d-533e-5a74-afe1-17d35390fa15'::uuid, '6a8b53e3-50a0-5db3-a089-a15c56bc01c6'::uuid, 'moo', 11, '{"course":{"id":"7bd9a3e7-a301-5ba5-a796-b90d39498730","slug":"thai","versionId":"92c6b63e-6aab-5f26-af3d-30738bdaaf37","displayVersion":"1.0.0"},"lesson":{"id":"6a8b53e3-50a0-5db3-a089-a15c56bc01c6","slug":"moo","lessonOrdinal":11,"stage":5,"title":"หมู — Leading ห in a Real Menu Word","anchor":{"id":"c771541d-bc22-55d6-ade9-52b9d986cfe2","slug":"moo","text":"หมู","meaning":"pork","pronunciation":"mǔu","categoryKey":"food","contextNote":"หมู is everywhere on Thai menus. It is also the cleanest early example of the leading-ห pattern that learners need sooner rather than later.","segments":[{"text":"ห","sound":"leading h"},{"text":"มู","sound":"muu"}]},"vocabulary":[{"roleKey":"practice_core","ordinalInRole":1,"isDrillTarget":true,"item":{"id":"8add2650-ea68-509f-ae3d-8c35db8b7b59","key":"word-0e2b-0e39","text":"หู","meaning":"ear","pronunciation":"huu","categoryKey":"daily","segments":[{"text":"หู","sound":"huu"}],"metadata":{"sourceType":"real"}}},{"roleKey":"practice_core","ordinalInRole":2,"isDrillTarget":true,"item":{"id":"8c79ebe5-9b38-5d70-a534-b40b909e194e","key":"word-0e2b-0e21-0e32","text":"หมา","meaning":"dog","pronunciation":"maa","categoryKey":"daily","segments":[{"text":"หมา","sound":"maa"}],"metadata":{"sourceType":"real"}}},{"roleKey":"practice_core","ordinalInRole":3,"isDrillTarget":true,"item":{"id":"f4755169-67ed-53b6-ac5f-8f9c0b01cc4f","key":"word-0e2b-0e32","text":"หา","meaning":"to look for","pronunciation":"haa","categoryKey":"daily","segments":[{"text":"หา","sound":"haa"}],"metadata":{"sourceType":"real"}}},{"roleKey":"practice_core","ordinalInRole":4,"isDrillTarget":true,"item":{"id":"f12c3344-3a1f-53c0-a42e-0f068f47080c","key":"word-0e23-0e39-0e49","text":"รู้","meaning":"to know","pronunciation":"ruu","categoryKey":"daily","segments":[{"text":"รู้","sound":"ruu"}],"metadata":{"sourceType":"real"}}},{"roleKey":"practice_core","ordinalInRole":5,"isDrillTarget":true,"item":{"id":"598027dc-4153-5c7b-adcd-e5c1fecc9140","key":"word-0e14-0e39","text":"ดู","meaning":"to watch","pronunciation":"duu","categoryKey":"daily","segments":[{"text":"ดู","sound":"duu"}],"metadata":{"sourceType":"real"}}},{"roleKey":"practice_core","ordinalInRole":6,"isDrillTarget":true,"item":{"id":"cda49f45-c2e6-58b2-ad64-ce6066aeb0fa","key":"word-0e2b-0e34-0e27","text":"หิว","meaning":"hungry","pronunciation":"hiw","categoryKey":"daily","segments":[{"text":"หิว","sound":"hiw"}],"metadata":{"sourceType":"real"}}},{"roleKey":"practice_core","ordinalInRole":7,"isDrillTarget":true,"item":{"id":"52c43174-6f7b-563d-a0cc-490c2598a58a","key":"word-0e2b-0e21-0e14","text":"หมด","meaning":"all gone","pronunciation":"mot","categoryKey":"daily","segments":[{"text":"หมด","sound":"mot"}],"metadata":{"sourceType":"real"}}},{"roleKey":"practice_core","ordinalInRole":8,"isDrillTarget":true,"item":{"id":"0edbc717-9d7f-5069-ad5a-fd22c5ec3c54","key":"word-0e25-0e39-0e01","text":"ลูก","meaning":"child","pronunciation":"luuk","categoryKey":"daily","segments":[{"text":"ลูก","sound":"luuk"}],"metadata":{"sourceType":"real"}}},{"roleKey":"practice_core","ordinalInRole":9,"isDrillTarget":true,"item":{"id":"7c54b99c-c014-5d9d-abe1-b92bbc15d050","key":"word-0e15-0e39-0e49","text":"ตู้","meaning":"cabinet","pronunciation":"tuu","categoryKey":"place","segments":[{"text":"ตู้","sound":"tuu"}],"metadata":{"sourceType":"real"}}},{"roleKey":"practice_core","ordinalInRole":10,"isDrillTarget":true,"item":{"id":"cbbf92fe-74b0-5d46-a1d9-9b5e2e19cff2","key":"word-0e2a-0e39-0e49","text":"สู้","meaning":"to fight","pronunciation":"suu","categoryKey":"daily","segments":[{"text":"สู้","sound":"suu"}],"metadata":{"sourceType":"real"}}},{"roleKey":"practice_extension","ordinalInRole":1,"isDrillTarget":true,"item":{"id":"c7fa958a-64c3-52ea-a4ba-845f0a7feb4e","key":"word-0e2b-0e27-0e32-0e19","text":"หวาน","meaning":"sweet","pronunciation":"waan","categoryKey":"food","segments":[{"text":"หวาน","sound":"waan"}],"metadata":{"sourceType":"real"}}},{"roleKey":"practice_extension","ordinalInRole":2,"isDrillTarget":true,"item":{"id":"8968cae3-fe97-5863-af6c-6932e5f2d4fb","key":"word-0e2b-0e49-0e32-0e21","text":"ห้าม","meaning":"forbidden / do not","pronunciation":"haam","categoryKey":"sign","segments":[{"text":"ห้าม","sound":"haam"}],"metadata":{"sourceType":"real"}}},{"roleKey":"practice_extension","ordinalInRole":3,"isDrillTarget":true,"item":{"id":"7ba77c91-000c-5258-aff4-7680dd07e122","key":"word-0e2b-0e34-0e27-0e21-0e32-0e01","text":"หิวมาก","meaning":"very hungry","pronunciation":"hiw maak","categoryKey":"daily","segments":[{"text":"หิว","sound":"hiw"},{"text":"มาก","sound":"maak"}],"metadata":{"sourceType":"phrase"}}},{"roleKey":"practice_extension","ordinalInRole":4,"isDrillTarget":true,"item":{"id":"1aa8932e-9563-5621-aaec-4477efb463ff","key":"word-0e2b-0e21-0e39-0e2a-0e14","text":"หมูสด","meaning":"fresh pork","pronunciation":"muu sot","categoryKey":"food","segments":[{"text":"หมู","sound":"muu"},{"text":"สด","sound":"sot"}],"metadata":{"sourceType":"phrase"}}}],"newGraphemes":[{"id":"98079396-6adf-5409-a63c-121764a3840e","text":"ห","kind":"consonant","romanization":"h","pronunciationHint":"h as in \"hello\"; often used as a leading tone helper","mnemonic":"ห is ห หีบ (hor hiip, chest). Picture the tall shape as a chest with a lid; in words like หมู, this h-letter can also guide the tone.","position":"standalone","details":{"class":"high"},"tags":[]},{"id":"6cbd6547-63c8-52cd-a2e5-378aa42e3e46","text":"ู","kind":"vowel","romanization":"uu","pronunciationHint":"long \"oo\" as in \"food\"","mnemonic":"ู is the long uu mark below the consonant. It is like ุ with a longer lower tail, so let the oo sound run longer.","position":"below","details":{},"tags":[]}],"reviewGraphemes":[{"id":"155d0198-aac0-5a9d-a8ab-fb839ccab4f9","text":"ม","kind":"consonant","romanization":"m","pronunciationHint":"m as in \"mother\"","mnemonic":"ม is ม ม้า (mor ma, horse). Picture the tall middle stroke as a horse''s neck and the small loop as its head, then tie that horse word to the m sound.","position":"standalone","details":{"class":"low"},"tags":[]},{"id":"d9bb0ca4-5089-5ba0-aa79-1bdd09ba86ad","text":"ข","kind":"consonant","romanization":"kh","pronunciationHint":"kh with a puff of air, like the start of \"khaki\"","mnemonic":"ข is ข ไข่ (khor khai, egg). Picture the open curve as an eggshell; ไข่ starts with the puffed kh sound that separates ข from ก.","position":"standalone","details":{"class":"high"},"tags":[]},{"id":"f9127074-00ba-5295-aac0-01022b890b89","text":"า","kind":"vowel","romanization":"aa","pronunciationHint":"long \"aa\" as in \"father\"","mnemonic":"า is the right-side long aa stroke. It stands after the consonant and stretches the syllable into the long vowel you hear in มา and กา.","position":"right","details":{},"tags":[]},{"id":"5e1b543b-6be0-5279-a812-4ec61ce2b1dc","text":"ว","kind":"consonant","romanization":"w","pronunciationHint":"w as in \"water\"; can help form vowel glides","mnemonic":"ว is ว แหวน (wor waen, ring). The rounded curl looks like a ring, and แหวน gives you the w sound.","position":"standalone","details":{"class":"low"},"tags":[]}],"rules":[{"id":"62ade15b-2ecf-5726-a1dd-6689ff8c548e","key":"leading-h-pattern","name":"Leading ห Changes the Tone Pattern","shortDescription":"In common words like หมู, ห helps a following low consonant behave differently","explanation":"This is one of the Thai chunks worth learning as a whole. In words like หมู, the ห is not there to give you a full h sound before every letter. It helps control the syllable pattern of the low consonant that follows.","examples":[{"text":"หมู = mǔu"},{"text":"หมอ = mǎaw"}]},{"id":"d5b18e8e-9a1e-5ea5-a808-651961f8dfb4","key":"long-uu-below","name":"Long ู Sits Below","shortDescription":"The long oo vowel is written below the consonant","explanation":"Thai uses the space below the line too. In หมู and หู, the vowel ู sits under the consonant and gives you a long oo sound.","examples":[{"text":"หมู = mǔu"},{"text":"ดู = duu"}]}],"drills":[{"id":"aee4f232-92da-5ff9-ab9a-4f6159e0013a","key":"moo-drill-01-recognize","type":"recognize","prompt":"Which letter is the leading ห in หมู?","payload":{},"options":[{"text":"ห","isCorrect":true},{"text":"ม"},{"text":"ข"},{"text":"อ"}]},{"id":"88afeac6-4549-51f2-a692-0619b08828d8","key":"moo-drill-02-recognize","type":"recognize","prompt":"Which vowel makes the long \"oo\" sound?","payload":{},"options":[{"text":"ุ"},{"text":"ู","isCorrect":true},{"text":"ิ"},{"text":"ี"}]},{"id":"8b2a3c3c-c41d-5097-afcd-6ae79c70b553","key":"moo-drill-03-match","type":"match","prompt":"What does หมู mean?","payload":{},"options":[{"text":"pork","isCorrect":true},{"text":"rice"},{"text":"shop"},{"text":"food"}]},{"id":"de1ce793-e310-5856-a6da-cabd69b2e3d9","key":"moo-drill-04-spot","type":"spot","prompt":"Which Thai spelling means \"pork\"?","payload":{},"options":[{"text":"หมู","isCorrect":true},{"text":"มู"},{"text":"หมา"},{"text":"ขู"}]},{"id":"81bb588d-fda4-5b93-ac8d-d7b10794035c","key":"moo-drill-05-sound","type":"sound","prompt":"Why is ห useful in words like หมู?","payload":{},"options":[{"text":"It adds a final consonant"},{"text":"It changes the tone pattern of the low consonant that follows","isCorrect":true},{"text":"It marks plural"},{"text":"It makes the vowel longer all by itself"}]}]}}'::jsonb, 'ef0fc941b0d0d80bde29de0b16a34bff4ee302546ee396099a78215359e0d1a7', '2026-04-30T00:00:00+00:00'::timestamptz),
  ('96311bdb-d7ff-5120-a392-2a9046da278b'::uuid, '05ef7f1d-533e-5a74-afe1-17d35390fa15'::uuid, 'e387c914-ad75-5a7c-a972-cf079418042d'::uuid, 'ahan', 12, '{"course":{"id":"7bd9a3e7-a301-5ba5-a796-b90d39498730","slug":"thai","versionId":"92c6b63e-6aab-5f26-af3d-30738bdaaf37","displayVersion":"1.0.0"},"lesson":{"id":"e387c914-ad75-5a7c-a972-cf079418042d","slug":"ahan","lessonOrdinal":12,"stage":5,"title":"อาหาร — Silent Carrier, Useful Sign","anchor":{"id":"01409ff0-7f6d-54f3-ab1e-8e428d0ca405","slug":"ahan","text":"อาหาร","meaning":"food","pronunciation":"aa-hǎan","categoryKey":"food","contextNote":"อาหาร appears on restaurant signs, food courts, and delivery labels. Once you can read ร้านอาหาร, the street starts feeling more legible.","segments":[{"text":"อา","sound":"aa"},{"text":"หา","sound":"hǎa"},{"text":"ร","sound":"n"}]},"vocabulary":[{"roleKey":"practice_core","ordinalInRole":1,"isDrillTarget":true,"item":{"id":"c0ae7fff-a846-5198-af67-4174b5a833ab","key":"word-0e2d-0e2d-0e01","text":"ออก","meaning":"to exit / go out","pronunciation":"awk","categoryKey":"sign","segments":[{"text":"ออก","sound":"awk"}],"metadata":{"sourceType":"real"}}},{"roleKey":"practice_core","ordinalInRole":2,"isDrillTarget":true,"item":{"id":"46902c0d-543a-55e1-ab8a-e5d2c299ab39","key":"word-0e02-0e2d","text":"ขอ","meaning":"to ask for","pronunciation":"khaaw","categoryKey":"daily","segments":[{"text":"ขอ","sound":"khaaw"}],"metadata":{"sourceType":"real"}}},{"roleKey":"practice_core","ordinalInRole":3,"isDrillTarget":true,"item":{"id":"7debb9fb-b969-59fa-a6de-bda8eb99829c","key":"word-0e0a-0e2d-0e1a","text":"ชอบ","meaning":"to like","pronunciation":"chaawp","categoryKey":"daily","segments":[{"text":"ชอบ","sound":"chaawp"}],"metadata":{"sourceType":"real"}}},{"roleKey":"practice_core","ordinalInRole":4,"isDrillTarget":true,"item":{"id":"e1949758-58f1-594e-a1c4-fff2d139bc20","key":"word-0e23-0e49-0e2d-0e19","text":"ร้อน","meaning":"hot","pronunciation":"raawn","categoryKey":"daily","segments":[{"text":"ร้อน","sound":"raawn"}],"metadata":{"sourceType":"real"}}},{"roleKey":"practice_core","ordinalInRole":5,"isDrillTarget":true,"item":{"id":"be7afec8-972c-5cc1-a833-fa707d436cd8","key":"word-0e23-0e2d","text":"รอ","meaning":"to wait","pronunciation":"raaw","categoryKey":"daily","segments":[{"text":"รอ","sound":"raaw"}],"metadata":{"sourceType":"real"}}},{"roleKey":"practice_core","ordinalInRole":6,"isDrillTarget":true,"item":{"id":"f6aa72e4-6ec4-5756-a920-7e868f166d6d","key":"word-0e1a-0e2d-0e01","text":"บอก","meaning":"to tell","pronunciation":"baawk","categoryKey":"daily","segments":[{"text":"บอก","sound":"baawk"}],"metadata":{"sourceType":"real"}}},{"roleKey":"practice_core","ordinalInRole":7,"isDrillTarget":true,"item":{"id":"1bf9cebe-27d0-5606-a9f6-96d3eaf3b7fb","key":"word-0e2b-0e21-0e2d","text":"หมอ","meaning":"doctor","pronunciation":"maaw","categoryKey":"daily","segments":[{"text":"หมอ","sound":"maaw"}],"metadata":{"sourceType":"real"}}},{"roleKey":"practice_core","ordinalInRole":8,"isDrillTarget":true,"item":{"id":"cae64235-6767-58f0-ac6b-dd2e62c23141","key":"word-0e14-0e2d-0e01","text":"ดอก","meaning":"flower","pronunciation":"daawk","categoryKey":"daily","segments":[{"text":"ดอก","sound":"daawk"}],"metadata":{"sourceType":"real"}}},{"roleKey":"practice_core","ordinalInRole":9,"isDrillTarget":true,"item":{"id":"a1b845ac-b7ec-57bc-ae29-1151128172f0","key":"word-0e2b-0e2d-0e21","text":"หอม","meaning":"fragrant","pronunciation":"haawm","categoryKey":"daily","segments":[{"text":"หอม","sound":"haawm"}],"metadata":{"sourceType":"real"}}},{"roleKey":"practice_core","ordinalInRole":10,"isDrillTarget":true,"item":{"id":"7f0cf283-d9f0-5d82-a968-3c8605cfb741","key":"word-0e15-0e2d-0e1a","text":"ตอบ","meaning":"to answer","pronunciation":"dtaawp","categoryKey":"daily","segments":[{"text":"ตอบ","sound":"dtaawp"}],"metadata":{"sourceType":"real"}}},{"roleKey":"practice_extension","ordinalInRole":1,"isDrillTarget":true,"item":{"id":"6e3d61d8-c2a8-5d55-aaff-4512b69e43da","key":"word-0e2d-0e49-0e27-0e19","text":"อ้วน","meaning":"fat / overweight","pronunciation":"uuan","categoryKey":"daily","segments":[{"text":"อ้วน","sound":"uuan"}],"metadata":{"sourceType":"real"}}},{"roleKey":"practice_extension","ordinalInRole":2,"isDrillTarget":true,"item":{"id":"038d8c5a-b113-5036-afe0-83c560b4e838","key":"word-0e02-0e2d-0e0a-0e32","text":"ขอชา","meaning":"may I have tea","pronunciation":"khaaw chaa","categoryKey":"food","segments":[{"text":"ขอ","sound":"khaaw"},{"text":"ชา","sound":"chaa"}],"metadata":{"sourceType":"phrase"}}},{"roleKey":"practice_extension","ordinalInRole":3,"isDrillTarget":true,"item":{"id":"f7ae2242-6833-5d1c-a43c-9d4c8c3afd39","key":"word-0e0a-0e2d-0e1a-0e21-0e32-0e01","text":"ชอบมาก","meaning":"like very much","pronunciation":"chaawp maak","categoryKey":"daily","segments":[{"text":"ชอบ","sound":"chaawp"},{"text":"มาก","sound":"maak"}],"metadata":{"sourceType":"phrase"}}}],"newGraphemes":[{"id":"d6388a97-b0cb-5594-af90-48fd4c770e0f","text":"อ","kind":"consonant","romanization":"silent carrier","pronunciationHint":"placeholder consonant used when a syllable begins with a vowel sound","mnemonic":"อ is อ อ่าง (or aang, basin). The round basin shape can hold a vowel, which fits its job as a silent carrier in อา and อาหาร.","position":"standalone","details":{"class":"mid"},"tags":[]}],"reviewGraphemes":[{"id":"98079396-6adf-5409-a63c-121764a3840e","text":"ห","kind":"consonant","romanization":"h","pronunciationHint":"h as in \"hello\"; often used as a leading tone helper","mnemonic":"ห is ห หีบ (hor hiip, chest). Picture the tall shape as a chest with a lid; in words like หมู, this h-letter can also guide the tone.","position":"standalone","details":{"class":"high"},"tags":[]},{"id":"76e47267-9161-5fee-a1e7-f698d88554f8","text":"ร","kind":"consonant","romanization":"r","pronunciationHint":"r as in \"run\" at the start; n at the end in some words","mnemonic":"ร is ร เรือ (ror ruea, boat). Picture the main curve as a boat hull rocking forward, and use เรือ to remember the r sound.","position":"standalone","details":{"class":"low"},"tags":[]},{"id":"f9127074-00ba-5295-aac0-01022b890b89","text":"า","kind":"vowel","romanization":"aa","pronunciationHint":"long \"aa\" as in \"father\"","mnemonic":"า is the right-side long aa stroke. It stands after the consonant and stretches the syllable into the long vowel you hear in มา and กา.","position":"right","details":{},"tags":[]},{"id":"4cd66937-cf81-571b-ae18-6ae1055dd3ae","text":"ด","kind":"consonant","romanization":"d/t","pronunciationHint":"d as in \"dog\" at the start; clipped t at the end","mnemonic":"ด is ด เด็ก (dor dek, child). Picture the loop as a child''s round head beside a small body; ด starts words with d and closes as t.","position":"standalone","details":{"class":"mid"},"tags":[]},{"id":"02613447-13c2-5348-aad7-857e5e6ae103","text":"น","kind":"consonant","romanization":"n","pronunciationHint":"n as in \"no\"","mnemonic":"น is น หนู (nor nuu, mouse). Picture the curl as a little mouse body and tail, and use หนู to lock in the n sound.","position":"standalone","details":{"class":"low"},"tags":[]}],"rules":[{"id":"12476104-aabd-52e5-ad0e-4994d23aec74","key":"silent-carrier","name":"อ Can Carry a Vowel Silently","shortDescription":"Thai still wants a consonant slot even when the syllable begins with a vowel sound","explanation":"In อาหาร, the first syllable sounds like aa, but Thai still writes a consonant letter to hold that opening vowel. อ acts as the carrier without adding a strong sound of its own.","examples":[{"text":"อา = aa"},{"text":"อาหาร = aa-hǎan"}]},{"id":"b144050a-1ef9-53f3-ae3c-d669fc4571f3","key":"final-r-to-n","name":"Final ร Often Sounds Like \"n\"","shortDescription":"At the end of a syllable, ร is often heard as \"n\" instead of a full r","explanation":"Thai final consonants do not always match their initial sounds. In อาหาร, the final ร is not read as a strong r. It closes the word with an n-like ending instead.","examples":[{"text":"อาหาร = aa-hǎan"},{"text":"สาร = sǎan"}]}],"drills":[{"id":"1b4dcf0d-6c4b-508e-a299-8c8d60f12f33","key":"ahan-drill-01-recognize","type":"recognize","prompt":"Which letter is the silent carrier?","payload":{},"options":[{"text":"อ","isCorrect":true},{"text":"ห"},{"text":"ร"},{"text":"ว"}]},{"id":"f802dbbd-32dc-5fc5-a3ec-03038e9fe5c8","key":"ahan-drill-02-match","type":"match","prompt":"What does อาหาร mean?","payload":{},"options":[{"text":"food","isCorrect":true},{"text":"set menu"},{"text":"mother"},{"text":"to fly"}]},{"id":"143f1ddd-6c90-53a5-aca3-03d10ecb8226","key":"ahan-drill-03-spot","type":"spot","prompt":"Which Thai spelling means \"food\"?","payload":{},"options":[{"text":"อาหาร","isCorrect":true},{"text":"หารอา"},{"text":"หมู"},{"text":"ผัด"}]},{"id":"afd544e1-be46-5ddc-a9bb-a97a33eee37a","key":"ahan-drill-04-sound","type":"sound","prompt":"How does the final ร sound in อาหาร?","payload":{},"options":[{"text":"r"},{"text":"l"},{"text":"n","isCorrect":true},{"text":"silent"}]},{"id":"b917b9b7-a124-51ac-a09a-ac2df18d12cd","key":"ahan-drill-05-recognize","type":"recognize","prompt":"Why does อาหาร begin with อ?","payload":{},"options":[{"text":"It marks plural"},{"text":"Thai needs a consonant slot, so อ carries the opening vowel","isCorrect":true},{"text":"It is only decorative"},{"text":"It always means the word is formal"}]}]}}'::jsonb, 'eb87389c98afd206e52854afc1159efa65f81bec8527736a5d8ef10bd893002e', '2026-04-30T00:00:00+00:00'::timestamptz),
  ('f41342dd-6644-59cb-a627-4f879f99628e'::uuid, '05ef7f1d-533e-5a74-afe1-17d35390fa15'::uuid, '227b7204-c818-5c7c-ad68-654e72285cd6'::uuid, 'phat', 13, '{"course":{"id":"7bd9a3e7-a301-5ba5-a796-b90d39498730","slug":"thai","versionId":"92c6b63e-6aab-5f26-af3d-30738bdaaf37","displayVersion":"1.0.0"},"lesson":{"id":"227b7204-c818-5c7c-ad68-654e72285cd6","slug":"phat","lessonOrdinal":13,"stage":5,"title":"ผัด — Unlock Stir-Fry Words","anchor":{"id":"d2faba91-170e-5cef-ad0b-7f3a04ac6143","slug":"phat","text":"ผัด","meaning":"stir-fry","pronunciation":"phàt","categoryKey":"food","contextNote":"ผัด appears on some of the most common Thai dishes, from ผัดไทย to vegetable stir-fries. It is one of the highest-value cooking words you can learn.","segments":[{"text":"ผั","sound":"pha"},{"text":"ด","sound":"t"}]},"vocabulary":[{"roleKey":"practice_core","ordinalInRole":1,"isDrillTarget":true,"item":{"id":"b0c734f8-b446-5b48-ab6f-188e3678a636","key":"word-0e1c-0e31-0e01","text":"ผัก","meaning":"vegetables","pronunciation":"phak","categoryKey":"food","segments":[{"text":"ผัก","sound":"phak"}],"metadata":{"sourceType":"real"}}},{"roleKey":"practice_core","ordinalInRole":2,"isDrillTarget":true,"item":{"id":"dad63552-fe4a-55e4-a8e1-9e0804d5a448","key":"word-0e1c-0e21","text":"ผม","meaning":"I / hair","pronunciation":"phom","categoryKey":"daily","segments":[{"text":"ผม","sound":"phom"}],"metadata":{"sourceType":"real"}}},{"roleKey":"practice_core","ordinalInRole":3,"isDrillTarget":true,"item":{"id":"07330a77-9112-51d7-a364-42c132bc7614","key":"word-0e23-0e31-0e01","text":"รัก","meaning":"to love","pronunciation":"rak","categoryKey":"daily","segments":[{"text":"รัก","sound":"rak"}],"metadata":{"sourceType":"real"}}},{"roleKey":"practice_core","ordinalInRole":4,"isDrillTarget":true,"item":{"id":"5d73dcdf-4d91-5d90-ad80-d7c6c4d1c3a7","key":"word-0e27-0e31-0e19","text":"วัน","meaning":"day","pronunciation":"wan","categoryKey":"sign","segments":[{"text":"วัน","sound":"wan"}],"metadata":{"sourceType":"real"}}},{"roleKey":"practice_core","ordinalInRole":5,"isDrillTarget":true,"item":{"id":"60e93954-b63a-52aa-a0ea-881bda6a7364","key":"word-0e21-0e31-0e19","text":"มัน","meaning":"it / oily","pronunciation":"man","categoryKey":"daily","segments":[{"text":"มัน","sound":"man"}],"metadata":{"sourceType":"real"}}},{"roleKey":"practice_core","ordinalInRole":6,"isDrillTarget":true,"item":{"id":"2ef7151f-6563-5b7b-a5e9-fe8de6c75f66","key":"word-0e27-0e31-0e14","text":"วัด","meaning":"temple / to measure","pronunciation":"wat","categoryKey":"place","segments":[{"text":"วัด","sound":"wat"}],"metadata":{"sourceType":"real"}}},{"roleKey":"practice_core","ordinalInRole":7,"isDrillTarget":true,"item":{"id":"a9b39b92-ff0e-56e0-a99a-6e0afc2df519","key":"word-0e23-0e31-0e1a","text":"รับ","meaning":"to receive","pronunciation":"rap","categoryKey":"daily","segments":[{"text":"รับ","sound":"rap"}],"metadata":{"sourceType":"real"}}},{"roleKey":"practice_core","ordinalInRole":8,"isDrillTarget":true,"item":{"id":"47638a79-db13-5297-ad71-1c26b39d6a22","key":"word-0e02-0e31-0e1a","text":"ขับ","meaning":"to drive","pronunciation":"khap","categoryKey":"daily","segments":[{"text":"ขับ","sound":"khap"}],"metadata":{"sourceType":"real"}}},{"roleKey":"practice_core","ordinalInRole":9,"isDrillTarget":true,"item":{"id":"0c3d4a24-2b48-581a-a296-6f0b7480f539","key":"word-0e2b-0e31-0e27","text":"หัว","meaning":"head","pronunciation":"hua","categoryKey":"daily","segments":[{"text":"หัว","sound":"hua"}],"metadata":{"sourceType":"real"}}},{"roleKey":"practice_core","ordinalInRole":10,"isDrillTarget":true,"item":{"id":"cb1240ca-1d7b-5509-a6e2-d53911ecf508","key":"word-0e15-0e31-0e1a","text":"ตับ","meaning":"liver","pronunciation":"dtap","categoryKey":"food","segments":[{"text":"ตับ","sound":"dtap"}],"metadata":{"sourceType":"real"}}},{"roleKey":"practice_extension","ordinalInRole":1,"isDrillTarget":true,"item":{"id":"05a466bf-5f31-5bfa-af06-d11c752c2595","key":"word-0e2a-0e31-0e49-0e19","text":"สั้น","meaning":"short","pronunciation":"san","categoryKey":"daily","segments":[{"text":"สั้น","sound":"san"}],"metadata":{"sourceType":"real"}}},{"roleKey":"practice_extension","ordinalInRole":2,"isDrillTarget":true,"item":{"id":"ee58ba57-f2fb-5b14-a9da-e37e9d0f800f","key":"word-0e1c-0e49-0e32","text":"ผ้า","meaning":"cloth","pronunciation":"phaa","categoryKey":"daily","segments":[{"text":"ผ้า","sound":"phaa"}],"metadata":{"sourceType":"real"}}},{"roleKey":"practice_extension","ordinalInRole":3,"isDrillTarget":true,"item":{"id":"d15b5e1e-de21-5f76-af19-397033576d45","key":"word-0e1c-0e35","text":"ผี","meaning":"ghost","pronunciation":"phii","categoryKey":"daily","segments":[{"text":"ผี","sound":"phii"}],"metadata":{"sourceType":"real"}}},{"roleKey":"practice_extension","ordinalInRole":4,"isDrillTarget":true,"item":{"id":"18d020b7-932a-5d37-a916-eb1cba31dc37","key":"word-0e15-0e31-0e27","text":"ตัว","meaning":"body / self","pronunciation":"dtua","categoryKey":"daily","segments":[{"text":"ตัว","sound":"dtua"}],"metadata":{"sourceType":"real"}}},{"roleKey":"practice_extension","ordinalInRole":5,"isDrillTarget":true,"item":{"id":"82fe7ab6-0023-50d4-a20c-cd5e249f5adc","key":"word-0e1c-0e31-0e14-0e1c-0e31-0e01","text":"ผัดผัก","meaning":"stir-fried vegetables","pronunciation":"phat phak","categoryKey":"food","segments":[{"text":"ผัด","sound":"phat"},{"text":"ผัก","sound":"phak"}],"metadata":{"sourceType":"phrase"}}},{"roleKey":"practice_extension","ordinalInRole":6,"isDrillTarget":true,"item":{"id":"ca72f102-44a9-518b-acc8-90b517fabec7","key":"word-0e1c-0e21-0e2b-0e34-0e27","text":"ผมหิว","meaning":"I am hungry","pronunciation":"phom hiw","categoryKey":"daily","segments":[{"text":"ผม","sound":"phom"},{"text":"หิว","sound":"hiw"}],"metadata":{"sourceType":"phrase"}}},{"roleKey":"practice_extension","ordinalInRole":7,"isDrillTarget":true,"item":{"id":"3c992023-814d-5a7d-a46d-28107afdf750","key":"word-0e23-0e31-0e01-0e41-0e21-0e48","text":"รักแม่","meaning":"to love mom","pronunciation":"rak mae","categoryKey":"daily","segments":[{"text":"รัก","sound":"rak"},{"text":"แม่","sound":"mae"}],"metadata":{"sourceType":"phrase"}}}],"newGraphemes":[{"id":"da8975d2-f60a-59f9-a1d2-f55df44b6bfa","text":"ผ","kind":"consonant","romanization":"ph","pronunciationHint":"ph with a puff of air, like the start of \"photo\" without the f sound","mnemonic":"ผ is ผ ผึ้ง (phor phueng, bee). Picture the open shape as wings and body; ผึ้ง starts with the puffed ph sound.","position":"standalone","details":{"class":"high"},"tags":[]},{"id":"6655bad5-f432-5868-aa67-e7247253802f","text":"ั","kind":"vowel","romanization":"a","pronunciationHint":"short \"a\" as in \"cut\"","mnemonic":"ั is the short a cap above the consonant. It sits close and quick, just like the clipped a in ผัด and ผัก.","position":"above","details":{},"tags":[]}],"reviewGraphemes":[{"id":"4cd66937-cf81-571b-ae18-6ae1055dd3ae","text":"ด","kind":"consonant","romanization":"d/t","pronunciationHint":"d as in \"dog\" at the start; clipped t at the end","mnemonic":"ด is ด เด็ก (dor dek, child). Picture the loop as a child''s round head beside a small body; ด starts words with d and closes as t.","position":"standalone","details":{"class":"mid"},"tags":[]},{"id":"5b347f02-b891-5f29-ad35-11da91e7b87c","text":"ต","kind":"consonant","romanization":"t","pronunciationHint":"t as in \"stop\" (unaspirated)","mnemonic":"ต is ต เต่า (tor tao, turtle). Picture the rounded part as a turtle shell with a small head, then read it as the plain t/dt sound.","position":"standalone","details":{"class":"mid"},"tags":[]},{"id":"d9bb0ca4-5089-5ba0-aa79-1bdd09ba86ad","text":"ข","kind":"consonant","romanization":"kh","pronunciationHint":"kh with a puff of air, like the start of \"khaki\"","mnemonic":"ข is ข ไข่ (khor khai, egg). Picture the open curve as an eggshell; ไข่ starts with the puffed kh sound that separates ข from ก.","position":"standalone","details":{"class":"high"},"tags":[]},{"id":"98079396-6adf-5409-a63c-121764a3840e","text":"ห","kind":"consonant","romanization":"h","pronunciationHint":"h as in \"hello\"; often used as a leading tone helper","mnemonic":"ห is ห หีบ (hor hiip, chest). Picture the tall shape as a chest with a lid; in words like หมู, this h-letter can also guide the tone.","position":"standalone","details":{"class":"high"},"tags":[]},{"id":"d6388a97-b0cb-5594-af90-48fd4c770e0f","text":"อ","kind":"consonant","romanization":"silent carrier","pronunciationHint":"placeholder consonant used when a syllable begins with a vowel sound","mnemonic":"อ is อ อ่าง (or aang, basin). The round basin shape can hold a vowel, which fits its job as a silent carrier in อา and อาหาร.","position":"standalone","details":{"class":"mid"},"tags":[]},{"id":"155d0198-aac0-5a9d-a8ab-fb839ccab4f9","text":"ม","kind":"consonant","romanization":"m","pronunciationHint":"m as in \"mother\"","mnemonic":"ม is ม ม้า (mor ma, horse). Picture the tall middle stroke as a horse''s neck and the small loop as its head, then tie that horse word to the m sound.","position":"standalone","details":{"class":"low"},"tags":[]},{"id":"f9127074-00ba-5295-aac0-01022b890b89","text":"า","kind":"vowel","romanization":"aa","pronunciationHint":"long \"aa\" as in \"father\"","mnemonic":"า is the right-side long aa stroke. It stands after the consonant and stretches the syllable into the long vowel you hear in มา and กา.","position":"right","details":{},"tags":[]}],"rules":[{"id":"a760feb3-b11d-5a48-aa4b-dfb7b7a0c055","key":"ph-vs-b","name":"ผ Gives You an Airy Ph Sound","shortDescription":"ผ is not the same as บ; it starts with a stronger puff of air","explanation":"Thai distinguishes plain b/p-like sounds from aspirated ph sounds. In ผัด, you can feel a burst of air at the start that you do not get with บ.","examples":[{"text":"ผัด = phàt"},{"text":"ผัน = phan"}]},{"id":"80814a05-caf2-5ac2-afd4-5311e1cc970e","key":"short-a-above","name":"Short ั Sits Above","shortDescription":"The short a vowel is written above the consonant","explanation":"Thai uses a small mark above the consonant for the short a sound in words like ผัด. It is quicker and more clipped than the long right-side vowel า you learned earlier.","examples":[{"text":"ผัด = phàt"},{"text":"ผัน = phan"}]}],"drills":[{"id":"62ec9ab5-e2a5-5a39-afa3-ecd5bb5329e4","key":"phat-drill-01-recognize","type":"recognize","prompt":"Which letter makes the aspirated \"ph\" sound?","payload":{},"options":[{"text":"ผ","isCorrect":true},{"text":"บ"},{"text":"ห"},{"text":"ข"}]},{"id":"9f452601-a03f-5cae-adc1-7dd3fa1f3114","key":"phat-drill-02-recognize","type":"recognize","prompt":"Which vowel gives the short \"a\" sound above the consonant?","payload":{},"options":[{"text":"ั","isCorrect":true},{"text":"า"},{"text":"แ"},{"text":"ุ"}]},{"id":"9439e02a-87e1-5211-a4e0-618142290f68","key":"phat-drill-03-match","type":"match","prompt":"What does ผัด mean?","payload":{},"options":[{"text":"stir-fry","isCorrect":true},{"text":"food court"},{"text":"shop"},{"text":"ten"}]},{"id":"d7f90549-40dd-5a16-a101-e7f33354bfaf","key":"phat-drill-04-spot","type":"spot","prompt":"Which Thai spelling means \"stir-fry\"?","payload":{},"options":[{"text":"ผัด","isCorrect":true},{"text":"ผาด"},{"text":"ผาก"},{"text":"ชุด"}]},{"id":"b9806e17-7198-5645-a174-7f5434e9b97c","key":"phat-drill-05-sound","type":"sound","prompt":"Which word shares the same ผั- opening as ผัด?","payload":{},"options":[{"text":"ผัก","isCorrect":true},{"text":"ข้าว"},{"text":"บิน"},{"text":"แม่"}]}]}}'::jsonb, 'a36a5a47092513757951eec5c7b1767511ebe31bf35dd0d0634c318078cea896', '2026-04-30T00:00:00+00:00'::timestamptz);

commit;
